,node_lat,node_long,neigh_lat,neigh_long
0,52.361922377,0.0,9612.297178916,0.0
1,470.241098981,0.0,9612.297178916,0.0
2,470.241098981,0.0,709.349799474,0.0
3,470.241098981,0.0,126.833800718,0.0
4,470.241098981,0.0,1206.595111947,0.0
5,709.349799474,0.0,9612.297178916,0.0
6,709.349799474,0.0,470.241098981,0.0
7,6.90885779,0.0,9612.297178916,0.0
8,6.90885779,0.0,1206.595111947,0.0
9,6.90885779,0.0,2.505496827,0.0
10,323.219537363,0.0,9612.297178916,0.0
11,323.219537363,0.0,722.044440703,0.0
12,323.219537363,0.0,514.88675289,0.0
13,323.219537363,0.0,286.642528194,0.0
14,323.219537363,0.0,683.066143221,0.0
15,323.219537363,0.0,268.404969498,0.0
16,323.219537363,0.0,1386.667162673,0.0
17,323.219537363,0.0,457.843540119,0.0
18,323.219537363,0.0,498.63902062,0.0
19,323.219537363,0.0,409.512088419,0.0
20,286.642528194,0.0,9612.297178916,0.0
21,286.642528194,0.0,470.241098981,0.0
22,286.642528194,0.0,722.044440703,0.0
23,286.642528194,0.0,514.88675289,0.0
24,286.642528194,0.0,683.066143221,0.0
25,286.642528194,0.0,268.404969498,0.0
26,286.642528194,0.0,273.088928052,0.0
27,286.642528194,0.0,498.63902062,0.0
28,286.642528194,0.0,409.512088419,0.0
29,1206.595111947,0.0,9612.297178916,0.0
30,1206.595111947,0.0,64.419018463,0.0
31,1206.595111947,0.0,166.000472564,0.0
32,1206.595111947,0.0,299.511290686,0.0
33,1206.595111947,0.0,61.321457686,0.0
34,1206.595111947,0.0,1458.89830302,0.0
35,1206.595111947,0.0,168.492426194,0.0
36,1206.595111947,0.0,38.052727677,0.0
37,1206.595111947,0.0,200.379024922,0.0
38,1206.595111947,0.0,584.277713263,0.0
39,1206.595111947,0.0,6.90885779,0.0
40,1206.595111947,0.0,557.341013159,0.0
41,1206.595111947,0.0,1154.453958246,0.0
42,1206.595111947,0.0,2829.735120787,0.0
43,1206.595111947,0.0,382.041637174,0.0
44,1206.595111947,0.0,198.213142267,0.0
45,37.833644643,0.0,191.44042852,0.0
46,10.339191115,0.0,191.44042852,0.0
47,382.041637174,0.0,191.44042852,0.0
48,382.041637174,0.0,1206.595111947,0.0
49,382.041637174,0.0,2829.735120787,0.0
50,13.627932806,0.0,70.790128306,0.0
51,13.627932806,0.0,6.891467023,0.0
52,13.627932806,0.0,24.393075621,0.0
53,13.627932806,0.0,16.845346518,0.0
54,13.627932806,0.0,25.210371297,0.0
55,13.627932806,0.0,31.940000062,0.0
56,13.627932806,0.0,16.171154926,0.0
57,13.627932806,0.0,18.425664971,0.0
58,13.627932806,0.0,12.11319811,0.0
59,13.627932806,0.0,17.69454432,0.0
60,13.627932806,0.0,12.128903099,0.0
61,13.627932806,0.0,13.387590061,0.0
62,13.627932806,0.0,25.471798052,0.0
63,13.627932806,0.0,6.866216929,0.0
64,13.627932806,0.0,2.18843452,0.0
65,13.627932806,0.0,12.017629042,0.0
66,13.627932806,0.0,17.501247243,0.0
67,13.627932806,0.0,69.232611588,0.0
68,13.627932806,0.0,5.168069309,0.0
69,13.627932806,0.0,35.296213123,0.0
70,13.627932806,0.0,55.798294359,0.0
71,13.627932806,0.0,13.463816358,0.0
72,6.891467023,0.0,70.790128306,0.0
73,6.891467023,0.0,13.627932806,0.0
74,6.891467023,0.0,20.309502747,0.0
75,6.891467023,0.0,6.39604377,0.0
76,6.891467023,0.0,22.254282903,0.0
77,6.891467023,0.0,14.279837015,0.0
78,6.891467023,0.0,24.393075621,0.0
79,6.891467023,0.0,16.845346518,0.0
80,6.891467023,0.0,82.132467318,0.0
81,6.891467023,0.0,31.940000062,0.0
82,6.891467023,0.0,25.448562517,0.0
83,6.891467023,0.0,16.174970412,0.0
84,6.891467023,0.0,17.926035137,0.0
85,6.891467023,0.0,233.692864157,0.0
86,6.891467023,0.0,13.188256381,0.0
87,6.891467023,0.0,2.937167089,0.0
88,6.891467023,0.0,5.810539423,0.0
89,6.891467023,0.0,3.738556716,0.0
90,6.891467023,0.0,10.545807272,0.0
91,6.891467023,0.0,76.190513876,0.0
92,6.891467023,0.0,166.229730993,0.0
93,6.891467023,0.0,3.267694974,1.0
94,6.891467023,0.0,9.342310384,0.0
95,6.891467023,0.0,26.67006964,0.0
96,6.891467023,0.0,12.11319811,0.0
97,6.891467023,0.0,17.635672416,0.0
98,6.891467023,0.0,12.052625476,0.0
99,6.891467023,0.0,21.4673368,0.0
100,6.891467023,0.0,17.69454432,0.0
101,6.891467023,0.0,12.128903099,0.0
102,6.891467023,0.0,13.387590061,0.0
103,6.891467023,0.0,25.471798052,0.0
104,6.891467023,0.0,4.609646425,0.0
105,6.891467023,0.0,2.18843452,0.0
106,6.891467023,0.0,30.957578952,0.0
107,6.891467023,0.0,12.017629042,0.0
108,6.891467023,0.0,8.087718499,0.0
109,6.891467023,0.0,8.888795637,0.0
110,6.891467023,0.0,8.894560264,0.0
111,6.891467023,0.0,7.596552305,0.0
112,6.891467023,0.0,10.110020964,0.0
113,6.891467023,0.0,7.662768857,0.0
114,6.891467023,0.0,13.352047978,0.0
115,6.891467023,0.0,17.501247243,0.0
116,6.891467023,0.0,14.129269059,0.0
117,6.891467023,0.0,11.453611597,0.0
118,6.891467023,0.0,69.232611588,0.0
119,6.891467023,0.0,12.094522896,0.0
120,6.891467023,0.0,10.075756973,0.0
121,6.891467023,0.0,17.030533555,0.0
122,6.891467023,0.0,35.296213123,0.0
123,6.891467023,0.0,6.3921964,0.0
124,6.891467023,0.0,55.798294359,0.0
125,6.891467023,0.0,34.599385905,0.0
126,6.891467023,0.0,8.867122627,0.0
127,6.891467023,0.0,3.822478015,0.0
128,20.309502747,0.0,70.790128306,0.0
129,20.309502747,0.0,6.891467023,0.0
130,20.309502747,0.0,11.952476906,0.0
131,20.309502747,0.0,24.393075621,0.0
132,20.309502747,0.0,16.845346518,0.0
133,20.309502747,0.0,26.945092667,0.0
134,20.309502747,0.0,7.765033988,0.0
135,20.309502747,0.0,28.217529498,0.0
136,20.309502747,0.0,8.021045432,0.0
137,20.309502747,0.0,36.885952822,0.0
138,20.309502747,0.0,233.692864157,0.0
139,20.309502747,0.0,39.186740427,0.0
140,20.309502747,0.0,11.725027097,0.0
141,20.309502747,0.0,76.190513876,0.0
142,20.309502747,0.0,166.229730993,0.0
143,20.309502747,0.0,12.509848057,0.0
144,20.309502747,0.0,12.11319811,0.0
145,20.309502747,0.0,17.635672416,0.0
146,20.309502747,0.0,12.052625476,0.0
147,20.309502747,0.0,21.4673368,0.0
148,20.309502747,0.0,17.69454432,0.0
149,20.309502747,0.0,12.128903099,0.0
150,20.309502747,0.0,13.387590061,0.0
151,20.309502747,0.0,25.471798052,0.0
152,20.309502747,0.0,13.40154723,0.0
153,20.309502747,0.0,2.18843452,0.0
154,20.309502747,0.0,12.017629042,0.0
155,20.309502747,0.0,8.087718499,0.0
156,20.309502747,0.0,8.888795637,0.0
157,20.309502747,0.0,8.894560264,0.0
158,20.309502747,0.0,7.596552305,0.0
159,20.309502747,0.0,10.110020964,0.0
160,20.309502747,0.0,13.352047978,0.0
161,20.309502747,0.0,17.501247243,0.0
162,20.309502747,0.0,14.129269059,0.0
163,20.309502747,0.0,69.232611588,0.0
164,20.309502747,0.0,12.094522896,0.0
165,20.309502747,0.0,35.296213123,0.0
166,20.309502747,0.0,6.3921964,0.0
167,20.309502747,0.0,55.798294359,0.0
168,20.309502747,0.0,10.135838774,0.0
169,20.309502747,0.0,14.272640522,0.0
170,20.309502747,0.0,8.867122627,0.0
171,20.309502747,0.0,7.574758381,0.0
172,20.309502747,0.0,37.446974395,0.0
173,6.39604377,0.0,70.790128306,0.0
174,6.39604377,0.0,6.891467023,0.0
175,6.39604377,0.0,20.309502747,0.0
176,6.39604377,0.0,4.342597191,0.0
177,6.39604377,0.0,7.676528234,0.0
178,6.39604377,0.0,11.952476906,0.0
179,6.39604377,0.0,22.254282903,0.0
180,6.39604377,0.0,24.393075621,0.0
181,6.39604377,0.0,11.725027097,0.0
182,6.39604377,0.0,12.11319811,0.0
183,6.39604377,0.0,12.017629042,0.0
184,6.39604377,0.0,10.110020964,0.0
185,6.39604377,0.0,17.501247243,0.0
186,6.39604377,0.0,10.075756973,0.0
187,7.676528234,0.0,70.790128306,0.0
188,7.676528234,0.0,6.891467023,0.0
189,7.676528234,0.0,20.309502747,0.0
190,7.676528234,0.0,6.39604377,0.0
191,7.676528234,0.0,4.342597191,0.0
192,7.676528234,0.0,11.952476906,0.0
193,7.676528234,0.0,22.254282903,0.0
194,7.676528234,0.0,14.279837015,0.0
195,7.676528234,0.0,24.393075621,0.0
196,7.676528234,0.0,16.845346518,0.0
197,7.676528234,0.0,5.695326751,0.0
198,7.676528234,0.0,6.182939494,0.0
199,7.676528234,0.0,13.387590061,0.0
200,7.676528234,0.0,25.471798052,0.0
201,7.676528234,0.0,11.453611597,0.0
202,7.676528234,0.0,69.232611588,0.0
203,7.676528234,0.0,55.798294359,0.0
204,11.952476906,0.0,70.790128306,0.0
205,11.952476906,0.0,6.891467023,0.0
206,11.952476906,0.0,6.39604377,0.0
207,11.952476906,0.0,4.342597191,0.0
208,11.952476906,0.0,7.676528234,0.0
209,11.952476906,0.0,22.254282903,0.0
210,11.952476906,0.0,24.393075621,0.0
211,11.952476906,0.0,16.845346518,0.0
212,11.952476906,0.0,6.856312521,0.0
213,11.952476906,0.0,29.277283858,0.0
214,11.952476906,0.0,6.182939494,0.0
215,11.952476906,0.0,39.186740427,0.0
216,11.952476906,0.0,9.231275489,0.0
217,11.952476906,0.0,26.951913011,0.0
218,11.952476906,0.0,87.232541053,0.0
219,11.952476906,0.0,11.725027097,0.0
220,11.952476906,0.0,149.102088463,0.0
221,11.952476906,0.0,26.67006964,0.0
222,11.952476906,0.0,17.635672416,0.0
223,11.952476906,0.0,17.69454432,0.0
224,11.952476906,0.0,13.387590061,0.0
225,11.952476906,0.0,25.471798052,0.0
226,11.952476906,0.0,6.866216929,0.0
227,11.952476906,0.0,9.27739216,0.0
228,11.952476906,0.0,30.957578952,0.0
229,11.952476906,0.0,7.596552305,0.0
230,11.952476906,0.0,10.110020964,0.0
231,11.952476906,0.0,7.662768857,0.0
232,11.952476906,0.0,13.352047978,0.0
233,11.952476906,0.0,17.501247243,0.0
234,11.952476906,0.0,14.129269059,0.0
235,11.952476906,0.0,69.232611588,0.0
236,11.952476906,0.0,55.798294359,0.0
237,11.952476906,0.0,9.723321295,0.0
238,11.952476906,0.0,1.926763288,0.0
239,11.952476906,0.0,8.470417781,0.0
240,11.952476906,0.0,14.914079569,0.0
241,22.254282903,0.0,70.790128306,0.0
242,22.254282903,0.0,6.891467023,0.0
243,22.254282903,0.0,6.39604377,0.0
244,22.254282903,0.0,4.342597191,0.0
245,22.254282903,0.0,7.676528234,0.0
246,22.254282903,0.0,11.952476906,0.0
247,22.254282903,0.0,14.279837015,0.0
248,22.254282903,0.0,24.393075621,0.0
249,22.254282903,0.0,16.845346518,0.0
250,22.254282903,0.0,5.547187136,1.0
251,22.254282903,0.0,3.530931163,0.0
252,22.254282903,0.0,87.232541053,0.0
253,22.254282903,0.0,17.167266676,0.0
254,22.254282903,0.0,12.11319811,0.0
255,22.254282903,0.0,17.635672416,0.0
256,22.254282903,0.0,17.69454432,0.0
257,22.254282903,0.0,13.387590061,0.0
258,22.254282903,0.0,25.471798052,0.0
259,22.254282903,0.0,12.017629042,0.0
260,22.254282903,0.0,10.110020964,0.0
261,22.254282903,0.0,3.807620271,0.0
262,22.254282903,0.0,13.352047978,0.0
263,22.254282903,0.0,17.501247243,0.0
264,22.254282903,0.0,14.129269059,0.0
265,22.254282903,0.0,11.453611597,0.0
266,22.254282903,0.0,69.232611588,0.0
267,22.254282903,0.0,35.296213123,0.0
268,22.254282903,0.0,55.798294359,0.0
269,22.254282903,0.0,8.867122627,0.0
270,22.254282903,0.0,3.822478015,0.0
271,14.279837015,0.0,70.790128306,0.0
272,14.279837015,0.0,13.627932806,0.0
273,14.279837015,0.0,6.891467023,0.0
274,14.279837015,0.0,20.309502747,0.0
275,14.279837015,0.0,82.132467318,0.0
276,14.279837015,0.0,6.125094563,0.0
277,14.279837015,0.0,28.217529498,0.0
278,14.279837015,0.0,8.127332825,0.0
279,14.279837015,0.0,29.66574588,0.0
280,14.279837015,0.0,6.832421315,0.0
281,14.279837015,0.0,9.231275489,0.0
282,14.279837015,0.0,26.951913011,0.0
283,14.279837015,0.0,11.725027097,0.0
284,14.279837015,0.0,26.67006964,0.0
285,14.279837015,0.0,12.11319811,0.0
286,14.279837015,0.0,17.635672416,0.0
287,14.279837015,0.0,21.4673368,0.0
288,14.279837015,0.0,13.387590061,0.0
289,14.279837015,0.0,31.467421346,0.0
290,14.279837015,0.0,12.017629042,0.0
291,14.279837015,0.0,8.087718499,0.0
292,14.279837015,0.0,10.110020964,0.0
293,14.279837015,0.0,7.662768857,0.0
294,14.279837015,0.0,13.352047978,0.0
295,14.279837015,0.0,17.501247243,0.0
296,14.279837015,0.0,69.232611588,0.0
297,14.279837015,0.0,10.075756973,0.0
298,14.279837015,0.0,35.296213123,0.0
299,14.279837015,0.0,55.798294359,0.0
300,14.279837015,0.0,19.854018686,0.0
301,14.279837015,0.0,14.914079569,0.0
302,14.279837015,0.0,40.709785723,0.0
303,24.393075621,0.0,70.790128306,0.0
304,24.393075621,0.0,13.627932806,0.0
305,24.393075621,0.0,6.891467023,0.0
306,24.393075621,0.0,20.309502747,0.0
307,24.393075621,0.0,6.39604377,0.0
308,24.393075621,0.0,7.676528234,0.0
309,24.393075621,0.0,11.952476906,0.0
310,24.393075621,0.0,22.254282903,0.0
311,24.393075621,0.0,14.279837015,0.0
312,24.393075621,0.0,7.827958431,0.0
313,24.393075621,0.0,16.845346518,0.0
314,24.393075621,0.0,40.806273654,0.0
315,24.393075621,0.0,9.727860711,0.0
316,24.393075621,0.0,25.210371297,0.0
317,24.393075621,0.0,13.731164167,0.0
318,24.393075621,0.0,29.277283858,0.0
319,24.393075621,0.0,24.749047509,0.0
320,24.393075621,0.0,26.964553761,0.0
321,24.393075621,0.0,233.692864157,0.0
322,24.393075621,0.0,25.388131117,0.0
323,24.393075621,0.0,16.171154926,0.0
324,24.393075621,0.0,2.937167089,0.0
325,24.393075621,0.0,5.810539423,0.0
326,24.393075621,0.0,4.453474372,0.0
327,24.393075621,0.0,3.530931163,0.0
328,24.393075621,0.0,18.425664971,0.0
329,24.393075621,0.0,76.190513876,0.0
330,24.393075621,0.0,28.221062884,0.0
331,24.393075621,0.0,26.67006964,0.0
332,24.393075621,0.0,12.11319811,0.0
333,24.393075621,0.0,17.635672416,0.0
334,24.393075621,0.0,12.052625476,0.0
335,24.393075621,0.0,21.4673368,0.0
336,24.393075621,0.0,17.69454432,0.0
337,24.393075621,0.0,12.128903099,0.0
338,24.393075621,0.0,13.387590061,0.0
339,24.393075621,0.0,25.471798052,0.0
340,24.393075621,0.0,6.866216929,0.0
341,24.393075621,0.0,2.18843452,0.0
342,24.393075621,0.0,30.957578952,0.0
343,24.393075621,0.0,12.017629042,0.0
344,24.393075621,0.0,8.087718499,0.0
345,24.393075621,0.0,8.894560264,0.0
346,24.393075621,0.0,7.596552305,0.0
347,24.393075621,0.0,10.110020964,0.0
348,24.393075621,0.0,3.807620271,0.0
349,24.393075621,0.0,7.662768857,0.0
350,24.393075621,0.0,13.352047978,0.0
351,24.393075621,0.0,17.501247243,0.0
352,24.393075621,0.0,14.129269059,0.0
353,24.393075621,0.0,69.232611588,0.0
354,24.393075621,0.0,11.880284756,0.0
355,24.393075621,0.0,12.094522896,0.0
356,24.393075621,0.0,10.075756973,0.0
357,24.393075621,0.0,17.030533555,0.0
358,24.393075621,0.0,35.296213123,0.0
359,24.393075621,0.0,55.798294359,0.0
360,24.393075621,0.0,5.778618585,0.0
361,24.393075621,0.0,9.723321295,0.0
362,24.393075621,0.0,8.867122627,0.0
363,7.827958431,0.0,70.790128306,0.0
364,7.827958431,0.0,11.952476906,0.0
365,7.827958431,0.0,16.845346518,0.0
366,7.827958431,0.0,49.446131829,0.0
367,7.827958431,0.0,2.484388825,0.0
368,7.827958431,0.0,4.453474372,0.0
369,7.827958431,0.0,26.951913011,0.0
370,7.827958431,0.0,18.521265883,1.0
371,7.827958431,0.0,13.40154723,0.0
372,7.827958431,0.0,4.609646425,0.0
373,7.827958431,0.0,2.18843452,0.0
374,7.827958431,0.0,30.957578952,0.0
375,7.827958431,0.0,12.017629042,0.0
376,7.827958431,0.0,8.087718499,0.0
377,7.827958431,0.0,69.232611588,0.0
378,16.845346518,0.0,70.790128306,0.0
379,16.845346518,0.0,13.627932806,0.0
380,16.845346518,0.0,6.891467023,0.0
381,16.845346518,0.0,20.309502747,0.0
382,16.845346518,0.0,6.39604377,0.0
383,16.845346518,0.0,7.676528234,0.0
384,16.845346518,0.0,22.254282903,0.0
385,16.845346518,0.0,14.279837015,0.0
386,16.845346518,0.0,24.393075621,0.0
387,16.845346518,0.0,7.827958431,0.0
388,16.845346518,0.0,9.727860711,0.0
389,16.845346518,0.0,5.695326751,0.0
390,16.845346518,0.0,8.375770465,0.0
391,16.845346518,0.0,31.940000062,0.0
392,16.845346518,0.0,25.448562517,0.0
393,16.845346518,0.0,13.248713101,0.0
394,16.845346518,0.0,17.926035137,0.0
395,16.845346518,0.0,11.802286831,0.0
396,16.845346518,0.0,233.692864157,0.0
397,16.845346518,0.0,25.388131117,0.0
398,16.845346518,0.0,10.545807272,0.0
399,16.845346518,0.0,19.802798823,0.0
400,16.845346518,0.0,5.943829326,0.0
401,16.845346518,0.0,10.85465712,0.0
402,16.845346518,0.0,26.951913011,0.0
403,16.845346518,0.0,87.232541053,0.0
404,16.845346518,0.0,18.425664971,0.0
405,16.845346518,0.0,15.611347975,1.0
406,16.845346518,0.0,26.67006964,0.0
407,16.845346518,0.0,12.11319811,0.0
408,16.845346518,0.0,17.635672416,0.0
409,16.845346518,0.0,12.052625476,0.0
410,16.845346518,0.0,21.4673368,0.0
411,16.845346518,0.0,17.69454432,0.0
412,16.845346518,0.0,12.128903099,0.0
413,16.845346518,0.0,13.387590061,0.0
414,16.845346518,0.0,25.471798052,0.0
415,16.845346518,0.0,6.866216929,0.0
416,16.845346518,0.0,4.609646425,0.0
417,16.845346518,0.0,2.18843452,0.0
418,16.845346518,0.0,30.957578952,0.0
419,16.845346518,0.0,12.017629042,0.0
420,16.845346518,0.0,8.087718499,0.0
421,16.845346518,0.0,7.596552305,0.0
422,16.845346518,0.0,10.110020964,0.0
423,16.845346518,0.0,7.662768857,0.0
424,16.845346518,0.0,13.352047978,0.0
425,16.845346518,0.0,17.501247243,0.0
426,16.845346518,0.0,14.129269059,0.0
427,16.845346518,0.0,69.232611588,0.0
428,16.845346518,0.0,12.094522896,0.0
429,16.845346518,0.0,10.075756973,0.0
430,16.845346518,0.0,17.030533555,0.0
431,16.845346518,0.0,35.296213123,0.0
432,16.845346518,0.0,6.3921964,0.0
433,16.845346518,0.0,55.798294359,0.0
434,16.845346518,0.0,2.193332663,0.0
435,16.845346518,0.0,10.35625697,0.0
436,16.845346518,0.0,19.854018686,0.0
437,16.845346518,0.0,8.149810633,0.0
438,16.845346518,0.0,8.867122627,0.0
439,16.845346518,0.0,4.440663079,0.0
440,59.079085118,0.0,70.790128306,0.0
441,59.079085118,0.0,22.254282903,0.0
442,59.079085118,0.0,40.806273654,0.0
443,59.079085118,0.0,9.727860711,0.0
444,59.079085118,0.0,19.860000042,0.0
445,59.079085118,0.0,7.666133462,0.0
446,59.079085118,0.0,16.174970412,0.0
447,59.079085118,0.0,50.729691391,0.0
448,59.079085118,0.0,7.949097095,0.0
449,59.079085118,0.0,11.111467247,0.0
450,59.079085118,0.0,39.625253586,0.0
451,59.079085118,0.0,233.692864157,0.0
452,59.079085118,0.0,25.388131117,0.0
453,59.079085118,0.0,70.32919481,0.0
454,59.079085118,0.0,110.667774495,0.0
455,59.079085118,0.0,8.470417781,0.0
456,59.079085118,0.0,34.599385905,0.0
457,59.079085118,0.0,20.12950993,0.0
458,59.079085118,0.0,15.245224461,0.0
459,59.079085118,0.0,16.860865597,0.0
460,59.079085118,0.0,6.887378238,0.0
461,59.079085118,0.0,10.939069804,0.0
462,59.079085118,0.0,21.568777428,0.0
463,59.079085118,0.0,6.56006233,0.0
464,59.079085118,0.0,8.149810633,0.0
465,59.079085118,0.0,32.512744515,0.0
466,59.079085118,0.0,10.937040822,0.0
467,59.079085118,0.0,15.731819137,0.0
468,59.079085118,0.0,16.261504351,0.0
469,59.079085118,0.0,10.321111206,0.0
470,9.727860711,0.0,70.790128306,0.0
471,9.727860711,0.0,40.806273654,0.0
472,9.727860711,0.0,59.079085118,0.0
473,9.727860711,0.0,5.646775288,0.0
474,9.727860711,0.0,23.004257875,0.0
475,9.727860711,0.0,6.182939494,0.0
476,9.727860711,0.0,2.643690724,0.0
477,9.727860711,0.0,11.802286831,0.0
478,9.727860711,0.0,17.030533555,0.0
479,9.727860711,0.0,2.193332663,0.0
480,9.727860711,0.0,4.167464205,0.0
481,9.727860711,0.0,15.245224461,0.0
482,9.727860711,0.0,10.939069804,0.0
483,9.727860711,0.0,9.807544254,0.0
484,9.727860711,0.0,4.440663079,0.0
485,25.210371297,0.0,70.790128306,0.0
486,25.210371297,0.0,24.393075621,0.0
487,25.210371297,0.0,49.446131829,0.0
488,25.210371297,0.0,13.731164167,0.0
489,25.210371297,0.0,5.695326751,0.0
490,25.210371297,0.0,5.221357161,0.0
491,25.210371297,0.0,12.658976161,0.0
492,25.210371297,0.0,10.007962681,0.0
493,25.210371297,0.0,82.132467318,0.0
494,25.210371297,0.0,31.940000062,0.0
495,25.210371297,0.0,9.048977587,0.0
496,25.210371297,0.0,5.994541125,0.0
497,25.210371297,0.0,6.832421315,0.0
498,25.210371297,0.0,11.453611597,0.0
499,25.210371297,0.0,16.261504351,0.0
500,25.210371297,0.0,8.289017468,0.0
501,0.04929124894,0.0,70.790128306,0.0
502,0.04929124894,0.0,6.856312521,0.0
503,0.04929124894,0.0,13.588359249,0.0
504,0.04929124894,0.0,82.132467318,0.0
505,0.04929124894,0.0,31.940000062,0.0
506,0.04929124894,0.0,28.217529498,0.0
507,0.04929124894,0.0,27.886746336,0.0
508,0.04929124894,0.0,26.67006964,0.0
509,0.04929124894,0.0,55.798294359,0.0
510,49.446131829,0.0,70.790128306,0.0
511,49.446131829,0.0,40.806273654,0.0
512,49.446131829,0.0,0.04929124894,0.0
513,49.446131829,0.0,13.731164167,0.0
514,49.446131829,0.0,6.856312521,0.0
515,49.446131829,0.0,26.945092667,0.0
516,49.446131829,0.0,82.132467318,0.0
517,49.446131829,0.0,31.940000062,0.0
518,49.446131829,0.0,644.303257967,0.0
519,49.446131829,0.0,1518.75756479,0.0
520,49.446131829,0.0,29.277283858,0.0
521,49.446131829,0.0,40.517371937,0.0
522,49.446131829,0.0,23.004257875,0.0
523,49.446131829,0.0,13.248713101,0.0
524,49.446131829,0.0,50.729691391,0.0
525,49.446131829,0.0,11.802286831,0.0
526,49.446131829,0.0,233.692864157,0.0
527,49.446131829,0.0,25.388131117,0.0
528,49.446131829,0.0,4.20148694,0.0
529,49.446131829,0.0,39.186740427,0.0
530,49.446131829,0.0,9.231275489,0.0
531,49.446131829,0.0,19.802798823,0.0
532,49.446131829,0.0,10.85465712,0.0
533,49.446131829,0.0,4.419433878,0.0
534,49.446131829,0.0,26.951913011,0.0
535,49.446131829,0.0,87.232541053,0.0
536,49.446131829,0.0,18.425664971,0.0
537,49.446131829,0.0,76.190513876,0.0
538,49.446131829,0.0,14.761303187,0.0
539,49.446131829,0.0,166.229730993,0.0
540,49.446131829,0.0,17.167266676,0.0
541,49.446131829,0.0,13.387590061,0.0
542,49.446131829,0.0,25.471798052,0.0
543,49.446131829,0.0,9.27739216,0.0
544,49.446131829,0.0,4.609646425,0.0
545,49.446131829,0.0,2.18843452,0.0
546,49.446131829,0.0,69.232611588,0.0
547,49.446131829,0.0,34.599385905,0.0
548,49.446131829,0.0,20.12950993,0.0
549,49.446131829,0.0,15.245224461,0.0
550,49.446131829,0.0,16.860865597,0.0
551,49.446131829,0.0,6.887378238,0.0
552,49.446131829,0.0,10.939069804,0.0
553,49.446131829,0.0,32.512744515,0.0
554,49.446131829,0.0,11.223514879,0.0
555,13.731164167,0.0,70.790128306,0.0
556,13.731164167,0.0,25.210371297,0.0
557,13.731164167,0.0,0.04929124894,0.0
558,13.731164167,0.0,8.372930307,0.0
559,13.731164167,0.0,6.856312521,0.0
560,13.731164167,0.0,82.132467318,0.0
561,13.731164167,0.0,10.361449499,0.0
562,13.731164167,0.0,7.975307176,0.0
563,13.731164167,0.0,29.277283858,0.0
564,13.731164167,0.0,23.004257875,0.0
565,13.731164167,0.0,25.448562517,0.0
566,13.731164167,0.0,7.666133462,0.0
567,13.731164167,0.0,13.671251512,0.0
568,13.731164167,0.0,15.92488598,0.0
569,13.731164167,0.0,17.926035137,0.0
570,13.731164167,0.0,5.707759977,0.0
571,13.731164167,0.0,8.195639278,0.0
572,13.731164167,0.0,24.747524022,0.0
573,13.731164167,0.0,11.605803568,0.0
574,13.731164167,0.0,27.886746336,0.0
575,13.731164167,0.0,6.832421315,0.0
576,13.731164167,0.0,9.026330067,0.0
577,13.731164167,0.0,25.388131117,0.0
578,13.731164167,0.0,166.229730993,0.0
579,13.731164167,0.0,11.107227225,0.0
580,13.731164167,0.0,70.32919481,0.0
581,13.731164167,0.0,8.892842635,0.0
582,13.731164167,0.0,13.352047978,0.0
583,13.731164167,0.0,35.296213123,0.0
584,13.731164167,0.0,13.463816358,0.0
585,13.731164167,0.0,8.149810633,0.0
586,13.731164167,0.0,32.512744515,0.0
587,13.731164167,0.0,56.533506932,0.0
588,13.731164167,0.0,5.48985448,0.0
589,13.731164167,0.0,1.263600825,0.0
590,8.372930307,0.0,70.790128306,0.0
591,8.372930307,0.0,13.731164167,0.0
592,8.372930307,0.0,5.695326751,0.0
593,8.372930307,0.0,6.856312521,0.0
594,8.372930307,0.0,8.375770465,0.0
595,8.372930307,0.0,10.272132303,0.0
596,8.372930307,0.0,26.945092667,0.0
597,8.372930307,0.0,82.132467318,0.0
598,8.372930307,0.0,16.222318711,0.0
599,8.372930307,0.0,13.671251512,0.0
600,8.372930307,0.0,2.643690724,0.0
601,8.372930307,0.0,6.832421315,0.0
602,8.372930307,0.0,21.722429847,0.0
603,8.372930307,0.0,4.440663079,0.0
604,8.372930307,0.0,11.769430661,0.0
605,8.372930307,0.0,37.446974395,0.0
606,5.695326751,0.0,70.790128306,0.0
607,5.695326751,0.0,13.627932806,0.0
608,5.695326751,0.0,16.845346518,0.0
609,5.695326751,0.0,0.04929124894,0.0
610,5.695326751,0.0,6.856312521,0.0
611,5.695326751,0.0,7.758575688,0.0
612,5.695326751,0.0,12.121050526,0.0
613,5.695326751,0.0,82.132467318,0.0
614,5.695326751,0.0,31.940000062,0.0
615,5.695326751,0.0,7.975307176,0.0
616,5.695326751,0.0,7.765033988,0.0
617,5.695326751,0.0,11.802286831,0.0
618,5.695326751,0.0,166.229730993,0.0
619,5.695326751,0.0,17.167266676,0.0
620,5.695326751,0.0,69.232611588,0.0
621,5.695326751,0.0,70.032203183,0.0
622,5.695326751,0.0,10.566632909,0.0
623,6.856312521,0.0,70.790128306,0.0
624,6.856312521,0.0,22.254282903,0.0
625,6.856312521,0.0,25.210371297,0.0
626,6.856312521,0.0,13.731164167,0.0
627,6.856312521,0.0,5.695326751,0.0
628,6.856312521,0.0,82.132467318,0.0
629,6.856312521,0.0,31.940000062,0.0
630,6.856312521,0.0,10.361449499,0.0
631,6.856312521,0.0,25.448562517,0.0
632,6.856312521,0.0,4.149862316,0.0
633,6.856312521,0.0,17.167266676,0.0
634,6.856312521,0.0,70.032203183,0.0
635,6.856312521,0.0,8.470417781,0.0
636,6.856312521,0.0,1.738204538,0.0
637,5.501297319,0.0,70.790128306,0.0
638,5.501297319,0.0,13.731164167,0.0
639,5.501297319,0.0,15.92488598,0.0
640,5.501297319,0.0,35.296213123,0.0
641,5.501297319,0.0,16.261504351,0.0
642,8.375770465,0.0,70.790128306,0.0
643,8.375770465,0.0,13.731164167,0.0
644,8.375770465,0.0,7.758575688,0.0
645,8.375770465,0.0,6.125094563,0.0
646,8.375770465,0.0,12.052625476,0.0
647,8.375770465,0.0,8.867122627,0.0
648,8.375770465,0.0,9.807544254,0.0
649,10.272132303,0.0,70.790128306,0.0
650,10.272132303,0.0,25.210371297,0.0
651,10.272132303,0.0,8.372930307,0.0
652,10.272132303,0.0,5.695326751,0.0
653,10.272132303,0.0,5.221357161,0.0
654,10.272132303,0.0,10.007962681,0.0
655,10.272132303,0.0,15.92488598,0.0
656,10.272132303,0.0,14.7844653,0.0
657,10.272132303,0.0,7.662768857,0.0
658,10.272132303,0.0,13.352047978,0.0
659,10.007962681,0.0,70.790128306,0.0
660,10.007962681,0.0,221.127687829,0.0
661,10.007962681,0.0,5.221357161,0.0
662,10.007962681,0.0,10.272132303,0.0
663,10.007962681,0.0,26.945092667,0.0
664,10.007962681,0.0,2.643690724,0.0
665,10.007962681,0.0,12.036123327,0.0
666,10.007962681,0.0,37.446974395,0.0
667,26.945092667,0.0,70.790128306,0.0
668,26.945092667,0.0,221.127687829,0.0
669,26.945092667,0.0,8.372930307,0.0
670,26.945092667,0.0,6.856312521,0.0
671,26.945092667,0.0,10.272132303,0.0
672,26.945092667,0.0,10.007962681,0.0
673,26.945092667,0.0,13.671251512,0.0
674,26.945092667,0.0,17.956236976,0.0
675,26.945092667,0.0,33.742370929,0.0
676,26.945092667,0.0,166.229730993,0.0
677,26.945092667,0.0,10.075756973,0.0
678,82.132467318,0.0,70.790128306,0.0
679,82.132467318,0.0,13.627932806,0.0
680,82.132467318,0.0,6.891467023,0.0
681,82.132467318,0.0,20.309502747,0.0
682,82.132467318,0.0,7.676528234,0.0
683,82.132467318,0.0,11.952476906,0.0
684,82.132467318,0.0,25.210371297,0.0
685,82.132467318,0.0,0.04929124894,0.0
686,82.132467318,0.0,49.446131829,0.0
687,82.132467318,0.0,221.127687829,0.0
688,82.132467318,0.0,8.372930307,0.0
689,82.132467318,0.0,5.695326751,0.0
690,82.132467318,0.0,6.856312521,0.0
691,82.132467318,0.0,12.142662257,0.0
692,82.132467318,0.0,12.658976161,0.0
693,82.132467318,0.0,7.975307176,0.0
694,82.132467318,0.0,6.396811195,0.0
695,82.132467318,0.0,15.92488598,0.0
696,82.132467318,0.0,6.182939494,0.0
697,82.132467318,0.0,41.586679644,0.0
698,82.132467318,0.0,6.832421315,0.0
699,82.132467318,0.0,11.025930702,0.0
700,82.132467318,0.0,166.229730993,0.0
701,82.132467318,0.0,70.32919481,0.0
702,82.132467318,0.0,17.167266676,0.0
703,82.132467318,0.0,2.747009708,0.0
704,82.132467318,0.0,8.112072781,0.0
705,82.132467318,0.0,6.866216929,0.0
706,82.132467318,0.0,69.232611588,0.0
707,82.132467318,0.0,10.075756973,0.0
708,82.132467318,0.0,55.798294359,0.0
709,82.132467318,0.0,70.032203183,0.0
710,82.132467318,0.0,61.033765457,0.0
711,82.132467318,0.0,15.731819137,0.0
712,82.132467318,0.0,14.272640522,0.0
713,31.940000062,0.0,70.790128306,0.0
714,31.940000062,0.0,8.655831002,0.0
715,31.940000062,0.0,25.210371297,0.0
716,31.940000062,0.0,13.731164167,0.0
717,31.940000062,0.0,13.588359249,0.0
718,31.940000062,0.0,7.758575688,0.0
719,31.940000062,0.0,12.121050526,0.0
720,31.940000062,0.0,26.945092667,0.0
721,31.940000062,0.0,82.132467318,0.0
722,31.940000062,0.0,10.361449499,0.0
723,31.940000062,0.0,16.222318711,0.0
724,31.940000062,0.0,7.765033988,0.0
725,31.940000062,0.0,25.448562517,0.0
726,31.940000062,0.0,17.926035137,0.0
727,31.940000062,0.0,8.195639278,0.0
728,31.940000062,0.0,9.026330067,0.0
729,31.940000062,0.0,5.810539423,0.0
730,31.940000062,0.0,4.20148694,0.0
731,31.940000062,0.0,3.530931163,0.0
732,31.940000062,0.0,39.186740427,0.0
733,31.940000062,0.0,19.802798823,0.0
734,31.940000062,0.0,8.543727113,0.0
735,31.940000062,0.0,18.425664971,0.0
736,31.940000062,0.0,76.190513876,0.0
737,31.940000062,0.0,11.107227225,0.0
738,31.940000062,0.0,4.733555389,0.0
739,31.940000062,0.0,17.167266676,0.0
740,31.940000062,0.0,9.342310384,0.0
741,31.940000062,0.0,12.11319811,0.0
742,31.940000062,0.0,12.052625476,0.0
743,31.940000062,0.0,21.4673368,0.0
744,31.940000062,0.0,17.69454432,0.0
745,31.940000062,0.0,12.128903099,0.0
746,31.940000062,0.0,13.387590061,0.0
747,31.940000062,0.0,6.866216929,0.0
748,31.940000062,0.0,4.609646425,0.0
749,31.940000062,0.0,8.888795637,0.0
750,31.940000062,0.0,11.453611597,0.0
751,31.940000062,0.0,35.296213123,0.0
752,31.940000062,0.0,5.762607663,0.0
753,31.940000062,0.0,16.860865597,0.0
754,31.940000062,0.0,10.939069804,0.0
755,31.940000062,0.0,32.512744515,0.0
756,10.361449499,0.0,70.790128306,0.0
757,10.361449499,0.0,49.446131829,0.0
758,10.361449499,0.0,13.731164167,0.0
759,10.361449499,0.0,8.372930307,0.0
760,10.361449499,0.0,10.007962681,0.0
761,10.361449499,0.0,82.132467318,0.0
762,10.361449499,0.0,8.259451739,0.0
763,10.361449499,0.0,11.802286831,0.0
764,10.361449499,0.0,6.832421315,0.0
765,10.361449499,0.0,9.338405233,0.0
766,10.361449499,0.0,4.440663079,0.0
767,10.361449499,0.0,37.446974395,0.0
768,153.378432818,1.0,70.790128306,0.0
769,153.378432818,1.0,61.793309267,1.0
770,153.378432818,1.0,33.792251101,1.0
771,153.378432818,1.0,67.285382519,1.0
772,153.378432818,1.0,4.829679098,1.0
773,153.378432818,1.0,13.61728709,1.0
774,153.378432818,1.0,13.86957637,1.0
775,153.378432818,1.0,13.012196231,1.0
776,153.378432818,1.0,3.494992531,1.0
777,153.378432818,1.0,6.008978366,1.0
778,153.378432818,1.0,37.392342771,1.0
779,153.378432818,1.0,13.88327424,1.0
780,153.378432818,1.0,13.950356735,1.0
781,153.378432818,1.0,7.500010293,1.0
782,153.378432818,1.0,2.674431368,1.0
783,153.378432818,1.0,5.078284966,1.0
784,153.378432818,1.0,9.047296648,1.0
785,153.378432818,1.0,12.042848406,1.0
786,153.378432818,1.0,9.557871275,1.0
787,153.378432818,1.0,5.974284746,1.0
788,153.378432818,1.0,5.113142616,1.0
789,153.378432818,1.0,1.516380213,1.0
790,153.378432818,1.0,4.359083834,1.0
791,153.378432818,1.0,2.819656285,1.0
792,153.378432818,1.0,15.733724505,1.0
793,153.378432818,1.0,4.168654522,1.0
794,153.378432818,1.0,88.449822594,0.0
795,153.378432818,1.0,5.554604713,1.0
796,153.378432818,1.0,4.04841049,1.0
797,153.378432818,1.0,3.363732976,1.0
798,153.378432818,1.0,16.210032309,1.0
799,153.378432818,1.0,20.540037372,1.0
800,153.378432818,1.0,8.177023242,0.0
801,153.378432818,1.0,10.013880072,1.0
802,153.378432818,1.0,5.450486809,1.0
803,153.378432818,1.0,5.424393042,1.0
804,153.378432818,1.0,46.53992429,1.0
805,153.378432818,1.0,22.880030432,1.0
806,153.378432818,1.0,1.286863813,1.0
807,153.378432818,1.0,25.698336533,1.0
808,153.378432818,1.0,6.057768872,1.0
809,153.378432818,1.0,14.930979187,1.0
810,153.378432818,1.0,2.942608565,1.0
811,153.378432818,1.0,3.696128234,1.0
812,153.378432818,1.0,13.451980124,1.0
813,153.378432818,1.0,4.690452556,1.0
814,153.378432818,1.0,2.028386934,1.0
815,153.378432818,1.0,4.047135063,0.0
816,153.378432818,1.0,1.419281651,1.0
817,153.378432818,1.0,4.979689688,1.0
818,153.378432818,1.0,12.307254829,1.0
819,153.378432818,1.0,9.127111945,1.0
820,153.378432818,1.0,7.986422452,1.0
821,153.378432818,1.0,8.995419211,1.0
822,153.378432818,1.0,16.462756475,1.0
823,153.378432818,1.0,25.084860848,0.0
824,153.378432818,1.0,5.844142797,0.0
825,153.378432818,1.0,7.596552305,0.0
826,153.378432818,1.0,134.232246392,1.0
827,153.378432818,1.0,6.181669579,1.0
828,153.378432818,1.0,24.65499671,1.0
829,153.378432818,1.0,2.301450275,1.0
830,153.378432818,1.0,10.397099174,1.0
831,153.378432818,1.0,6.511716027,1.0
832,153.378432818,1.0,19.300014971,1.0
833,153.378432818,1.0,6.208512798,1.0
834,29.277283858,0.0,70.790128306,0.0
835,29.277283858,0.0,6.891467023,0.0
836,29.277283858,0.0,24.393075621,0.0
837,29.277283858,0.0,7.827958431,0.0
838,29.277283858,0.0,49.446131829,0.0
839,29.277283858,0.0,10.603153598,0.0
840,29.277283858,0.0,25.448562517,0.0
841,29.277283858,0.0,26.964553761,0.0
842,29.277283858,0.0,63.638655974,0.0
843,29.277283858,0.0,25.388131117,0.0
844,29.277283858,0.0,16.171154926,0.0
845,29.277283858,0.0,13.188256381,0.0
846,29.277283858,0.0,2.937167089,0.0
847,29.277283858,0.0,5.810539423,0.0
848,29.277283858,0.0,4.453474372,0.0
849,29.277283858,0.0,3.738556716,0.0
850,29.277283858,0.0,4.20148694,0.0
851,29.277283858,0.0,10.545807272,0.0
852,29.277283858,0.0,39.186740427,0.0
853,29.277283858,0.0,9.231275489,0.0
854,29.277283858,0.0,19.802798823,0.0
855,29.277283858,0.0,8.543727113,0.0
856,29.277283858,0.0,4.419433878,0.0
857,29.277283858,0.0,26.951913011,0.0
858,29.277283858,0.0,87.232541053,0.0
859,29.277283858,0.0,11.725027097,0.0
860,29.277283858,0.0,18.425664971,0.0
861,29.277283858,0.0,76.190513876,0.0
862,29.277283858,0.0,6.29389923,0.0
863,29.277283858,0.0,149.102088463,0.0
864,29.277283858,0.0,13.40154723,0.0
865,29.277283858,0.0,69.232611588,0.0
866,29.277283858,0.0,5.168069309,0.0
867,29.277283858,0.0,9.723321295,0.0
868,29.277283858,0.0,9.5496673,0.0
869,29.277283858,0.0,27.455093588,0.0
870,29.277283858,0.0,16.065606367,0.0
871,29.277283858,0.0,1.263600825,0.0
872,29.277283858,0.0,7.574758381,0.0
873,29.277283858,0.0,18.742715591,0.0
874,52.842355823,0.0,70.790128306,0.0
875,52.842355823,0.0,13.243651541,0.0
876,52.842355823,0.0,1.709430704,0.0
877,52.842355823,0.0,7.605207699,0.0
878,52.842355823,0.0,233.692864157,0.0
879,52.842355823,0.0,35.374851173,0.0
880,52.842355823,0.0,26.668067758,0.0
881,52.842355823,0.0,6.247337911,0.0
882,52.842355823,0.0,8.394491298,0.0
883,52.842355823,0.0,7.99491551,0.0
884,52.842355823,0.0,20.051027715,0.0
885,52.842355823,0.0,69.232611588,0.0
886,52.842355823,0.0,55.798294359,0.0
887,52.842355823,0.0,61.033765457,0.0
888,52.842355823,0.0,5.526283878,0.0
889,52.842355823,0.0,21.722429847,0.0
890,52.842355823,0.0,11.769430661,0.0
891,23.004257875,0.0,70.790128306,0.0
892,23.004257875,0.0,16.845346518,0.0
893,23.004257875,0.0,67.285382519,1.0
894,23.004257875,0.0,9.727860711,0.0
895,23.004257875,0.0,7.758575688,0.0
896,23.004257875,0.0,29.277283858,0.0
897,23.004257875,0.0,5.646775288,0.0
898,23.004257875,0.0,6.125094563,0.0
899,23.004257875,0.0,28.217529498,0.0
900,23.004257875,0.0,8.127332825,0.0
901,23.004257875,0.0,16.174970412,0.0
902,23.004257875,0.0,17.926035137,0.0
903,23.004257875,0.0,5.707759977,0.0
904,23.004257875,0.0,20.958528648,0.0
905,23.004257875,0.0,1.067421882,0.0
906,23.004257875,0.0,39.186740427,0.0
907,23.004257875,0.0,8.123570646,1.0
908,23.004257875,0.0,5.996384101,1.0
909,23.004257875,0.0,3.826735763,0.0
910,23.004257875,0.0,17.167266676,0.0
911,23.004257875,0.0,26.67006964,0.0
912,23.004257875,0.0,17.635672416,0.0
913,23.004257875,0.0,13.387590061,0.0
914,23.004257875,0.0,31.467421346,0.0
915,23.004257875,0.0,13.352047978,0.0
916,23.004257875,0.0,55.798294359,0.0
917,23.004257875,0.0,112.099655851,1.0
918,23.004257875,0.0,32.024145794,0.0
919,23.004257875,0.0,9.807544254,0.0
920,25.448562517,0.0,70.790128306,0.0
921,25.448562517,0.0,11.952476906,0.0
922,25.448562517,0.0,14.279837015,0.0
923,25.448562517,0.0,24.393075621,0.0
924,25.448562517,0.0,75.77402169,0.0
925,25.448562517,0.0,49.446131829,0.0
926,25.448562517,0.0,29.277283858,0.0
927,25.448562517,0.0,23.004257875,0.0
928,25.448562517,0.0,50.729691391,0.0
929,25.448562517,0.0,26.964553761,0.0
930,25.448562517,0.0,233.692864157,0.0
931,25.448562517,0.0,25.388131117,0.0
932,25.448562517,0.0,16.171154926,0.0
933,25.448562517,0.0,13.188256381,0.0
934,25.448562517,0.0,2.937167089,0.0
935,25.448562517,0.0,5.810539423,0.0
936,25.448562517,0.0,4.453474372,0.0
937,25.448562517,0.0,3.738556716,0.0
938,25.448562517,0.0,4.20148694,0.0
939,25.448562517,0.0,3.530931163,0.0
940,25.448562517,0.0,10.545807272,0.0
941,25.448562517,0.0,39.186740427,0.0
942,25.448562517,0.0,9.231275489,0.0
943,25.448562517,0.0,19.802798823,0.0
944,25.448562517,0.0,5.943829326,0.0
945,25.448562517,0.0,10.85465712,0.0
946,25.448562517,0.0,8.543727113,0.0
947,25.448562517,0.0,4.419433878,0.0
948,25.448562517,0.0,26.951913011,0.0
949,25.448562517,0.0,87.232541053,0.0
950,25.448562517,0.0,11.725027097,0.0
951,25.448562517,0.0,18.425664971,0.0
952,25.448562517,0.0,76.190513876,0.0
953,25.448562517,0.0,14.761303187,0.0
954,25.448562517,0.0,166.229730993,0.0
955,25.448562517,0.0,6.29389923,0.0
956,25.448562517,0.0,2.747009708,0.0
957,25.448562517,0.0,12.11319811,0.0
958,25.448562517,0.0,12.128903099,0.0
959,25.448562517,0.0,13.387590061,0.0
960,25.448562517,0.0,13.40154723,0.0
961,25.448562517,0.0,17.501247243,0.0
962,25.448562517,0.0,14.129269059,0.0
963,25.448562517,0.0,69.232611588,0.0
964,25.448562517,0.0,11.880284756,0.0
965,25.448562517,0.0,35.296213123,0.0
966,25.448562517,0.0,6.3921964,0.0
967,25.448562517,0.0,55.798294359,0.0
968,25.448562517,0.0,13.463816358,0.0
969,25.448562517,0.0,112.099655851,1.0
970,25.448562517,0.0,5.103967695,0.0
971,25.448562517,0.0,9.5496673,0.0
972,25.448562517,0.0,27.455093588,0.0
973,25.448562517,0.0,8.470417781,0.0
974,25.448562517,0.0,8.867122627,0.0
975,25.448562517,0.0,1.153597602,0.0
976,25.448562517,0.0,87.372172325,0.0
977,25.448562517,0.0,7.574758381,0.0
978,25.448562517,0.0,18.742715591,0.0
979,29.66574588,0.0,70.790128306,0.0
980,29.66574588,0.0,14.279837015,0.0
981,29.66574588,0.0,13.671251512,0.0
982,29.66574588,0.0,13.40154723,0.0
983,29.66574588,0.0,13.463816358,0.0
984,29.66574588,0.0,8.149810633,0.0
985,29.66574588,0.0,32.512744515,0.0
986,29.66574588,0.0,56.533506932,0.0
987,7.666133462,0.0,70.790128306,0.0
988,7.666133462,0.0,5.501297319,0.0
989,7.666133462,0.0,16.222318711,0.0
990,7.666133462,0.0,50.495419242,0.0
991,7.666133462,0.0,1.067421882,0.0
992,16.752237199,0.0,70.790128306,0.0
993,16.752237199,0.0,20.073779207,0.0
994,16.752237199,0.0,4.183351832,0.0
995,16.752237199,0.0,36.885952822,0.0
996,16.752237199,0.0,16.261504351,0.0
997,27.886746336,0.0,70.790128306,0.0
998,27.886746336,0.0,59.079085118,0.0
999,27.886746336,0.0,28.217529498,0.0
1000,27.886746336,0.0,16.174970412,0.0
1001,27.886746336,0.0,17.926035137,0.0
1002,27.886746336,0.0,39.186740427,0.0
1003,27.886746336,0.0,166.229730993,0.0
1004,27.886746336,0.0,149.102088463,0.0
1005,27.886746336,0.0,25.471798052,0.0
1006,27.886746336,0.0,13.352047978,0.0
1007,27.886746336,0.0,13.463816358,0.0
1008,27.886746336,0.0,8.470417781,0.0
1009,27.886746336,0.0,20.12950993,0.0
1010,27.886746336,0.0,10.566632909,0.0
1011,27.886746336,0.0,8.149810633,0.0
1012,27.886746336,0.0,56.533506932,0.0
1013,27.886746336,0.0,10.937040822,0.0
1014,27.886746336,0.0,15.731819137,0.0
1015,27.886746336,0.0,16.261504351,0.0
1016,27.886746336,0.0,5.48985448,0.0
1017,27.886746336,0.0,10.321111206,0.0
1018,6.832421315,0.0,70.790128306,0.0
1019,6.832421315,0.0,8.372930307,0.0
1020,6.832421315,0.0,12.142662257,0.0
1021,6.832421315,0.0,10.487097177,0.0
1022,6.832421315,0.0,82.132467318,0.0
1023,6.832421315,0.0,16.222318711,0.0
1024,6.832421315,0.0,25.448562517,0.0
1025,6.832421315,0.0,10.658258635,0.0
1026,6.832421315,0.0,13.671251512,0.0
1027,6.832421315,0.0,9.347416777,0.0
1028,6.832421315,0.0,36.885952822,0.0
1029,6.832421315,0.0,26.67006964,0.0
1030,6.832421315,0.0,17.69454432,0.0
1031,6.832421315,0.0,21.568777428,0.0
1032,6.832421315,0.0,15.731819137,0.0
1033,6.832421315,0.0,9.807544254,0.0
1034,6.832421315,0.0,21.722429847,0.0
1035,6.832421315,0.0,11.769430661,0.0
1036,233.692864157,0.0,70.790128306,0.0
1037,233.692864157,0.0,6.891467023,0.0
1038,233.692864157,0.0,20.309502747,0.0
1039,233.692864157,0.0,16.845346518,0.0
1040,233.692864157,0.0,59.079085118,0.0
1041,233.692864157,0.0,11.958363872,1.0
1042,233.692864157,0.0,10.025288705,1.0
1043,233.692864157,0.0,25.210371297,0.0
1044,233.692864157,0.0,49.446131829,0.0
1045,233.692864157,0.0,13.731164167,0.0
1046,233.692864157,0.0,1.709430704,0.0
1047,233.692864157,0.0,7.975307176,0.0
1048,233.692864157,0.0,644.303257967,0.0
1049,233.692864157,0.0,25.448562517,0.0
1050,233.692864157,0.0,13.248713101,0.0
1051,233.692864157,0.0,26.964553761,0.0
1052,233.692864157,0.0,36.885952822,0.0
1053,233.692864157,0.0,6.832421315,0.0
1054,233.692864157,0.0,63.638655974,0.0
1055,233.692864157,0.0,25.388131117,0.0
1056,233.692864157,0.0,2.937167089,0.0
1057,233.692864157,0.0,39.186740427,0.0
1058,233.692864157,0.0,76.190513876,0.0
1059,233.692864157,0.0,166.229730993,0.0
1060,233.692864157,0.0,26.359111832,0.0
1061,233.692864157,0.0,20.478210038,0.0
1062,233.692864157,0.0,12.052625476,0.0
1063,233.692864157,0.0,13.40154723,0.0
1064,233.692864157,0.0,69.232611588,0.0
1065,233.692864157,0.0,61.033765457,0.0
1066,233.692864157,0.0,27.455093588,0.0
1067,233.692864157,0.0,6.887378238,0.0
1068,233.692864157,0.0,10.939069804,0.0
1069,233.692864157,0.0,6.56006233,0.0
1070,233.692864157,0.0,56.533506932,0.0
1071,233.692864157,0.0,15.731819137,0.0
1072,233.692864157,0.0,21.722429847,0.0
1073,233.692864157,0.0,37.446974395,0.0
1074,233.692864157,0.0,2.072367769,1.0
1075,25.388131117,0.0,70.790128306,0.0
1076,25.388131117,0.0,20.309502747,0.0
1077,25.388131117,0.0,16.845346518,0.0
1078,25.388131117,0.0,49.446131829,0.0
1079,25.388131117,0.0,31.940000062,0.0
1080,25.388131117,0.0,29.277283858,0.0
1081,25.388131117,0.0,25.448562517,0.0
1082,25.388131117,0.0,13.248713101,0.0
1083,25.388131117,0.0,15.92488598,0.0
1084,25.388131117,0.0,26.964553761,0.0
1085,25.388131117,0.0,63.638655974,0.0
1086,25.388131117,0.0,16.171154926,0.0
1087,25.388131117,0.0,13.188256381,0.0
1088,25.388131117,0.0,2.937167089,0.0
1089,25.388131117,0.0,5.810539423,0.0
1090,25.388131117,0.0,4.453474372,0.0
1091,25.388131117,0.0,4.20148694,0.0
1092,25.388131117,0.0,3.530931163,0.0
1093,25.388131117,0.0,10.545807272,0.0
1094,25.388131117,0.0,39.186740427,0.0
1095,25.388131117,0.0,9.231275489,0.0
1096,25.388131117,0.0,19.802798823,0.0
1097,25.388131117,0.0,10.85465712,0.0
1098,25.388131117,0.0,26.951913011,0.0
1099,25.388131117,0.0,11.725027097,0.0
1100,25.388131117,0.0,18.425664971,0.0
1101,25.388131117,0.0,76.190513876,0.0
1102,25.388131117,0.0,166.229730993,0.0
1103,25.388131117,0.0,38.884839197,0.0
1104,25.388131117,0.0,6.29389923,0.0
1105,25.388131117,0.0,25.361404636,0.0
1106,25.388131117,0.0,21.4673368,0.0
1107,25.388131117,0.0,13.387590061,0.0
1108,25.388131117,0.0,13.40154723,0.0
1109,25.388131117,0.0,2.18843452,0.0
1110,25.388131117,0.0,6.3921964,0.0
1111,25.388131117,0.0,55.798294359,0.0
1112,25.388131117,0.0,13.463816358,0.0
1113,25.388131117,0.0,28.141081071,0.0
1114,25.388131117,0.0,16.065606367,0.0
1115,25.388131117,0.0,16.261504351,0.0
1116,25.388131117,0.0,5.526283878,0.0
1117,25.388131117,0.0,1.153597602,0.0
1118,25.388131117,0.0,37.446974395,0.0
1119,25.388131117,0.0,18.742715591,0.0
1120,16.171154926,0.0,70.790128306,0.0
1121,16.171154926,0.0,24.393075621,0.0
1122,16.171154926,0.0,29.277283858,0.0
1123,16.171154926,0.0,25.448562517,0.0
1124,16.171154926,0.0,25.388131117,0.0
1125,16.171154926,0.0,13.188256381,0.0
1126,16.171154926,0.0,2.937167089,0.0
1127,16.171154926,0.0,5.810539423,0.0
1128,16.171154926,0.0,4.453474372,0.0
1129,16.171154926,0.0,3.738556716,0.0
1130,16.171154926,0.0,10.545807272,0.0
1131,16.171154926,0.0,39.186740427,0.0
1132,16.171154926,0.0,10.85465712,0.0
1133,16.171154926,0.0,8.543727113,0.0
1134,16.171154926,0.0,26.951913011,0.0
1135,16.171154926,0.0,87.232541053,0.0
1136,16.171154926,0.0,11.725027097,0.0
1137,16.171154926,0.0,18.425664971,0.0
1138,16.171154926,0.0,76.190513876,0.0
1139,16.171154926,0.0,6.29389923,0.0
1140,16.171154926,0.0,2.747009708,0.0
1141,16.171154926,0.0,12.11319811,0.0
1142,16.171154926,0.0,13.40154723,0.0
1143,16.171154926,0.0,0.2163006742,0.0
1144,16.171154926,0.0,69.232611588,0.0
1145,16.171154926,0.0,35.296213123,0.0
1146,16.171154926,0.0,13.463816358,0.0
1147,16.171154926,0.0,18.742715591,0.0
1148,13.188256381,0.0,70.790128306,0.0
1149,13.188256381,0.0,24.393075621,0.0
1150,13.188256381,0.0,49.446131829,0.0
1151,13.188256381,0.0,221.127687829,0.0
1152,13.188256381,0.0,46.94762608,1.0
1153,13.188256381,0.0,29.277283858,0.0
1154,13.188256381,0.0,25.448562517,0.0
1155,13.188256381,0.0,26.964553761,0.0
1156,13.188256381,0.0,25.388131117,0.0
1157,13.188256381,0.0,16.171154926,0.0
1158,13.188256381,0.0,2.937167089,0.0
1159,13.188256381,0.0,5.810539423,0.0
1160,13.188256381,0.0,4.20148694,0.0
1161,13.188256381,0.0,10.545807272,0.0
1162,13.188256381,0.0,39.186740427,0.0
1163,13.188256381,0.0,9.231275489,0.0
1164,13.188256381,0.0,5.943829326,0.0
1165,13.188256381,0.0,10.85465712,0.0
1166,13.188256381,0.0,8.543727113,0.0
1167,13.188256381,0.0,26.951913011,0.0
1168,13.188256381,0.0,76.190513876,0.0
1169,13.188256381,0.0,166.229730993,0.0
1170,13.188256381,0.0,11.107227225,0.0
1171,13.188256381,0.0,6.29389923,0.0
1172,13.188256381,0.0,149.102088463,0.0
1173,13.188256381,0.0,6.866216929,0.0
1174,13.188256381,0.0,13.40154723,0.0
1175,13.188256381,0.0,13.463816358,0.0
1176,13.188256381,0.0,6.160199667,0.0
1177,13.188256381,0.0,9.5496673,0.0
1178,2.937167089,0.0,70.790128306,0.0
1179,2.937167089,0.0,6.891467023,0.0
1180,2.937167089,0.0,24.393075621,0.0
1181,2.937167089,0.0,29.277283858,0.0
1182,2.937167089,0.0,25.448562517,0.0
1183,2.937167089,0.0,25.388131117,0.0
1184,2.937167089,0.0,16.171154926,0.0
1185,2.937167089,0.0,13.188256381,0.0
1186,2.937167089,0.0,5.810539423,0.0
1187,2.937167089,0.0,10.545807272,0.0
1188,2.937167089,0.0,10.85465712,0.0
1189,2.937167089,0.0,26.951913011,0.0
1190,2.937167089,0.0,13.463816358,0.0
1191,2.937167089,0.0,27.455093588,0.0
1192,3.530931163,0.0,70.790128306,0.0
1193,3.530931163,0.0,6.891467023,0.0
1194,3.530931163,0.0,4.342597191,0.0
1195,3.530931163,0.0,25.448562517,0.0
1196,3.530931163,0.0,26.964553761,0.0
1197,3.530931163,0.0,63.638655974,0.0
1198,3.530931163,0.0,25.388131117,0.0
1199,3.530931163,0.0,5.810539423,0.0
1200,3.530931163,0.0,4.453474372,0.0
1201,3.530931163,0.0,3.738556716,0.0
1202,3.530931163,0.0,4.20148694,0.0
1203,3.530931163,0.0,10.545807272,0.0
1204,3.530931163,0.0,39.186740427,0.0
1205,3.530931163,0.0,19.802798823,0.0
1206,3.530931163,0.0,8.543727113,0.0
1207,3.530931163,0.0,26.951913011,0.0
1208,3.530931163,0.0,11.725027097,0.0
1209,3.530931163,0.0,76.190513876,0.0
1210,3.530931163,0.0,166.229730993,0.0
1211,3.530931163,0.0,28.221062884,0.0
1212,3.530931163,0.0,4.733555389,0.0
1213,3.530931163,0.0,12.052625476,0.0
1214,3.530931163,0.0,21.4673368,0.0
1215,3.530931163,0.0,17.69454432,0.0
1216,3.530931163,0.0,25.471798052,0.0
1217,3.530931163,0.0,13.40154723,0.0
1218,3.530931163,0.0,2.18843452,0.0
1219,3.530931163,0.0,8.087718499,0.0
1220,3.530931163,0.0,10.110020964,0.0
1221,3.530931163,0.0,13.463816358,0.0
1222,3.530931163,0.0,9.5496673,0.0
1223,3.530931163,0.0,27.455093588,0.0
1224,3.530931163,0.0,7.574758381,0.0
1225,39.186740427,0.0,70.790128306,0.0
1226,39.186740427,0.0,6.891467023,0.0
1227,39.186740427,0.0,14.279837015,0.0
1228,39.186740427,0.0,24.393075621,0.0
1229,39.186740427,0.0,16.845346518,0.0
1230,39.186740427,0.0,49.446131829,0.0
1231,39.186740427,0.0,31.940000062,0.0
1232,39.186740427,0.0,46.94762608,1.0
1233,39.186740427,0.0,29.277283858,0.0
1234,39.186740427,0.0,25.448562517,0.0
1235,39.186740427,0.0,26.964553761,0.0
1236,39.186740427,0.0,63.638655974,0.0
1237,39.186740427,0.0,25.388131117,0.0
1238,39.186740427,0.0,16.171154926,0.0
1239,39.186740427,0.0,13.188256381,0.0
1240,39.186740427,0.0,2.937167089,0.0
1241,39.186740427,0.0,5.810539423,0.0
1242,39.186740427,0.0,4.453474372,0.0
1243,39.186740427,0.0,3.738556716,0.0
1244,39.186740427,0.0,4.20148694,0.0
1245,39.186740427,0.0,3.530931163,0.0
1246,39.186740427,0.0,10.545807272,0.0
1247,39.186740427,0.0,9.231275489,0.0
1248,39.186740427,0.0,19.802798823,0.0
1249,39.186740427,0.0,5.943829326,0.0
1250,39.186740427,0.0,10.85465712,0.0
1251,39.186740427,0.0,8.543727113,0.0
1252,39.186740427,0.0,4.419433878,0.0
1253,39.186740427,0.0,26.951913011,0.0
1254,39.186740427,0.0,87.232541053,0.0
1255,39.186740427,0.0,11.725027097,0.0
1256,39.186740427,0.0,18.425664971,0.0
1257,39.186740427,0.0,76.190513876,0.0
1258,39.186740427,0.0,166.229730993,0.0
1259,39.186740427,0.0,6.29389923,0.0
1260,39.186740427,0.0,149.102088463,0.0
1261,39.186740427,0.0,26.67006964,0.0
1262,39.186740427,0.0,12.11319811,0.0
1263,39.186740427,0.0,17.635672416,0.0
1264,39.186740427,0.0,12.052625476,0.0
1265,39.186740427,0.0,13.387590061,0.0
1266,39.186740427,0.0,31.467421346,0.0
1267,39.186740427,0.0,13.40154723,0.0
1268,39.186740427,0.0,9.27739216,0.0
1269,39.186740427,0.0,4.609646425,0.0
1270,39.186740427,0.0,69.232611588,0.0
1271,39.186740427,0.0,35.296213123,0.0
1272,39.186740427,0.0,55.798294359,0.0
1273,39.186740427,0.0,13.463816358,0.0
1274,39.186740427,0.0,9.5496673,0.0
1275,39.186740427,0.0,28.141081071,0.0
1276,39.186740427,0.0,27.455093588,0.0
1277,39.186740427,0.0,15.731819137,0.0
1278,39.186740427,0.0,1.153597602,0.0
1279,39.186740427,0.0,7.574758381,0.0
1280,9.231275489,0.0,70.790128306,0.0
1281,9.231275489,0.0,7.676528234,0.0
1282,9.231275489,0.0,11.952476906,0.0
1283,9.231275489,0.0,24.393075621,0.0
1284,9.231275489,0.0,49.446131829,0.0
1285,9.231275489,0.0,221.127687829,0.0
1286,9.231275489,0.0,29.277283858,0.0
1287,9.231275489,0.0,25.448562517,0.0
1288,9.231275489,0.0,13.188256381,0.0
1289,9.231275489,0.0,5.810539423,0.0
1290,9.231275489,0.0,4.453474372,0.0
1291,9.231275489,0.0,3.530931163,0.0
1292,9.231275489,0.0,39.186740427,0.0
1293,9.231275489,0.0,19.802798823,0.0
1294,9.231275489,0.0,5.943829326,0.0
1295,9.231275489,0.0,10.85465712,0.0
1296,9.231275489,0.0,8.543727113,0.0
1297,9.231275489,0.0,4.419433878,0.0
1298,9.231275489,0.0,26.951913011,0.0
1299,9.231275489,0.0,11.725027097,0.0
1300,9.231275489,0.0,28.221062884,0.0
1301,9.231275489,0.0,4.733555389,0.0
1302,9.231275489,0.0,6.29389923,0.0
1303,9.231275489,0.0,68.828085539,0.0
1304,9.231275489,0.0,14.723673279,0.0
1305,9.231275489,0.0,17.635672416,0.0
1306,9.231275489,0.0,13.387590061,0.0
1307,9.231275489,0.0,31.467421346,0.0
1308,9.231275489,0.0,9.27739216,0.0
1309,9.231275489,0.0,30.957578952,0.0
1310,9.231275489,0.0,11.453611597,0.0
1311,9.231275489,0.0,55.798294359,0.0
1312,19.802798823,0.0,70.790128306,0.0
1313,19.802798823,0.0,49.446131829,0.0
1314,19.802798823,0.0,27.727856837,0.0
1315,19.802798823,0.0,29.277283858,0.0
1316,19.802798823,0.0,25.448562517,0.0
1317,19.802798823,0.0,25.388131117,0.0
1318,19.802798823,0.0,16.171154926,0.0
1319,19.802798823,0.0,5.810539423,0.0
1320,19.802798823,0.0,39.186740427,0.0
1321,19.802798823,0.0,9.231275489,0.0
1322,19.802798823,0.0,5.943829326,0.0
1323,19.802798823,0.0,10.85465712,0.0
1324,19.802798823,0.0,8.543727113,0.0
1325,19.802798823,0.0,4.419433878,0.0
1326,19.802798823,0.0,26.951913011,0.0
1327,19.802798823,0.0,26.67006964,0.0
1328,19.802798823,0.0,13.40154723,0.0
1329,19.802798823,0.0,4.609646425,0.0
1330,19.802798823,0.0,35.296213123,0.0
1331,19.802798823,0.0,5.778618585,0.0
1332,19.802798823,0.0,9.5496673,0.0
1333,8.543727113,0.0,70.790128306,0.0
1334,8.543727113,0.0,14.279837015,0.0
1335,8.543727113,0.0,24.393075621,0.0
1336,8.543727113,0.0,16.845346518,0.0
1337,8.543727113,0.0,49.446131829,0.0
1338,8.543727113,0.0,31.940000062,0.0
1339,8.543727113,0.0,29.277283858,0.0
1340,8.543727113,0.0,25.448562517,0.0
1341,8.543727113,0.0,26.964553761,0.0
1342,8.543727113,0.0,25.388131117,0.0
1343,8.543727113,0.0,16.171154926,0.0
1344,8.543727113,0.0,13.188256381,0.0
1345,8.543727113,0.0,3.738556716,0.0
1346,8.543727113,0.0,4.20148694,0.0
1347,8.543727113,0.0,3.530931163,0.0
1348,8.543727113,0.0,10.545807272,0.0
1349,8.543727113,0.0,39.186740427,0.0
1350,8.543727113,0.0,9.231275489,0.0
1351,8.543727113,0.0,19.802798823,0.0
1352,8.543727113,0.0,5.943829326,0.0
1353,8.543727113,0.0,10.85465712,0.0
1354,8.543727113,0.0,4.419433878,0.0
1355,8.543727113,0.0,26.951913011,0.0
1356,8.543727113,0.0,11.725027097,0.0
1357,8.543727113,0.0,18.425664971,0.0
1358,8.543727113,0.0,76.190513876,0.0
1359,8.543727113,0.0,166.229730993,0.0
1360,8.543727113,0.0,6.29389923,0.0
1361,8.543727113,0.0,26.67006964,0.0
1362,8.543727113,0.0,12.11319811,0.0
1363,8.543727113,0.0,17.69454432,0.0
1364,8.543727113,0.0,13.387590061,0.0
1365,8.543727113,0.0,69.232611588,0.0
1366,8.543727113,0.0,17.030533555,0.0
1367,8.543727113,0.0,55.798294359,0.0
1368,8.543727113,0.0,9.5496673,0.0
1369,8.543727113,0.0,27.455093588,0.0
1370,8.543727113,0.0,87.372172325,0.0
1371,11.725027097,0.0,70.790128306,0.0
1372,11.725027097,0.0,7.676528234,0.0
1373,11.725027097,0.0,14.279837015,0.0
1374,11.725027097,0.0,49.446131829,0.0
1375,11.725027097,0.0,29.277283858,0.0
1376,11.725027097,0.0,25.448562517,0.0
1377,11.725027097,0.0,26.964553761,0.0
1378,11.725027097,0.0,25.388131117,0.0
1379,11.725027097,0.0,16.171154926,0.0
1380,11.725027097,0.0,2.937167089,0.0
1381,11.725027097,0.0,4.453474372,0.0
1382,11.725027097,0.0,10.545807272,0.0
1383,11.725027097,0.0,39.186740427,0.0
1384,11.725027097,0.0,9.231275489,0.0
1385,11.725027097,0.0,19.802798823,0.0
1386,11.725027097,0.0,10.85465712,0.0
1387,11.725027097,0.0,8.543727113,0.0
1388,11.725027097,0.0,4.419433878,0.0
1389,11.725027097,0.0,26.951913011,0.0
1390,11.725027097,0.0,87.232541053,0.0
1391,11.725027097,0.0,18.425664971,0.0
1392,11.725027097,0.0,76.190513876,0.0
1393,11.725027097,0.0,166.229730993,0.0
1394,11.725027097,0.0,6.29389923,0.0
1395,11.725027097,0.0,149.102088463,0.0
1396,11.725027097,0.0,26.67006964,0.0
1397,11.725027097,0.0,17.635672416,0.0
1398,11.725027097,0.0,13.40154723,0.0
1399,11.725027097,0.0,8.888795637,0.0
1400,11.725027097,0.0,10.110020964,0.0
1401,11.725027097,0.0,69.232611588,0.0
1402,11.725027097,0.0,22.835871871,0.0
1403,11.725027097,0.0,5.103967695,0.0
1404,11.725027097,0.0,40.709785723,0.0
1405,18.425664971,0.0,70.790128306,0.0
1406,18.425664971,0.0,24.393075621,0.0
1407,18.425664971,0.0,29.277283858,0.0
1408,18.425664971,0.0,25.448562517,0.0
1409,18.425664971,0.0,6.182939494,0.0
1410,18.425664971,0.0,2.484388825,0.0
1411,18.425664971,0.0,26.964553761,0.0
1412,18.425664971,0.0,233.692864157,0.0
1413,18.425664971,0.0,25.388131117,0.0
1414,18.425664971,0.0,16.171154926,0.0
1415,18.425664971,0.0,13.188256381,0.0
1416,18.425664971,0.0,5.810539423,0.0
1417,18.425664971,0.0,39.186740427,0.0
1418,18.425664971,0.0,9.231275489,0.0
1419,18.425664971,0.0,8.543727113,0.0
1420,18.425664971,0.0,26.951913011,0.0
1421,18.425664971,0.0,11.725027097,0.0
1422,18.425664971,0.0,76.190513876,0.0
1423,18.425664971,0.0,166.229730993,0.0
1424,18.425664971,0.0,2.747009708,0.0
1425,18.425664971,0.0,17.635672416,0.0
1426,18.425664971,0.0,17.69454432,0.0
1427,18.425664971,0.0,13.40154723,0.0
1428,18.425664971,0.0,69.232611588,0.0
1429,18.425664971,0.0,9.5496673,0.0
1430,76.190513876,0.0,70.790128306,0.0
1431,76.190513876,0.0,20.309502747,0.0
1432,76.190513876,0.0,24.393075621,0.0
1433,76.190513876,0.0,7.827958431,0.0
1434,76.190513876,0.0,49.446131829,0.0
1435,76.190513876,0.0,221.127687829,0.0
1436,76.190513876,0.0,29.277283858,0.0
1437,76.190513876,0.0,25.448562517,0.0
1438,76.190513876,0.0,41.586679644,0.0
1439,76.190513876,0.0,26.964553761,0.0
1440,76.190513876,0.0,233.692864157,0.0
1441,76.190513876,0.0,25.388131117,0.0
1442,76.190513876,0.0,16.171154926,0.0
1443,76.190513876,0.0,13.188256381,0.0
1444,76.190513876,0.0,5.810539423,0.0
1445,76.190513876,0.0,4.453474372,0.0
1446,76.190513876,0.0,10.545807272,0.0
1447,76.190513876,0.0,39.186740427,0.0
1448,76.190513876,0.0,9.231275489,0.0
1449,76.190513876,0.0,10.85465712,0.0
1450,76.190513876,0.0,8.543727113,0.0
1451,76.190513876,0.0,26.951913011,0.0
1452,76.190513876,0.0,87.232541053,0.0
1453,76.190513876,0.0,11.725027097,0.0
1454,76.190513876,0.0,18.425664971,0.0
1455,76.190513876,0.0,166.229730993,0.0
1456,76.190513876,0.0,28.221062884,0.0
1457,76.190513876,0.0,17.167266676,0.0
1458,76.190513876,0.0,6.29389923,0.0
1459,76.190513876,0.0,2.747009708,0.0
1460,76.190513876,0.0,12.11319811,0.0
1461,76.190513876,0.0,17.635672416,0.0
1462,76.190513876,0.0,13.40154723,0.0
1463,76.190513876,0.0,0.2163006742,0.0
1464,76.190513876,0.0,2.18843452,0.0
1465,76.190513876,0.0,3.807620271,0.0
1466,76.190513876,0.0,17.501247243,0.0
1467,76.190513876,0.0,69.232611588,0.0
1468,76.190513876,0.0,17.030533555,0.0
1469,76.190513876,0.0,55.798294359,0.0
1470,76.190513876,0.0,13.463816358,0.0
1471,76.190513876,0.0,5.778618585,0.0
1472,76.190513876,0.0,9.5496673,0.0
1473,76.190513876,0.0,27.455093588,0.0
1474,76.190513876,0.0,8.470417781,0.0
1475,76.190513876,0.0,21.568777428,0.0
1476,76.190513876,0.0,6.008748456,1.0
1477,76.190513876,0.0,1.153597602,0.0
1478,76.190513876,0.0,87.372172325,0.0
1479,76.190513876,0.0,7.455058179,1.0
1480,76.190513876,0.0,14.914079569,0.0
1481,166.229730993,0.0,70.790128306,0.0
1482,166.229730993,0.0,20.309502747,0.0
1483,166.229730993,0.0,16.845346518,0.0
1484,166.229730993,0.0,40.806273654,0.0
1485,166.229730993,0.0,0.04929124894,0.0
1486,166.229730993,0.0,49.446131829,0.0
1487,166.229730993,0.0,13.731164167,0.0
1488,166.229730993,0.0,8.372930307,0.0
1489,166.229730993,0.0,82.132467318,0.0
1490,166.229730993,0.0,644.303257967,0.0
1491,166.229730993,0.0,28.217529498,0.0
1492,166.229730993,0.0,23.004257875,0.0
1493,166.229730993,0.0,25.448562517,0.0
1494,166.229730993,0.0,13.248713101,0.0
1495,166.229730993,0.0,17.926035137,0.0
1496,166.229730993,0.0,63.666383596,0.0
1497,166.229730993,0.0,2.484388825,0.0
1498,166.229730993,0.0,2.57837258,0.0
1499,166.229730993,0.0,26.964553761,0.0
1500,166.229730993,0.0,27.886746336,0.0
1501,166.229730993,0.0,10.675268286,0.0
1502,166.229730993,0.0,233.692864157,0.0
1503,166.229730993,0.0,25.388131117,0.0
1504,166.229730993,0.0,13.188256381,0.0
1505,166.229730993,0.0,3.738556716,0.0
1506,166.229730993,0.0,3.530931163,0.0
1507,166.229730993,0.0,39.186740427,0.0
1508,166.229730993,0.0,19.802798823,0.0
1509,166.229730993,0.0,8.543727113,0.0
1510,166.229730993,0.0,26.951913011,0.0
1511,166.229730993,0.0,87.232541053,0.0
1512,166.229730993,0.0,11.725027097,0.0
1513,166.229730993,0.0,76.190513876,0.0
1514,166.229730993,0.0,17.876453769,0.0
1515,166.229730993,0.0,17.167266676,0.0
1516,166.229730993,0.0,149.102088463,0.0
1517,166.229730993,0.0,26.67006964,0.0
1518,166.229730993,0.0,13.40154723,0.0
1519,166.229730993,0.0,30.957578952,0.0
1520,166.229730993,0.0,10.110020964,0.0
1521,166.229730993,0.0,13.352047978,0.0
1522,166.229730993,0.0,69.232611588,0.0
1523,166.229730993,0.0,6.3921964,0.0
1524,166.229730993,0.0,55.798294359,0.0
1525,166.229730993,0.0,59.17079679,0.0
1526,166.229730993,0.0,61.033765457,0.0
1527,166.229730993,0.0,34.599385905,0.0
1528,166.229730993,0.0,19.854018686,0.0
1529,166.229730993,0.0,32.512744515,0.0
1530,166.229730993,0.0,8.615332064,0.0
1531,166.229730993,0.0,11.769430661,0.0
1532,166.229730993,0.0,1.263600825,0.0
1533,166.229730993,0.0,10.321111206,0.0
1534,15.611347975,1.0,70.790128306,0.0
1535,15.611347975,1.0,16.845346518,0.0
1536,15.611347975,1.0,53.620745395,1.0
1537,15.611347975,1.0,5.206241117,0.0
1538,15.611347975,1.0,26.964553761,0.0
1539,15.611347975,1.0,15.925449164,1.0
1540,15.611347975,1.0,4.124741698,1.0
1541,15.611347975,1.0,5.32825762,1.0
1542,15.611347975,1.0,7.094763502,1.0
1543,15.611347975,1.0,4.245903096,1.0
1544,15.611347975,1.0,7.214621746,1.0
1545,15.611347975,1.0,10.116729733,1.0
1546,15.611347975,1.0,8.735817523,1.0
1547,15.611347975,1.0,14.998267347,1.0
1548,15.611347975,1.0,5.014749404,1.0
1549,15.611347975,1.0,10.123192269,1.0
1550,15.611347975,1.0,7.165161717,1.0
1551,15.611347975,1.0,6.472934546,1.0
1552,15.611347975,1.0,12.120044245,1.0
1553,15.611347975,1.0,8.50266253,1.0
1554,15.611347975,1.0,8.148691521,1.0
1555,15.611347975,1.0,14.040953069,1.0
1556,15.611347975,1.0,4.709903611,1.0
1557,15.611347975,1.0,23.390458917,1.0
1558,15.611347975,1.0,10.006734416,1.0
1559,15.611347975,1.0,13.387590061,0.0
1560,15.611347975,1.0,55.798294359,0.0
1561,15.611347975,1.0,37.938945266,1.0
1562,15.611347975,1.0,4.441750842,1.0
1563,15.611347975,1.0,5.02729186,1.0
1564,8.394491298,0.0,70.790128306,0.0
1565,8.394491298,0.0,6.396811195,0.0
1566,8.394491298,0.0,7.605207699,0.0
1567,8.394491298,0.0,35.374851173,0.0
1568,8.394491298,0.0,26.668067758,0.0
1569,8.394491298,0.0,6.247337911,0.0
1570,4.733555389,0.0,70.790128306,0.0
1571,4.733555389,0.0,31.940000062,0.0
1572,4.733555389,0.0,4.082622936,0.0
1573,4.733555389,0.0,2.513608734,0.0
1574,4.733555389,0.0,9.070312157,0.0
1575,4.733555389,0.0,4.453474372,0.0
1576,4.733555389,0.0,3.738556716,0.0
1577,4.733555389,0.0,4.20148694,0.0
1578,4.733555389,0.0,3.530931163,0.0
1579,4.733555389,0.0,25.471798052,0.0
1580,4.733555389,0.0,13.40154723,0.0
1581,4.733555389,0.0,17.030533555,0.0
1582,17.167266676,0.0,70.790128306,0.0
1583,17.167266676,0.0,7.676528234,0.0
1584,17.167266676,0.0,22.254282903,0.0
1585,17.167266676,0.0,40.806273654,0.0
1586,17.167266676,0.0,49.446131829,0.0
1587,17.167266676,0.0,5.695326751,0.0
1588,17.167266676,0.0,6.856312521,0.0
1589,17.167266676,0.0,10.603153598,0.0
1590,17.167266676,0.0,12.658976161,0.0
1591,17.167266676,0.0,82.132467318,0.0
1592,17.167266676,0.0,31.940000062,0.0
1593,17.167266676,0.0,644.303257967,0.0
1594,17.167266676,0.0,25.448562517,0.0
1595,17.167266676,0.0,13.248713101,0.0
1596,17.167266676,0.0,11.802286831,0.0
1597,17.167266676,0.0,166.229730993,0.0
1598,17.167266676,0.0,17.69454432,0.0
1599,17.167266676,0.0,13.463816358,0.0
1600,20.478210038,0.0,70.790128306,0.0
1601,20.478210038,0.0,13.731164167,0.0
1602,20.478210038,0.0,24.747524022,0.0
1603,20.478210038,0.0,8.149810633,0.0
1604,20.478210038,0.0,9.807544254,0.0
1605,20.478210038,0.0,11.769430661,0.0
1606,5.083767503,0.0,70.790128306,0.0
1607,5.083767503,0.0,6.125094563,0.0
1608,5.083767503,0.0,63.638655974,0.0
1609,5.083767503,0.0,38.950111199,0.0
1610,5.083767503,0.0,28.221062884,0.0
1611,5.083767503,0.0,68.828085539,0.0
1612,5.083767503,0.0,149.102088463,0.0
1613,5.083767503,0.0,13.387590061,0.0
1614,5.083767503,0.0,10.753671037,0.0
1615,9.342310384,0.0,70.790128306,0.0
1616,9.342310384,0.0,6.891467023,0.0
1617,9.342310384,0.0,24.393075621,0.0
1618,9.342310384,0.0,12.052625476,0.0
1619,9.342310384,0.0,17.69454432,0.0
1620,9.342310384,0.0,12.128903099,0.0
1621,9.342310384,0.0,25.471798052,0.0
1622,9.342310384,0.0,30.957578952,0.0
1623,9.342310384,0.0,12.017629042,0.0
1624,9.342310384,0.0,8.888795637,0.0
1625,9.342310384,0.0,8.894560264,0.0
1626,9.342310384,0.0,7.662768857,0.0
1627,9.342310384,0.0,11.453611597,0.0
1628,9.342310384,0.0,69.232611588,0.0
1629,9.342310384,0.0,12.094522896,0.0
1630,9.342310384,0.0,35.296213123,0.0
1631,26.67006964,0.0,70.790128306,0.0
1632,26.67006964,0.0,13.627932806,0.0
1633,26.67006964,0.0,6.891467023,0.0
1634,26.67006964,0.0,20.309502747,0.0
1635,26.67006964,0.0,6.39604377,0.0
1636,26.67006964,0.0,22.254282903,0.0
1637,26.67006964,0.0,14.279837015,0.0
1638,26.67006964,0.0,24.393075621,0.0
1639,26.67006964,0.0,16.845346518,0.0
1640,26.67006964,0.0,49.446131829,0.0
1641,26.67006964,0.0,12.121050526,0.0
1642,26.67006964,0.0,82.132467318,0.0
1643,26.67006964,0.0,23.004257875,0.0
1644,26.67006964,0.0,39.186740427,0.0
1645,26.67006964,0.0,19.802798823,0.0
1646,26.67006964,0.0,8.543727113,0.0
1647,26.67006964,0.0,4.419433878,0.0
1648,26.67006964,0.0,87.232541053,0.0
1649,26.67006964,0.0,15.611347975,1.0
1650,26.67006964,0.0,17.635672416,0.0
1651,26.67006964,0.0,21.4673368,0.0
1652,26.67006964,0.0,17.69454432,0.0
1653,26.67006964,0.0,12.128903099,0.0
1654,26.67006964,0.0,13.387590061,0.0
1655,26.67006964,0.0,25.471798052,0.0
1656,26.67006964,0.0,31.467421346,0.0
1657,26.67006964,0.0,9.27739216,0.0
1658,26.67006964,0.0,30.957578952,0.0
1659,26.67006964,0.0,8.087718499,0.0
1660,26.67006964,0.0,8.894560264,0.0
1661,26.67006964,0.0,7.596552305,0.0
1662,26.67006964,0.0,10.110020964,0.0
1663,26.67006964,0.0,13.352047978,0.0
1664,26.67006964,0.0,17.501247243,0.0
1665,26.67006964,0.0,14.129269059,0.0
1666,26.67006964,0.0,69.232611588,0.0
1667,26.67006964,0.0,35.296213123,0.0
1668,26.67006964,0.0,55.798294359,0.0
1669,12.11319811,0.0,70.790128306,0.0
1670,12.11319811,0.0,20.309502747,0.0
1671,12.11319811,0.0,4.342597191,0.0
1672,12.11319811,0.0,22.254282903,0.0
1673,12.11319811,0.0,24.393075621,0.0
1674,12.11319811,0.0,16.845346518,0.0
1675,12.11319811,0.0,26.67006964,0.0
1676,12.11319811,0.0,21.4673368,0.0
1677,12.11319811,0.0,17.69454432,0.0
1678,12.11319811,0.0,13.387590061,0.0
1679,12.11319811,0.0,25.471798052,0.0
1680,12.11319811,0.0,30.957578952,0.0
1681,12.11319811,0.0,7.596552305,0.0
1682,12.11319811,0.0,17.501247243,0.0
1683,12.11319811,0.0,14.129269059,0.0
1684,12.11319811,0.0,69.232611588,0.0
1685,12.11319811,0.0,12.094522896,0.0
1686,12.11319811,0.0,10.075756973,0.0
1687,12.11319811,0.0,17.030533555,0.0
1688,12.11319811,0.0,35.296213123,0.0
1689,12.11319811,0.0,6.3921964,0.0
1690,12.11319811,0.0,55.798294359,0.0
1691,12.11319811,0.0,5.778618585,0.0
1692,12.11319811,0.0,9.723321295,0.0
1693,12.11319811,0.0,7.574758381,0.0
1694,17.635672416,0.0,70.790128306,0.0
1695,17.635672416,0.0,6.39604377,0.0
1696,17.635672416,0.0,4.342597191,0.0
1697,17.635672416,0.0,11.952476906,0.0
1698,17.635672416,0.0,14.279837015,0.0
1699,17.635672416,0.0,24.393075621,0.0
1700,17.635672416,0.0,7.827958431,0.0
1701,17.635672416,0.0,16.845346518,0.0
1702,17.635672416,0.0,49.446131829,0.0
1703,17.635672416,0.0,29.277283858,0.0
1704,17.635672416,0.0,9.231275489,0.0
1705,17.635672416,0.0,19.802798823,0.0
1706,17.635672416,0.0,11.725027097,0.0
1707,17.635672416,0.0,76.190513876,0.0
1708,17.635672416,0.0,166.229730993,0.0
1709,17.635672416,0.0,26.67006964,0.0
1710,17.635672416,0.0,21.4673368,0.0
1711,17.635672416,0.0,17.69454432,0.0
1712,17.635672416,0.0,13.387590061,0.0
1713,17.635672416,0.0,25.471798052,0.0
1714,17.635672416,0.0,31.467421346,0.0
1715,17.635672416,0.0,6.866216929,0.0
1716,17.635672416,0.0,30.957578952,0.0
1717,17.635672416,0.0,12.017629042,0.0
1718,17.635672416,0.0,10.110020964,0.0
1719,17.635672416,0.0,7.662768857,0.0
1720,17.635672416,0.0,17.501247243,0.0
1721,17.635672416,0.0,69.232611588,0.0
1722,17.635672416,0.0,5.168069309,0.0
1723,17.635672416,0.0,10.075756973,0.0
1724,17.635672416,0.0,35.296213123,0.0
1725,17.635672416,0.0,55.798294359,0.0
1726,17.635672416,0.0,14.914079569,0.0
1727,17.635672416,0.0,40.709785723,0.0
1728,12.052625476,0.0,70.790128306,0.0
1729,12.052625476,0.0,6.891467023,0.0
1730,12.052625476,0.0,20.309502747,0.0
1731,12.052625476,0.0,22.254282903,0.0
1732,12.052625476,0.0,24.393075621,0.0
1733,12.052625476,0.0,16.845346518,0.0
1734,12.052625476,0.0,31.940000062,0.0
1735,12.052625476,0.0,7.765033988,0.0
1736,12.052625476,0.0,233.692864157,0.0
1737,12.052625476,0.0,9.342310384,0.0
1738,12.052625476,0.0,21.4673368,0.0
1739,12.052625476,0.0,17.69454432,0.0
1740,12.052625476,0.0,12.128903099,0.0
1741,12.052625476,0.0,30.957578952,0.0
1742,12.052625476,0.0,8.888795637,0.0
1743,12.052625476,0.0,8.894560264,0.0
1744,12.052625476,0.0,7.596552305,0.0
1745,12.052625476,0.0,7.662768857,0.0
1746,12.052625476,0.0,11.453611597,0.0
1747,12.052625476,0.0,69.232611588,0.0
1748,12.052625476,0.0,12.094522896,0.0
1749,12.052625476,0.0,10.075756973,0.0
1750,12.052625476,0.0,35.296213123,0.0
1751,12.052625476,0.0,8.867122627,0.0
1752,21.4673368,0.0,70.790128306,0.0
1753,21.4673368,0.0,13.627932806,0.0
1754,21.4673368,0.0,6.891467023,0.0
1755,21.4673368,0.0,11.952476906,0.0
1756,21.4673368,0.0,22.254282903,0.0
1757,21.4673368,0.0,14.279837015,0.0
1758,21.4673368,0.0,24.393075621,0.0
1759,21.4673368,0.0,16.845346518,0.0
1760,21.4673368,0.0,23.004257875,0.0
1761,21.4673368,0.0,4.453474372,0.0
1762,21.4673368,0.0,10.545807272,0.0
1763,21.4673368,0.0,10.85465712,0.0
1764,21.4673368,0.0,76.190513876,0.0
1765,21.4673368,0.0,26.67006964,0.0
1766,21.4673368,0.0,12.11319811,0.0
1767,21.4673368,0.0,17.635672416,0.0
1768,21.4673368,0.0,12.052625476,0.0
1769,21.4673368,0.0,17.69454432,0.0
1770,21.4673368,0.0,13.387590061,0.0
1771,21.4673368,0.0,25.471798052,0.0
1772,21.4673368,0.0,6.866216929,0.0
1773,21.4673368,0.0,13.40154723,0.0
1774,21.4673368,0.0,8.087718499,0.0
1775,21.4673368,0.0,7.596552305,0.0
1776,21.4673368,0.0,13.352047978,0.0
1777,21.4673368,0.0,17.501247243,0.0
1778,21.4673368,0.0,11.453611597,0.0
1779,21.4673368,0.0,69.232611588,0.0
1780,21.4673368,0.0,12.094522896,0.0
1781,21.4673368,0.0,10.075756973,0.0
1782,21.4673368,0.0,17.030533555,0.0
1783,21.4673368,0.0,35.296213123,0.0
1784,21.4673368,0.0,6.3921964,0.0
1785,21.4673368,0.0,55.798294359,0.0
1786,21.4673368,0.0,9.723321295,0.0
1787,21.4673368,0.0,13.106842677,0.0
1788,21.4673368,0.0,8.867122627,0.0
1789,17.69454432,0.0,70.790128306,0.0
1790,17.69454432,0.0,6.891467023,0.0
1791,17.69454432,0.0,20.309502747,0.0
1792,17.69454432,0.0,14.279837015,0.0
1793,17.69454432,0.0,24.393075621,0.0
1794,17.69454432,0.0,7.827958431,0.0
1795,17.69454432,0.0,16.845346518,0.0
1796,17.69454432,0.0,8.655831002,0.0
1797,17.69454432,0.0,31.940000062,0.0
1798,17.69454432,0.0,7.765033988,0.0
1799,17.69454432,0.0,5.810539423,0.0
1800,17.69454432,0.0,166.229730993,0.0
1801,17.69454432,0.0,11.107227225,0.0
1802,17.69454432,0.0,9.342310384,0.0
1803,17.69454432,0.0,26.67006964,0.0
1804,17.69454432,0.0,12.11319811,0.0
1805,17.69454432,0.0,17.635672416,0.0
1806,17.69454432,0.0,12.052625476,0.0
1807,17.69454432,0.0,21.4673368,0.0
1808,17.69454432,0.0,12.128903099,0.0
1809,17.69454432,0.0,13.387590061,0.0
1810,17.69454432,0.0,25.471798052,0.0
1811,17.69454432,0.0,30.957578952,0.0
1812,17.69454432,0.0,12.017629042,0.0
1813,17.69454432,0.0,8.087718499,0.0
1814,17.69454432,0.0,8.888795637,0.0
1815,17.69454432,0.0,8.894560264,0.0
1816,17.69454432,0.0,7.596552305,0.0
1817,17.69454432,0.0,10.110020964,0.0
1818,17.69454432,0.0,13.352047978,0.0
1819,17.69454432,0.0,17.501247243,0.0
1820,17.69454432,0.0,14.129269059,0.0
1821,17.69454432,0.0,11.453611597,0.0
1822,17.69454432,0.0,69.232611588,0.0
1823,17.69454432,0.0,5.168069309,0.0
1824,17.69454432,0.0,10.075756973,0.0
1825,17.69454432,0.0,17.030533555,0.0
1826,17.69454432,0.0,35.296213123,0.0
1827,17.69454432,0.0,55.798294359,0.0
1828,17.69454432,0.0,4.167464205,0.0
1829,17.69454432,0.0,9.723321295,0.0
1830,17.69454432,0.0,8.867122627,0.0
1831,17.69454432,0.0,3.822478015,0.0
1832,12.128903099,0.0,70.790128306,0.0
1833,12.128903099,0.0,6.891467023,0.0
1834,12.128903099,0.0,20.309502747,0.0
1835,12.128903099,0.0,24.393075621,0.0
1836,12.128903099,0.0,9.342310384,0.0
1837,12.128903099,0.0,26.67006964,0.0
1838,12.128903099,0.0,12.052625476,0.0
1839,12.128903099,0.0,21.4673368,0.0
1840,12.128903099,0.0,17.69454432,0.0
1841,12.128903099,0.0,25.471798052,0.0
1842,12.128903099,0.0,8.087718499,0.0
1843,12.128903099,0.0,8.888795637,0.0
1844,12.128903099,0.0,8.894560264,0.0
1845,12.128903099,0.0,7.596552305,0.0
1846,12.128903099,0.0,13.352047978,0.0
1847,12.128903099,0.0,17.501247243,0.0
1848,12.128903099,0.0,69.232611588,0.0
1849,12.128903099,0.0,55.798294359,0.0
1850,12.128903099,0.0,8.867122627,0.0
1851,12.128903099,0.0,37.446974395,0.0
1852,13.387590061,0.0,70.790128306,0.0
1853,13.387590061,0.0,13.627932806,0.0
1854,13.387590061,0.0,6.891467023,0.0
1855,13.387590061,0.0,20.309502747,0.0
1856,13.387590061,0.0,6.39604377,0.0
1857,13.387590061,0.0,7.676528234,0.0
1858,13.387590061,0.0,22.254282903,0.0
1859,13.387590061,0.0,14.279837015,0.0
1860,13.387590061,0.0,24.393075621,0.0
1861,13.387590061,0.0,7.827958431,0.0
1862,13.387590061,0.0,16.845346518,0.0
1863,13.387590061,0.0,0.04929124894,0.0
1864,13.387590061,0.0,49.446131829,0.0
1865,13.387590061,0.0,13.731164167,0.0
1866,13.387590061,0.0,29.277283858,0.0
1867,13.387590061,0.0,23.004257875,0.0
1868,13.387590061,0.0,25.448562517,0.0
1869,13.387590061,0.0,63.638655974,0.0
1870,13.387590061,0.0,233.692864157,0.0
1871,13.387590061,0.0,13.188256381,0.0
1872,13.387590061,0.0,39.186740427,0.0
1873,13.387590061,0.0,9.231275489,0.0
1874,13.387590061,0.0,19.802798823,0.0
1875,13.387590061,0.0,8.543727113,0.0
1876,13.387590061,0.0,26.951913011,0.0
1877,13.387590061,0.0,166.229730993,0.0
1878,13.387590061,0.0,5.083767503,0.0
1879,13.387590061,0.0,26.67006964,0.0
1880,13.387590061,0.0,12.11319811,0.0
1881,13.387590061,0.0,17.635672416,0.0
1882,13.387590061,0.0,12.052625476,0.0
1883,13.387590061,0.0,21.4673368,0.0
1884,13.387590061,0.0,17.69454432,0.0
1885,13.387590061,0.0,12.128903099,0.0
1886,13.387590061,0.0,25.471798052,0.0
1887,13.387590061,0.0,6.866216929,0.0
1888,13.387590061,0.0,9.27739216,0.0
1889,13.387590061,0.0,2.18843452,0.0
1890,13.387590061,0.0,12.017629042,0.0
1891,13.387590061,0.0,8.087718499,0.0
1892,13.387590061,0.0,7.596552305,0.0
1893,13.387590061,0.0,10.110020964,0.0
1894,13.387590061,0.0,3.807620271,0.0
1895,13.387590061,0.0,13.352047978,0.0
1896,13.387590061,0.0,17.501247243,0.0
1897,13.387590061,0.0,69.232611588,0.0
1898,13.387590061,0.0,5.168069309,0.0
1899,13.387590061,0.0,12.094522896,0.0
1900,13.387590061,0.0,10.075756973,0.0
1901,13.387590061,0.0,35.296213123,0.0
1902,13.387590061,0.0,55.798294359,0.0
1903,13.387590061,0.0,28.141081071,0.0
1904,13.387590061,0.0,27.455093588,0.0
1905,13.387590061,0.0,21.568777428,0.0
1906,13.387590061,0.0,15.731819137,0.0
1907,13.387590061,0.0,8.867122627,0.0
1908,13.387590061,0.0,11.769430661,0.0
1909,13.387590061,0.0,14.914079569,0.0
1910,13.387590061,0.0,40.709785723,0.0
1911,25.471798052,0.0,70.790128306,0.0
1912,25.471798052,0.0,13.627932806,0.0
1913,25.471798052,0.0,6.891467023,0.0
1914,25.471798052,0.0,20.309502747,0.0
1915,25.471798052,0.0,6.39604377,0.0
1916,25.471798052,0.0,7.676528234,0.0
1917,25.471798052,0.0,11.952476906,0.0
1918,25.471798052,0.0,22.254282903,0.0
1919,25.471798052,0.0,14.279837015,0.0
1920,25.471798052,0.0,24.393075621,0.0
1921,25.471798052,0.0,16.845346518,0.0
1922,25.471798052,0.0,40.806273654,0.0
1923,25.471798052,0.0,7.605207699,0.0
1924,25.471798052,0.0,24.747524022,0.0
1925,25.471798052,0.0,11.802286831,0.0
1926,25.471798052,0.0,16.171154926,0.0
1927,25.471798052,0.0,13.188256381,0.0
1928,25.471798052,0.0,10.545807272,0.0
1929,25.471798052,0.0,8.543727113,0.0
1930,25.471798052,0.0,76.190513876,0.0
1931,25.471798052,0.0,26.67006964,0.0
1932,25.471798052,0.0,12.11319811,0.0
1933,25.471798052,0.0,17.635672416,0.0
1934,25.471798052,0.0,12.052625476,0.0
1935,25.471798052,0.0,21.4673368,0.0
1936,25.471798052,0.0,17.69454432,0.0
1937,25.471798052,0.0,12.128903099,0.0
1938,25.471798052,0.0,13.387590061,0.0
1939,25.471798052,0.0,31.467421346,0.0
1940,25.471798052,0.0,13.40154723,0.0
1941,25.471798052,0.0,2.18843452,0.0
1942,25.471798052,0.0,30.957578952,0.0
1943,25.471798052,0.0,12.017629042,0.0
1944,25.471798052,0.0,8.894560264,0.0
1945,25.471798052,0.0,7.596552305,0.0
1946,25.471798052,0.0,13.352047978,0.0
1947,25.471798052,0.0,17.501247243,0.0
1948,25.471798052,0.0,14.129269059,0.0
1949,25.471798052,0.0,11.453611597,0.0
1950,25.471798052,0.0,69.232611588,0.0
1951,25.471798052,0.0,12.094522896,0.0
1952,25.471798052,0.0,10.075756973,0.0
1953,25.471798052,0.0,17.030533555,0.0
1954,25.471798052,0.0,35.296213123,0.0
1955,25.471798052,0.0,6.3921964,0.0
1956,25.471798052,0.0,55.798294359,0.0
1957,25.471798052,0.0,2.715374743,0.0
1958,25.471798052,0.0,5.778618585,0.0
1959,25.471798052,0.0,9.723321295,0.0
1960,25.471798052,0.0,13.106842677,0.0
1961,25.471798052,0.0,0.08309332275,0.0
1962,25.471798052,0.0,27.455093588,0.0
1963,25.471798052,0.0,16.471802076,0.0
1964,25.471798052,0.0,8.867122627,0.0
1965,25.471798052,0.0,3.822478015,0.0
1966,6.866216929,0.0,70.790128306,0.0
1967,6.866216929,0.0,6.39604377,0.0
1968,6.866216929,0.0,11.952476906,0.0
1969,6.866216929,0.0,24.393075621,0.0
1970,6.866216929,0.0,16.845346518,0.0
1971,6.866216929,0.0,6.856312521,0.0
1972,6.866216929,0.0,4.20148694,0.0
1973,6.866216929,0.0,17.635672416,0.0
1974,6.866216929,0.0,13.387590061,0.0
1975,6.866216929,0.0,3.807620271,0.0
1976,6.866216929,0.0,7.662768857,0.0
1977,6.866216929,0.0,13.352047978,0.0
1978,6.866216929,0.0,17.501247243,0.0
1979,6.866216929,0.0,14.129269059,0.0
1980,6.866216929,0.0,11.453611597,0.0
1981,6.866216929,0.0,69.232611588,0.0
1982,6.866216929,0.0,5.168069309,0.0
1983,6.866216929,0.0,35.296213123,0.0
1984,2.18843452,0.0,70.790128306,0.0
1985,2.18843452,0.0,6.891467023,0.0
1986,2.18843452,0.0,16.845346518,0.0
1987,2.18843452,0.0,49.446131829,0.0
1988,2.18843452,0.0,82.132467318,0.0
1989,2.18843452,0.0,31.940000062,0.0
1990,2.18843452,0.0,10.545807272,0.0
1991,2.18843452,0.0,13.387590061,0.0
1992,2.18843452,0.0,25.471798052,0.0
1993,2.18843452,0.0,4.609646425,0.0
1994,2.18843452,0.0,30.957578952,0.0
1995,2.18843452,0.0,12.017629042,0.0
1996,2.18843452,0.0,8.087718499,0.0
1997,2.18843452,0.0,17.501247243,0.0
1998,2.18843452,0.0,69.232611588,0.0
1999,2.18843452,0.0,14.272640522,0.0
2000,30.957578952,0.0,70.790128306,0.0
2001,30.957578952,0.0,6.891467023,0.0
2002,30.957578952,0.0,14.279837015,0.0
2003,30.957578952,0.0,24.393075621,0.0
2004,30.957578952,0.0,16.845346518,0.0
2005,30.957578952,0.0,16.171154926,0.0
2006,30.957578952,0.0,9.231275489,0.0
2007,30.957578952,0.0,87.232541053,0.0
2008,30.957578952,0.0,166.229730993,0.0
2009,30.957578952,0.0,9.342310384,0.0
2010,30.957578952,0.0,26.67006964,0.0
2011,30.957578952,0.0,17.635672416,0.0
2012,30.957578952,0.0,12.052625476,0.0
2013,30.957578952,0.0,21.4673368,0.0
2014,30.957578952,0.0,13.387590061,0.0
2015,30.957578952,0.0,25.471798052,0.0
2016,30.957578952,0.0,2.18843452,0.0
2017,30.957578952,0.0,12.017629042,0.0
2018,30.957578952,0.0,8.087718499,0.0
2019,30.957578952,0.0,8.888795637,0.0
2020,30.957578952,0.0,8.894560264,0.0
2021,30.957578952,0.0,17.501247243,0.0
2022,30.957578952,0.0,11.453611597,0.0
2023,30.957578952,0.0,69.232611588,0.0
2024,30.957578952,0.0,12.094522896,0.0
2025,30.957578952,0.0,10.075756973,0.0
2026,30.957578952,0.0,35.296213123,0.0
2027,30.957578952,0.0,55.798294359,0.0
2028,30.957578952,0.0,21.568777428,0.0
2029,30.957578952,0.0,8.867122627,0.0
2030,30.957578952,0.0,40.709785723,0.0
2031,30.957578952,0.0,8.289017468,0.0
2032,12.017629042,0.0,70.790128306,0.0
2033,12.017629042,0.0,24.393075621,0.0
2034,12.017629042,0.0,7.827958431,0.0
2035,12.017629042,0.0,16.845346518,0.0
2036,12.017629042,0.0,31.940000062,0.0
2037,12.017629042,0.0,25.448562517,0.0
2038,12.017629042,0.0,4.453474372,0.0
2039,12.017629042,0.0,9.342310384,0.0
2040,12.017629042,0.0,13.387590061,0.0
2041,12.017629042,0.0,4.609646425,0.0
2042,12.017629042,0.0,2.18843452,0.0
2043,12.017629042,0.0,30.957578952,0.0
2044,12.017629042,0.0,8.087718499,0.0
2045,12.017629042,0.0,8.894560264,0.0
2046,12.017629042,0.0,7.596552305,0.0
2047,12.017629042,0.0,55.798294359,0.0
2048,12.017629042,0.0,8.867122627,0.0
2049,8.087718499,0.0,70.790128306,0.0
2050,8.087718499,0.0,6.891467023,0.0
2051,8.087718499,0.0,20.309502747,0.0
2052,8.087718499,0.0,24.393075621,0.0
2053,8.087718499,0.0,7.827958431,0.0
2054,8.087718499,0.0,16.845346518,0.0
2055,8.087718499,0.0,4.453474372,0.0
2056,8.087718499,0.0,26.67006964,0.0
2057,8.087718499,0.0,21.4673368,0.0
2058,8.087718499,0.0,17.69454432,0.0
2059,8.087718499,0.0,13.387590061,0.0
2060,8.087718499,0.0,4.609646425,0.0
2061,8.087718499,0.0,2.18843452,0.0
2062,8.087718499,0.0,30.957578952,0.0
2063,8.087718499,0.0,12.017629042,0.0
2064,8.087718499,0.0,10.110020964,0.0
2065,8.087718499,0.0,35.296213123,0.0
2066,8.087718499,0.0,6.3921964,0.0
2067,8.087718499,0.0,5.778618585,0.0
2068,8.087718499,0.0,21.568777428,0.0
2069,8.888795637,0.0,70.790128306,0.0
2070,8.888795637,0.0,6.891467023,0.0
2071,8.888795637,0.0,9.342310384,0.0
2072,8.888795637,0.0,12.052625476,0.0
2073,8.888795637,0.0,17.69454432,0.0
2074,8.888795637,0.0,12.128903099,0.0
2075,8.888795637,0.0,2.18843452,0.0
2076,8.888795637,0.0,30.957578952,0.0
2077,8.888795637,0.0,8.894560264,0.0
2078,8.888795637,0.0,7.596552305,0.0
2079,8.888795637,0.0,11.453611597,0.0
2080,8.888795637,0.0,69.232611588,0.0
2081,8.888795637,0.0,12.094522896,0.0
2082,8.888795637,0.0,35.296213123,0.0
2083,8.894560264,0.0,70.790128306,0.0
2084,8.894560264,0.0,6.891467023,0.0
2085,8.894560264,0.0,24.393075621,0.0
2086,8.894560264,0.0,16.845346518,0.0
2087,8.894560264,0.0,7.765033988,0.0
2088,8.894560264,0.0,10.277541211,1.0
2089,8.894560264,0.0,4.733555389,0.0
2090,8.894560264,0.0,9.342310384,0.0
2091,8.894560264,0.0,26.67006964,0.0
2092,8.894560264,0.0,12.052625476,0.0
2093,8.894560264,0.0,17.69454432,0.0
2094,8.894560264,0.0,12.128903099,0.0
2095,8.894560264,0.0,25.471798052,0.0
2096,8.894560264,0.0,30.957578952,0.0
2097,8.894560264,0.0,12.017629042,0.0
2098,8.894560264,0.0,8.888795637,0.0
2099,8.894560264,0.0,17.501247243,0.0
2100,8.894560264,0.0,11.453611597,0.0
2101,8.894560264,0.0,69.232611588,0.0
2102,8.894560264,0.0,5.168069309,0.0
2103,8.894560264,0.0,12.094522896,0.0
2104,8.894560264,0.0,35.296213123,0.0
2105,7.596552305,0.0,70.790128306,0.0
2106,7.596552305,0.0,6.891467023,0.0
2107,7.596552305,0.0,20.309502747,0.0
2108,7.596552305,0.0,24.393075621,0.0
2109,7.596552305,0.0,16.845346518,0.0
2110,7.596552305,0.0,25.448562517,0.0
2111,7.596552305,0.0,13.248713101,0.0
2112,7.596552305,0.0,5.810539423,0.0
2113,7.596552305,0.0,9.342310384,0.0
2114,7.596552305,0.0,12.052625476,0.0
2115,7.596552305,0.0,21.4673368,0.0
2116,7.596552305,0.0,17.69454432,0.0
2117,7.596552305,0.0,12.128903099,0.0
2118,7.596552305,0.0,13.387590061,0.0
2119,7.596552305,0.0,13.40154723,0.0
2120,7.596552305,0.0,8.087718499,0.0
2121,7.596552305,0.0,8.894560264,0.0
2122,7.596552305,0.0,17.501247243,0.0
2123,7.596552305,0.0,69.232611588,0.0
2124,7.596552305,0.0,17.030533555,0.0
2125,7.596552305,0.0,35.296213123,0.0
2126,7.596552305,0.0,55.798294359,0.0
2127,7.596552305,0.0,8.867122627,0.0
2128,10.110020964,0.0,70.790128306,0.0
2129,10.110020964,0.0,14.279837015,0.0
2130,10.110020964,0.0,24.393075621,0.0
2131,10.110020964,0.0,16.845346518,0.0
2132,10.110020964,0.0,49.446131829,0.0
2133,10.110020964,0.0,25.448562517,0.0
2134,10.110020964,0.0,39.186740427,0.0
2135,10.110020964,0.0,9.231275489,0.0
2136,10.110020964,0.0,15.611347975,1.0
2137,10.110020964,0.0,26.67006964,0.0
2138,10.110020964,0.0,12.11319811,0.0
2139,10.110020964,0.0,17.635672416,0.0
2140,10.110020964,0.0,13.387590061,0.0
2141,10.110020964,0.0,25.471798052,0.0
2142,10.110020964,0.0,12.017629042,0.0
2143,10.110020964,0.0,5.168069309,0.0
2144,10.110020964,0.0,55.798294359,0.0
2145,10.110020964,0.0,15.358209338,0.0
2146,10.110020964,0.0,34.599385905,0.0
2147,10.110020964,0.0,8.867122627,0.0
2148,7.662768857,0.0,70.790128306,0.0
2149,7.662768857,0.0,13.627932806,0.0
2150,7.662768857,0.0,6.891467023,0.0
2151,7.662768857,0.0,20.309502747,0.0
2152,7.662768857,0.0,22.254282903,0.0
2153,7.662768857,0.0,14.279837015,0.0
2154,7.662768857,0.0,24.393075621,0.0
2155,7.662768857,0.0,16.845346518,0.0
2156,7.662768857,0.0,8.375770465,0.0
2157,7.662768857,0.0,82.132467318,0.0
2158,7.662768857,0.0,16.171154926,0.0
2159,7.662768857,0.0,10.85465712,0.0
2160,7.662768857,0.0,26.67006964,0.0
2161,7.662768857,0.0,13.387590061,0.0
2162,7.662768857,0.0,6.866216929,0.0
2163,7.662768857,0.0,2.18843452,0.0
2164,7.662768857,0.0,12.017629042,0.0
2165,7.662768857,0.0,3.807620271,0.0
2166,7.662768857,0.0,13.352047978,0.0
2167,7.662768857,0.0,17.501247243,0.0
2168,7.662768857,0.0,14.129269059,0.0
2169,7.662768857,0.0,11.453611597,0.0
2170,7.662768857,0.0,69.232611588,0.0
2171,7.662768857,0.0,5.168069309,0.0
2172,7.662768857,0.0,35.296213123,0.0
2173,7.662768857,0.0,14.272640522,0.0
2174,13.352047978,0.0,70.790128306,0.0
2175,13.352047978,0.0,13.627932806,0.0
2176,13.352047978,0.0,20.309502747,0.0
2177,13.352047978,0.0,11.952476906,0.0
2178,13.352047978,0.0,14.279837015,0.0
2179,13.352047978,0.0,24.393075621,0.0
2180,13.352047978,0.0,16.845346518,0.0
2181,13.352047978,0.0,0.04929124894,0.0
2182,13.352047978,0.0,13.731164167,0.0
2183,13.352047978,0.0,7.758575688,0.0
2184,13.352047978,0.0,82.132467318,0.0
2185,13.352047978,0.0,28.217529498,0.0
2186,13.352047978,0.0,6.182939494,0.0
2187,13.352047978,0.0,17.926035137,0.0
2188,13.352047978,0.0,27.886746336,0.0
2189,13.352047978,0.0,9.026330067,0.0
2190,13.352047978,0.0,39.186740427,0.0
2191,13.352047978,0.0,166.229730993,0.0
2192,13.352047978,0.0,38.884839197,0.0
2193,13.352047978,0.0,70.32919481,0.0
2194,13.352047978,0.0,25.361404636,0.0
2195,13.352047978,0.0,26.67006964,0.0
2196,13.352047978,0.0,17.635672416,0.0
2197,13.352047978,0.0,21.4673368,0.0
2198,13.352047978,0.0,17.69454432,0.0
2199,13.352047978,0.0,12.128903099,0.0
2200,13.352047978,0.0,13.387590061,0.0
2201,13.352047978,0.0,6.866216929,0.0
2202,13.352047978,0.0,8.087718499,0.0
2203,13.352047978,0.0,7.596552305,0.0
2204,13.352047978,0.0,3.807620271,0.0
2205,13.352047978,0.0,7.662768857,0.0
2206,13.352047978,0.0,17.501247243,0.0
2207,13.352047978,0.0,14.129269059,0.0
2208,13.352047978,0.0,11.453611597,0.0
2209,13.352047978,0.0,69.232611588,0.0
2210,13.352047978,0.0,5.168069309,0.0
2211,13.352047978,0.0,17.030533555,0.0
2212,13.352047978,0.0,35.296213123,0.0
2213,13.352047978,0.0,55.798294359,0.0
2214,13.352047978,0.0,13.463816358,0.0
2215,13.352047978,0.0,5.48985448,0.0
2216,13.352047978,0.0,37.446974395,0.0
2217,13.352047978,0.0,10.321111206,0.0
2218,17.501247243,0.0,70.790128306,0.0
2219,17.501247243,0.0,13.627932806,0.0
2220,17.501247243,0.0,6.891467023,0.0
2221,17.501247243,0.0,20.309502747,0.0
2222,17.501247243,0.0,6.39604377,0.0
2223,17.501247243,0.0,4.342597191,0.0
2224,17.501247243,0.0,7.676528234,0.0
2225,17.501247243,0.0,11.952476906,0.0
2226,17.501247243,0.0,22.254282903,0.0
2227,17.501247243,0.0,14.279837015,0.0
2228,17.501247243,0.0,24.393075621,0.0
2229,17.501247243,0.0,16.845346518,0.0
2230,17.501247243,0.0,40.806273654,0.0
2231,17.501247243,0.0,6.396811195,0.0
2232,17.501247243,0.0,23.004257875,0.0
2233,17.501247243,0.0,25.448562517,0.0
2234,17.501247243,0.0,4.453474372,0.0
2235,17.501247243,0.0,10.545807272,0.0
2236,17.501247243,0.0,76.190513876,0.0
2237,17.501247243,0.0,3.826527393,0.0
2238,17.501247243,0.0,26.67006964,0.0
2239,17.501247243,0.0,12.11319811,0.0
2240,17.501247243,0.0,17.635672416,0.0
2241,17.501247243,0.0,21.4673368,0.0
2242,17.501247243,0.0,17.69454432,0.0
2243,17.501247243,0.0,12.128903099,0.0
2244,17.501247243,0.0,13.387590061,0.0
2245,17.501247243,0.0,25.471798052,0.0
2246,17.501247243,0.0,6.866216929,0.0
2247,17.501247243,0.0,2.18843452,0.0
2248,17.501247243,0.0,30.957578952,0.0
2249,17.501247243,0.0,10.110020964,0.0
2250,17.501247243,0.0,3.807620271,0.0
2251,17.501247243,0.0,7.662768857,0.0
2252,17.501247243,0.0,13.352047978,0.0
2253,17.501247243,0.0,14.129269059,0.0
2254,17.501247243,0.0,11.453611597,0.0
2255,17.501247243,0.0,69.232611588,0.0
2256,17.501247243,0.0,5.168069309,0.0
2257,17.501247243,0.0,10.075756973,0.0
2258,17.501247243,0.0,35.296213123,0.0
2259,17.501247243,0.0,6.3921964,0.0
2260,17.501247243,0.0,55.798294359,0.0
2261,17.501247243,0.0,5.308263725,0.0
2262,17.501247243,0.0,1.926763288,0.0
2263,17.501247243,0.0,8.867122627,0.0
2264,17.501247243,0.0,14.914079569,0.0
2265,17.501247243,0.0,3.822478015,0.0
2266,14.129269059,0.0,70.790128306,0.0
2267,14.129269059,0.0,13.627932806,0.0
2268,14.129269059,0.0,4.342597191,0.0
2269,14.129269059,0.0,7.676528234,0.0
2270,14.129269059,0.0,22.254282903,0.0
2271,14.129269059,0.0,24.393075621,0.0
2272,14.129269059,0.0,16.845346518,0.0
2273,14.129269059,0.0,11.725027097,0.0
2274,14.129269059,0.0,76.190513876,0.0
2275,14.129269059,0.0,12.11319811,0.0
2276,14.129269059,0.0,17.635672416,0.0
2277,14.129269059,0.0,12.052625476,0.0
2278,14.129269059,0.0,21.4673368,0.0
2279,14.129269059,0.0,13.387590061,0.0
2280,14.129269059,0.0,6.866216929,0.0
2281,14.129269059,0.0,8.087718499,0.0
2282,14.129269059,0.0,3.807620271,0.0
2283,14.129269059,0.0,7.662768857,0.0
2284,14.129269059,0.0,13.352047978,0.0
2285,14.129269059,0.0,17.501247243,0.0
2286,14.129269059,0.0,11.453611597,0.0
2287,14.129269059,0.0,69.232611588,0.0
2288,14.129269059,0.0,5.168069309,0.0
2289,14.129269059,0.0,35.296213123,0.0
2290,14.129269059,0.0,55.798294359,0.0
2291,14.129269059,0.0,13.463816358,0.0
2292,11.453611597,0.0,70.790128306,0.0
2293,11.453611597,0.0,13.627932806,0.0
2294,11.453611597,0.0,6.891467023,0.0
2295,11.453611597,0.0,11.952476906,0.0
2296,11.453611597,0.0,82.132467318,0.0
2297,11.453611597,0.0,31.940000062,0.0
2298,11.453611597,0.0,29.277283858,0.0
2299,11.453611597,0.0,28.217529498,0.0
2300,11.453611597,0.0,5.876945072,0.0
2301,11.453611597,0.0,27.886746336,0.0
2302,11.453611597,0.0,5.810539423,0.0
2303,11.453611597,0.0,4.453474372,0.0
2304,11.453611597,0.0,3.530931163,0.0
2305,11.453611597,0.0,87.232541053,0.0
2306,11.453611597,0.0,5.083767503,0.0
2307,11.453611597,0.0,9.342310384,0.0
2308,11.453611597,0.0,13.387590061,0.0
2309,11.453611597,0.0,25.471798052,0.0
2310,11.453611597,0.0,6.866216929,0.0
2311,11.453611597,0.0,30.957578952,0.0
2312,11.453611597,0.0,8.888795637,0.0
2313,11.453611597,0.0,8.894560264,0.0
2314,11.453611597,0.0,10.110020964,0.0
2315,11.453611597,0.0,3.807620271,0.0
2316,11.453611597,0.0,7.662768857,0.0
2317,11.453611597,0.0,13.352047978,0.0
2318,11.453611597,0.0,17.501247243,0.0
2319,11.453611597,0.0,14.129269059,0.0
2320,11.453611597,0.0,69.232611588,0.0
2321,11.453611597,0.0,5.168069309,0.0
2322,11.453611597,0.0,12.094522896,0.0
2323,11.453611597,0.0,35.296213123,0.0
2324,11.453611597,0.0,0.6876478961,0.0
2325,11.453611597,0.0,28.141081071,0.0
2326,11.453611597,0.0,40.709785723,0.0
2327,69.232611588,0.0,70.790128306,0.0
2328,69.232611588,0.0,13.627932806,0.0
2329,69.232611588,0.0,6.891467023,0.0
2330,69.232611588,0.0,20.309502747,0.0
2331,69.232611588,0.0,7.676528234,0.0
2332,69.232611588,0.0,11.952476906,0.0
2333,69.232611588,0.0,22.254282903,0.0
2334,69.232611588,0.0,14.279837015,0.0
2335,69.232611588,0.0,24.393075621,0.0
2336,69.232611588,0.0,7.827958431,0.0
2337,69.232611588,0.0,16.845346518,0.0
2338,69.232611588,0.0,59.079085118,0.0
2339,69.232611588,0.0,49.446131829,0.0
2340,69.232611588,0.0,13.731164167,0.0
2341,69.232611588,0.0,6.856312521,0.0
2342,69.232611588,0.0,7.758575688,0.0
2343,69.232611588,0.0,82.132467318,0.0
2344,69.232611588,0.0,31.940000062,0.0
2345,69.232611588,0.0,29.277283858,0.0
2346,69.232611588,0.0,28.217529498,0.0
2347,69.232611588,0.0,25.448562517,0.0
2348,69.232611588,0.0,27.886746336,0.0
2349,69.232611588,0.0,233.692864157,0.0
2350,69.232611588,0.0,3.738556716,0.0
2351,69.232611588,0.0,9.231275489,0.0
2352,69.232611588,0.0,19.802798823,0.0
2353,69.232611588,0.0,8.543727113,0.0
2354,69.232611588,0.0,26.951913011,0.0
2355,69.232611588,0.0,87.232541053,0.0
2356,69.232611588,0.0,18.425664971,0.0
2357,69.232611588,0.0,166.229730993,0.0
2358,69.232611588,0.0,10.123192269,1.0
2359,69.232611588,0.0,3.826527393,0.0
2360,69.232611588,0.0,9.342310384,0.0
2361,69.232611588,0.0,26.67006964,0.0
2362,69.232611588,0.0,17.635672416,0.0
2363,69.232611588,0.0,12.052625476,0.0
2364,69.232611588,0.0,21.4673368,0.0
2365,69.232611588,0.0,17.69454432,0.0
2366,69.232611588,0.0,12.128903099,0.0
2367,69.232611588,0.0,13.387590061,0.0
2368,69.232611588,0.0,25.471798052,0.0
2369,69.232611588,0.0,6.866216929,0.0
2370,69.232611588,0.0,10.753671037,0.0
2371,69.232611588,0.0,9.27739216,0.0
2372,69.232611588,0.0,2.18843452,0.0
2373,69.232611588,0.0,30.957578952,0.0
2374,69.232611588,0.0,12.017629042,0.0
2375,69.232611588,0.0,8.087718499,0.0
2376,69.232611588,0.0,8.888795637,0.0
2377,69.232611588,0.0,8.894560264,0.0
2378,69.232611588,0.0,7.596552305,0.0
2379,69.232611588,0.0,3.807620271,0.0
2380,69.232611588,0.0,7.662768857,0.0
2381,69.232611588,0.0,13.352047978,0.0
2382,69.232611588,0.0,17.501247243,0.0
2383,69.232611588,0.0,14.129269059,0.0
2384,69.232611588,0.0,11.453611597,0.0
2385,69.232611588,0.0,5.168069309,0.0
2386,69.232611588,0.0,12.094522896,0.0
2387,69.232611588,0.0,10.075756973,0.0
2388,69.232611588,0.0,17.030533555,0.0
2389,69.232611588,0.0,35.296213123,0.0
2390,69.232611588,0.0,55.798294359,0.0
2391,69.232611588,0.0,27.225926794,0.0
2392,69.232611588,0.0,61.033765457,0.0
2393,69.232611588,0.0,1.926763288,0.0
2394,69.232611588,0.0,18.855302324,1.0
2395,69.232611588,0.0,8.445477148,0.0
2396,69.232611588,0.0,10.939069804,0.0
2397,69.232611588,0.0,8.867122627,0.0
2398,69.232611588,0.0,87.372172325,0.0
2399,69.232611588,0.0,3.822478015,0.0
2400,5.168069309,0.0,70.790128306,0.0
2401,5.168069309,0.0,13.627932806,0.0
2402,5.168069309,0.0,22.254282903,0.0
2403,5.168069309,0.0,24.393075621,0.0
2404,5.168069309,0.0,16.845346518,0.0
2405,5.168069309,0.0,6.856312521,0.0
2406,5.168069309,0.0,4.149862316,0.0
2407,5.168069309,0.0,21.4673368,0.0
2408,5.168069309,0.0,6.866216929,0.0
2409,5.168069309,0.0,3.807620271,0.0
2410,5.168069309,0.0,7.662768857,0.0
2411,5.168069309,0.0,13.352047978,0.0
2412,5.168069309,0.0,17.501247243,0.0
2413,5.168069309,0.0,14.129269059,0.0
2414,5.168069309,0.0,11.453611597,0.0
2415,5.168069309,0.0,69.232611588,0.0
2416,5.168069309,0.0,35.296213123,0.0
2417,12.094522896,0.0,70.790128306,0.0
2418,12.094522896,0.0,20.309502747,0.0
2419,12.094522896,0.0,16.845346518,0.0
2420,12.094522896,0.0,644.303257967,0.0
2421,12.094522896,0.0,76.190513876,0.0
2422,12.094522896,0.0,9.342310384,0.0
2423,12.094522896,0.0,12.11319811,0.0
2424,12.094522896,0.0,17.635672416,0.0
2425,12.094522896,0.0,21.4673368,0.0
2426,12.094522896,0.0,25.471798052,0.0
2427,12.094522896,0.0,30.957578952,0.0
2428,12.094522896,0.0,8.888795637,0.0
2429,12.094522896,0.0,8.894560264,0.0
2430,12.094522896,0.0,11.453611597,0.0
2431,12.094522896,0.0,69.232611588,0.0
2432,12.094522896,0.0,17.030533555,0.0
2433,12.094522896,0.0,35.296213123,0.0
2434,12.094522896,0.0,6.3921964,0.0
2435,12.094522896,0.0,9.723321295,0.0
2436,10.075756973,0.0,70.790128306,0.0
2437,10.075756973,0.0,13.627932806,0.0
2438,10.075756973,0.0,6.891467023,0.0
2439,10.075756973,0.0,22.254282903,0.0
2440,10.075756973,0.0,14.279837015,0.0
2441,10.075756973,0.0,16.845346518,0.0
2442,10.075756973,0.0,17.926035137,0.0
2443,10.075756973,0.0,76.190513876,0.0
2444,10.075756973,0.0,12.11319811,0.0
2445,10.075756973,0.0,17.635672416,0.0
2446,10.075756973,0.0,21.4673368,0.0
2447,10.075756973,0.0,25.471798052,0.0
2448,10.075756973,0.0,30.957578952,0.0
2449,10.075756973,0.0,17.501247243,0.0
2450,10.075756973,0.0,69.232611588,0.0
2451,10.075756973,0.0,12.094522896,0.0
2452,10.075756973,0.0,17.030533555,0.0
2453,10.075756973,0.0,35.296213123,0.0
2454,10.075756973,0.0,6.3921964,0.0
2455,10.075756973,0.0,55.798294359,0.0
2456,10.075756973,0.0,9.723321295,0.0
2457,17.030533555,0.0,70.790128306,0.0
2458,17.030533555,0.0,6.891467023,0.0
2459,17.030533555,0.0,14.279837015,0.0
2460,17.030533555,0.0,24.393075621,0.0
2461,17.030533555,0.0,7.827958431,0.0
2462,17.030533555,0.0,28.217529498,0.0
2463,17.030533555,0.0,38.884839197,0.0
2464,17.030533555,0.0,20.478210038,0.0
2465,17.030533555,0.0,12.11319811,0.0
2466,17.030533555,0.0,21.4673368,0.0
2467,17.030533555,0.0,17.69454432,0.0
2468,17.030533555,0.0,13.387590061,0.0
2469,17.030533555,0.0,25.471798052,0.0
2470,17.030533555,0.0,2.18843452,0.0
2471,17.030533555,0.0,13.352047978,0.0
2472,17.030533555,0.0,11.453611597,0.0
2473,17.030533555,0.0,69.232611588,0.0
2474,17.030533555,0.0,12.094522896,0.0
2475,17.030533555,0.0,10.075756973,0.0
2476,17.030533555,0.0,35.296213123,0.0
2477,17.030533555,0.0,6.3921964,0.0
2478,17.030533555,0.0,5.778618585,0.0
2479,17.030533555,0.0,9.723321295,0.0
2480,17.030533555,0.0,6.887378238,0.0
2481,35.296213123,0.0,70.790128306,0.0
2482,35.296213123,0.0,13.627932806,0.0
2483,35.296213123,0.0,6.891467023,0.0
2484,35.296213123,0.0,20.309502747,0.0
2485,35.296213123,0.0,6.39604377,0.0
2486,35.296213123,0.0,4.342597191,0.0
2487,35.296213123,0.0,7.676528234,0.0
2488,35.296213123,0.0,11.952476906,0.0
2489,35.296213123,0.0,14.279837015,0.0
2490,35.296213123,0.0,24.393075621,0.0
2491,35.296213123,0.0,16.845346518,0.0
2492,35.296213123,0.0,31.940000062,0.0
2493,35.296213123,0.0,23.004257875,0.0
2494,35.296213123,0.0,25.448562517,0.0
2495,35.296213123,0.0,17.926035137,0.0
2496,35.296213123,0.0,76.190513876,0.0
2497,35.296213123,0.0,26.67006964,0.0
2498,35.296213123,0.0,12.11319811,0.0
2499,35.296213123,0.0,17.635672416,0.0
2500,35.296213123,0.0,12.052625476,0.0
2501,35.296213123,0.0,21.4673368,0.0
2502,35.296213123,0.0,17.69454432,0.0
2503,35.296213123,0.0,13.387590061,0.0
2504,35.296213123,0.0,25.471798052,0.0
2505,35.296213123,0.0,31.467421346,0.0
2506,35.296213123,0.0,6.866216929,0.0
2507,35.296213123,0.0,13.40154723,0.0
2508,35.296213123,0.0,4.609646425,0.0
2509,35.296213123,0.0,30.957578952,0.0
2510,35.296213123,0.0,8.894560264,0.0
2511,35.296213123,0.0,7.596552305,0.0
2512,35.296213123,0.0,10.110020964,0.0
2513,35.296213123,0.0,3.807620271,0.0
2514,35.296213123,0.0,7.662768857,0.0
2515,35.296213123,0.0,13.352047978,0.0
2516,35.296213123,0.0,17.501247243,0.0
2517,35.296213123,0.0,14.129269059,0.0
2518,35.296213123,0.0,11.453611597,0.0
2519,35.296213123,0.0,69.232611588,0.0
2520,35.296213123,0.0,5.168069309,0.0
2521,35.296213123,0.0,12.094522896,0.0
2522,35.296213123,0.0,10.075756973,0.0
2523,35.296213123,0.0,17.030533555,0.0
2524,35.296213123,0.0,6.3921964,0.0
2525,35.296213123,0.0,55.798294359,0.0
2526,35.296213123,0.0,13.463816358,0.0
2527,35.296213123,0.0,0.1107685371,0.0
2528,35.296213123,0.0,15.245224461,0.0
2529,35.296213123,0.0,16.860865597,0.0
2530,35.296213123,0.0,5.48985448,0.0
2531,35.296213123,0.0,3.822478015,0.0
2532,6.3921964,0.0,70.790128306,0.0
2533,6.3921964,0.0,20.309502747,0.0
2534,6.3921964,0.0,4.342597191,0.0
2535,6.3921964,0.0,24.393075621,0.0
2536,6.3921964,0.0,25.388131117,0.0
2537,6.3921964,0.0,10.545807272,0.0
2538,6.3921964,0.0,166.229730993,0.0
2539,6.3921964,0.0,12.11319811,0.0
2540,6.3921964,0.0,21.4673368,0.0
2541,6.3921964,0.0,25.471798052,0.0
2542,6.3921964,0.0,69.232611588,0.0
2543,6.3921964,0.0,12.094522896,0.0
2544,6.3921964,0.0,10.075756973,0.0
2545,6.3921964,0.0,17.030533555,0.0
2546,6.3921964,0.0,35.296213123,0.0
2547,55.798294359,0.0,70.790128306,0.0
2548,55.798294359,0.0,6.891467023,0.0
2549,55.798294359,0.0,20.309502747,0.0
2550,55.798294359,0.0,6.39604377,0.0
2551,55.798294359,0.0,7.676528234,0.0
2552,55.798294359,0.0,11.952476906,0.0
2553,55.798294359,0.0,22.254282903,0.0
2554,55.798294359,0.0,14.279837015,0.0
2555,55.798294359,0.0,24.393075621,0.0
2556,55.798294359,0.0,7.827958431,0.0
2557,55.798294359,0.0,16.845346518,0.0
2558,55.798294359,0.0,40.806273654,0.0
2559,55.798294359,0.0,9.727860711,0.0
2560,55.798294359,0.0,49.446131829,0.0
2561,55.798294359,0.0,221.127687829,0.0
2562,55.798294359,0.0,31.940000062,0.0
2563,55.798294359,0.0,29.277283858,0.0
2564,55.798294359,0.0,5.646775288,0.0
2565,55.798294359,0.0,23.004257875,0.0
2566,55.798294359,0.0,233.692864157,0.0
2567,55.798294359,0.0,13.188256381,0.0
2568,55.798294359,0.0,3.530931163,0.0
2569,55.798294359,0.0,39.186740427,0.0
2570,55.798294359,0.0,9.231275489,0.0
2571,55.798294359,0.0,5.943829326,0.0
2572,55.798294359,0.0,4.419433878,0.0
2573,55.798294359,0.0,26.951913011,0.0
2574,55.798294359,0.0,87.232541053,0.0
2575,55.798294359,0.0,76.190513876,0.0
2576,55.798294359,0.0,166.229730993,0.0
2577,55.798294359,0.0,15.611347975,1.0
2578,55.798294359,0.0,26.67006964,0.0
2579,55.798294359,0.0,17.635672416,0.0
2580,55.798294359,0.0,12.052625476,0.0
2581,55.798294359,0.0,21.4673368,0.0
2582,55.798294359,0.0,17.69454432,0.0
2583,55.798294359,0.0,12.128903099,0.0
2584,55.798294359,0.0,13.387590061,0.0
2585,55.798294359,0.0,25.471798052,0.0
2586,55.798294359,0.0,31.467421346,0.0
2587,55.798294359,0.0,9.27739216,0.0
2588,55.798294359,0.0,4.609646425,0.0
2589,55.798294359,0.0,2.18843452,0.0
2590,55.798294359,0.0,30.957578952,0.0
2591,55.798294359,0.0,8.087718499,0.0
2592,55.798294359,0.0,10.110020964,0.0
2593,55.798294359,0.0,13.352047978,0.0
2594,55.798294359,0.0,17.501247243,0.0
2595,55.798294359,0.0,14.129269059,0.0
2596,55.798294359,0.0,11.453611597,0.0
2597,55.798294359,0.0,69.232611588,0.0
2598,55.798294359,0.0,35.296213123,0.0
2599,55.798294359,0.0,6.3921964,0.0
2600,55.798294359,0.0,5.308263725,0.0
2601,55.798294359,0.0,15.358209338,0.0
2602,55.798294359,0.0,9.5496673,0.0
2603,55.798294359,0.0,10.526478734,0.0
2604,55.798294359,0.0,40.709785723,0.0
2605,13.463816358,0.0,70.790128306,0.0
2606,13.463816358,0.0,13.627932806,0.0
2607,13.463816358,0.0,0.04929124894,0.0
2608,13.463816358,0.0,13.731164167,0.0
2609,13.463816358,0.0,31.940000062,0.0
2610,13.463816358,0.0,7.975307176,0.0
2611,13.463816358,0.0,29.277283858,0.0
2612,13.463816358,0.0,28.217529498,0.0
2613,13.463816358,0.0,25.448562517,0.0
2614,13.463816358,0.0,3.793613388,0.0
2615,13.463816358,0.0,15.921927233,0.0
2616,13.463816358,0.0,17.926035137,0.0
2617,13.463816358,0.0,26.964553761,0.0
2618,13.463816358,0.0,27.886746336,0.0
2619,13.463816358,0.0,11.802286831,0.0
2620,13.463816358,0.0,9.379094338,0.0
2621,13.463816358,0.0,25.388131117,0.0
2622,13.463816358,0.0,5.810539423,0.0
2623,13.463816358,0.0,4.453474372,0.0
2624,13.463816358,0.0,3.738556716,0.0
2625,13.463816358,0.0,3.530931163,0.0
2626,13.463816358,0.0,10.545807272,0.0
2627,13.463816358,0.0,39.186740427,0.0
2628,13.463816358,0.0,4.419433878,0.0
2629,13.463816358,0.0,26.951913011,0.0
2630,13.463816358,0.0,87.232541053,0.0
2631,13.463816358,0.0,11.725027097,0.0
2632,13.463816358,0.0,76.190513876,0.0
2633,13.463816358,0.0,38.884839197,0.0
2634,13.463816358,0.0,6.29389923,0.0
2635,13.463816358,0.0,12.509848057,0.0
2636,13.463816358,0.0,13.387590061,0.0
2637,13.463816358,0.0,13.40154723,0.0
2638,13.463816358,0.0,13.352047978,0.0
2639,13.463816358,0.0,35.296213123,0.0
2640,13.463816358,0.0,27.455093588,0.0
2641,13.463816358,0.0,16.065606367,0.0
2642,13.463816358,0.0,9.807544254,0.0
2643,13.463816358,0.0,5.48985448,0.0
2644,13.463816358,0.0,11.769430661,0.0
2645,13.463816358,0.0,7.574758381,0.0
2646,10.35625697,0.0,70.790128306,0.0
2647,10.35625697,0.0,18.425664971,0.0
2648,10.35625697,0.0,55.798294359,0.0
2649,9.5496673,0.0,70.790128306,0.0
2650,9.5496673,0.0,24.393075621,0.0
2651,9.5496673,0.0,7.827958431,0.0
2652,9.5496673,0.0,16.845346518,0.0
2653,9.5496673,0.0,40.806273654,0.0
2654,9.5496673,0.0,29.277283858,0.0
2655,9.5496673,0.0,25.448562517,0.0
2656,9.5496673,0.0,13.188256381,0.0
2657,9.5496673,0.0,39.186740427,0.0
2658,9.5496673,0.0,9.231275489,0.0
2659,9.5496673,0.0,26.951913011,0.0
2660,9.5496673,0.0,87.232541053,0.0
2661,9.5496673,0.0,11.725027097,0.0
2662,9.5496673,0.0,18.425664971,0.0
2663,9.5496673,0.0,76.190513876,0.0
2664,9.5496673,0.0,21.4673368,0.0
2665,9.5496673,0.0,69.232611588,0.0
2666,9.5496673,0.0,55.798294359,0.0
2667,9.5496673,0.0,13.463816358,0.0
2668,9.5496673,0.0,61.033765457,0.0
2669,28.141081071,0.0,70.790128306,0.0
2670,28.141081071,0.0,49.446131829,0.0
2671,28.141081071,0.0,25.388131117,0.0
2672,28.141081071,0.0,39.186740427,0.0
2673,28.141081071,0.0,2.29377044,1.0
2674,28.141081071,0.0,5.216691528,0.0
2675,28.141081071,0.0,35.374851173,0.0
2676,28.141081071,0.0,26.67006964,0.0
2677,28.141081071,0.0,61.033765457,0.0
2678,28.141081071,0.0,27.455093588,0.0
2679,6.887378238,0.0,70.790128306,0.0
2680,6.887378238,0.0,8.272918855,0.0
2681,6.887378238,0.0,10.545807272,0.0
2682,6.887378238,0.0,15.245224461,0.0
2683,6.887378238,0.0,10.939069804,0.0
2684,21.568777428,0.0,70.790128306,0.0
2685,21.568777428,0.0,6.891467023,0.0
2686,21.568777428,0.0,59.079085118,0.0
2687,21.568777428,0.0,49.446131829,0.0
2688,21.568777428,0.0,6.416430334,0.0
2689,21.568777428,0.0,8.854304242,0.0
2690,21.568777428,0.0,12.791144486,0.0
2691,21.568777428,0.0,27.886746336,0.0
2692,21.568777428,0.0,6.832421315,0.0
2693,21.568777428,0.0,69.232611588,0.0
2694,21.568777428,0.0,15.245224461,0.0
2695,21.568777428,0.0,19.854018686,0.0
2696,21.568777428,0.0,6.56006233,0.0
2697,21.568777428,0.0,16.471802076,0.0
2698,21.568777428,0.0,32.512744515,0.0
2699,21.568777428,0.0,56.533506932,0.0
2700,21.568777428,0.0,15.731819137,0.0
2701,21.568777428,0.0,16.261504351,0.0
2702,21.568777428,0.0,21.722429847,0.0
2703,21.568777428,0.0,87.372172325,0.0
2704,32.512744515,0.0,70.790128306,0.0
2705,32.512744515,0.0,20.309502747,0.0
2706,32.512744515,0.0,14.279837015,0.0
2707,32.512744515,0.0,59.079085118,0.0
2708,32.512744515,0.0,10.007962681,0.0
2709,32.512744515,0.0,28.217529498,0.0
2710,32.512744515,0.0,29.66574588,0.0
2711,32.512744515,0.0,28.8446437,0.0
2712,32.512744515,0.0,3.793613388,0.0
2713,32.512744515,0.0,13.248713101,0.0
2714,32.512744515,0.0,15.92488598,0.0
2715,32.512744515,0.0,2.643690724,0.0
2716,32.512744515,0.0,24.747524022,0.0
2717,32.512744515,0.0,11.111467247,0.0
2718,32.512744515,0.0,27.886746336,0.0
2719,32.512744515,0.0,9.379094338,0.0
2720,32.512744515,0.0,166.229730993,0.0
2721,32.512744515,0.0,38.884839197,0.0
2722,32.512744515,0.0,17.167266676,0.0
2723,32.512744515,0.0,36.377250293,0.0
2724,32.512744515,0.0,8.470417781,0.0
2725,32.512744515,0.0,34.599385905,0.0
2726,32.512744515,0.0,20.12950993,0.0
2727,32.512744515,0.0,21.568777428,0.0
2728,32.512744515,0.0,16.471802076,0.0
2729,32.512744515,0.0,56.533506932,0.0
2730,32.512744515,0.0,10.937040822,0.0
2731,32.512744515,0.0,15.731819137,0.0
2732,56.533506932,0.0,70.790128306,0.0
2733,56.533506932,0.0,6.891467023,0.0
2734,56.533506932,0.0,29.66574588,0.0
2735,56.533506932,0.0,7.666133462,0.0
2736,56.533506932,0.0,16.174970412,0.0
2737,56.533506932,0.0,57.306429812,0.0
2738,56.533506932,0.0,2.51585858,0.0
2739,56.533506932,0.0,233.692864157,0.0
2740,56.533506932,0.0,3.738556716,0.0
2741,56.533506932,0.0,76.190513876,0.0
2742,56.533506932,0.0,20.12950993,0.0
2743,56.533506932,0.0,15.245224461,0.0
2744,56.533506932,0.0,19.854018686,0.0
2745,56.533506932,0.0,21.568777428,0.0
2746,56.533506932,0.0,6.56006233,0.0
2747,56.533506932,0.0,16.471802076,0.0
2748,56.533506932,0.0,32.512744515,0.0
2749,56.533506932,0.0,16.065606367,0.0
2750,56.533506932,0.0,10.135838774,0.0
2751,56.533506932,0.0,15.731819137,0.0
2752,56.533506932,0.0,37.446974395,0.0
2753,15.731819137,0.0,70.790128306,0.0
2754,15.731819137,0.0,59.079085118,0.0
2755,15.731819137,0.0,28.217529498,0.0
2756,15.731819137,0.0,81.191995969,0.0
2757,15.731819137,0.0,3.646079736,0.0
2758,15.731819137,0.0,15.92488598,0.0
2759,15.731819137,0.0,17.926035137,0.0
2760,15.731819137,0.0,8.825953266,0.0
2761,15.731819137,0.0,27.886746336,0.0
2762,15.731819137,0.0,10.675268286,0.0
2763,15.731819137,0.0,233.692864157,0.0
2764,15.731819137,0.0,166.229730993,0.0
2765,15.731819137,0.0,15.245224461,0.0
2766,15.731819137,0.0,6.783354446,0.0
2767,15.731819137,0.0,8.149810633,0.0
2768,15.731819137,0.0,5.995095603,0.0
2769,15.731819137,0.0,32.512744515,0.0
2770,15.731819137,0.0,10.937040822,0.0
2771,15.731819137,0.0,16.261504351,0.0
2772,15.731819137,0.0,14.272640522,0.0
2773,15.731819137,0.0,10.321111206,0.0
2774,14.272640522,0.0,70.790128306,0.0
2775,14.272640522,0.0,40.806273654,0.0
2776,14.272640522,0.0,59.079085118,0.0
2777,14.272640522,0.0,8.372930307,0.0
2778,14.272640522,0.0,31.940000062,0.0
2779,14.272640522,0.0,7.975307176,0.0
2780,14.272640522,0.0,16.174970412,0.0
2781,14.272640522,0.0,14.7844653,0.0
2782,14.272640522,0.0,2.18843452,0.0
2783,14.272640522,0.0,7.662768857,0.0
2784,14.272640522,0.0,8.470417781,0.0
2785,14.272640522,0.0,15.245224461,0.0
2786,14.272640522,0.0,10.566632909,0.0
2787,14.272640522,0.0,16.471802076,0.0
2788,14.272640522,0.0,56.533506932,0.0
2789,14.272640522,0.0,10.937040822,0.0
2790,14.272640522,0.0,15.731819137,0.0
2791,8.867122627,0.0,70.790128306,0.0
2792,8.867122627,0.0,13.627932806,0.0
2793,8.867122627,0.0,6.891467023,0.0
2794,8.867122627,0.0,20.309502747,0.0
2795,8.867122627,0.0,24.393075621,0.0
2796,8.867122627,0.0,49.446131829,0.0
2797,8.867122627,0.0,31.940000062,0.0
2798,8.867122627,0.0,26.964553761,0.0
2799,8.867122627,0.0,25.388131117,0.0
2800,8.867122627,0.0,9.342310384,0.0
2801,8.867122627,0.0,21.4673368,0.0
2802,8.867122627,0.0,17.69454432,0.0
2803,8.867122627,0.0,12.128903099,0.0
2804,8.867122627,0.0,25.471798052,0.0
2805,8.867122627,0.0,4.609646425,0.0
2806,8.867122627,0.0,2.18843452,0.0
2807,8.867122627,0.0,30.957578952,0.0
2808,8.867122627,0.0,8.087718499,0.0
2809,8.867122627,0.0,7.596552305,0.0
2810,8.867122627,0.0,35.296213123,0.0
2811,8.867122627,0.0,9.723321295,0.0
2812,4.440663079,0.0,70.790128306,0.0
2813,4.440663079,0.0,13.627932806,0.0
2814,4.440663079,0.0,40.806273654,0.0
2815,4.440663079,0.0,10.272132303,0.0
2816,4.440663079,0.0,12.121050526,0.0
2817,4.440663079,0.0,52.842355823,0.0
2818,4.440663079,0.0,8.127332825,0.0
2819,4.440663079,0.0,9.026330067,0.0
2820,4.440663079,0.0,17.635672416,0.0
2821,4.440663079,0.0,17.69454432,0.0
2822,4.440663079,0.0,5.48985448,0.0
2823,11.769430661,0.0,70.790128306,0.0
2824,11.769430661,0.0,40.806273654,0.0
2825,11.769430661,0.0,5.501297319,0.0
2826,11.769430661,0.0,16.222318711,0.0
2827,11.769430661,0.0,17.926035137,0.0
2828,11.769430661,0.0,20.478210038,0.0
2829,11.769430661,0.0,13.463816358,0.0
2830,11.769430661,0.0,21.568777428,0.0
2831,11.769430661,0.0,14.272640522,0.0
2832,11.769430661,0.0,9.807544254,0.0
2833,11.769430661,0.0,11.223514879,0.0
2834,11.769430661,0.0,21.722429847,0.0
2835,11.769430661,0.0,5.48985448,0.0
2836,11.769430661,0.0,4.440663079,0.0
2837,37.446974395,0.0,70.790128306,0.0
2838,37.446974395,0.0,20.309502747,0.0
2839,37.446974395,0.0,8.372930307,0.0
2840,37.446974395,0.0,30.257567237,1.0
2841,37.446974395,0.0,16.222318711,0.0
2842,37.446974395,0.0,28.217529498,0.0
2843,37.446974395,0.0,8.127332825,0.0
2844,37.446974395,0.0,12.791144486,0.0
2845,37.446974395,0.0,166.229730993,0.0
2846,37.446974395,0.0,149.102088463,0.0
2847,37.446974395,0.0,9.806029991,0.0
2848,37.446974395,0.0,19.854018686,0.0
2849,37.446974395,0.0,21.568777428,0.0
2850,37.446974395,0.0,11.223514879,0.0
2851,37.446974395,0.0,11.769430661,0.0
2852,8.563239292,0.0,70.790128306,0.0
2853,14.914079569,0.0,70.790128306,0.0
2854,14.914079569,0.0,7.676528234,0.0
2855,14.914079569,0.0,14.279837015,0.0
2856,14.914079569,0.0,6.866216929,0.0
2857,14.914079569,0.0,3.807620271,0.0
2858,14.914079569,0.0,5.168069309,0.0
2859,14.914079569,0.0,9.5496673,0.0
2860,14.914079569,0.0,40.709785723,0.0
2861,3.822478015,0.0,70.790128306,0.0
2862,3.822478015,0.0,22.254282903,0.0
2863,3.822478015,0.0,25.471798052,0.0
2864,3.822478015,0.0,17.501247243,0.0
2865,3.822478015,0.0,69.232611588,0.0
2866,3.822478015,0.0,35.296213123,0.0
2867,70.790128306,0.0,13.627932806,0.0
2868,70.790128306,0.0,6.891467023,0.0
2869,70.790128306,0.0,20.309502747,0.0
2870,70.790128306,0.0,6.39604377,0.0
2871,70.790128306,0.0,4.342597191,0.0
2872,70.790128306,0.0,7.676528234,0.0
2873,70.790128306,0.0,11.952476906,0.0
2874,70.790128306,0.0,22.254282903,0.0
2875,70.790128306,0.0,14.279837015,0.0
2876,70.790128306,0.0,24.393075621,0.0
2877,70.790128306,0.0,16.845346518,0.0
2878,70.790128306,0.0,67.285382519,1.0
2879,70.790128306,0.0,25.210371297,0.0
2880,70.790128306,0.0,0.04929124894,0.0
2881,70.790128306,0.0,49.446131829,0.0
2882,70.790128306,0.0,221.127687829,0.0
2883,70.790128306,0.0,13.731164167,0.0
2884,70.790128306,0.0,8.372930307,0.0
2885,70.790128306,0.0,5.695326751,0.0
2886,70.790128306,0.0,6.856312521,0.0
2887,70.790128306,0.0,10.603153598,0.0
2888,70.790128306,0.0,82.132467318,0.0
2889,70.790128306,0.0,31.940000062,0.0
2890,70.790128306,0.0,10.361449499,0.0
2891,70.790128306,0.0,16.222318711,0.0
2892,70.790128306,0.0,6.057768872,1.0
2893,70.790128306,0.0,29.277283858,0.0
2894,70.790128306,0.0,52.842355823,0.0
2895,70.790128306,0.0,12.764164967,0.0
2896,70.790128306,0.0,28.217529498,0.0
2897,70.790128306,0.0,13.248713101,0.0
2898,70.790128306,0.0,17.926035137,0.0
2899,70.790128306,0.0,63.666383596,0.0
2900,70.790128306,0.0,8.195639278,0.0
2901,70.790128306,0.0,6.832421315,0.0
2902,70.790128306,0.0,233.692864157,0.0
2903,70.790128306,0.0,25.388131117,0.0
2904,70.790128306,0.0,16.171154926,0.0
2905,70.790128306,0.0,5.810539423,0.0
2906,70.790128306,0.0,10.545807272,0.0
2907,70.790128306,0.0,10.85465712,0.0
2908,70.790128306,0.0,26.951913011,0.0
2909,70.790128306,0.0,18.425664971,0.0
2910,70.790128306,0.0,76.190513876,0.0
2911,70.790128306,0.0,166.229730993,0.0
2912,70.790128306,0.0,11.107227225,0.0
2913,70.790128306,0.0,28.221062884,0.0
2914,70.790128306,0.0,17.167266676,0.0
2915,70.790128306,0.0,2.747009708,0.0
2916,70.790128306,0.0,5.083767503,0.0
2917,70.790128306,0.0,9.342310384,0.0
2918,70.790128306,0.0,26.67006964,0.0
2919,70.790128306,0.0,12.11319811,0.0
2920,70.790128306,0.0,17.635672416,0.0
2921,70.790128306,0.0,12.052625476,0.0
2922,70.790128306,0.0,21.4673368,0.0
2923,70.790128306,0.0,17.69454432,0.0
2924,70.790128306,0.0,12.128903099,0.0
2925,70.790128306,0.0,13.387590061,0.0
2926,70.790128306,0.0,25.471798052,0.0
2927,70.790128306,0.0,6.866216929,0.0
2928,70.790128306,0.0,10.753671037,0.0
2929,70.790128306,0.0,2.18843452,0.0
2930,70.790128306,0.0,30.957578952,0.0
2931,70.790128306,0.0,12.017629042,0.0
2932,70.790128306,0.0,8.087718499,0.0
2933,70.790128306,0.0,8.888795637,0.0
2934,70.790128306,0.0,8.894560264,0.0
2935,70.790128306,0.0,7.596552305,0.0
2936,70.790128306,0.0,10.110020964,0.0
2937,70.790128306,0.0,3.807620271,0.0
2938,70.790128306,0.0,7.662768857,0.0
2939,70.790128306,0.0,13.352047978,0.0
2940,70.790128306,0.0,17.501247243,0.0
2941,70.790128306,0.0,14.129269059,0.0
2942,70.790128306,0.0,11.453611597,0.0
2943,70.790128306,0.0,69.232611588,0.0
2944,70.790128306,0.0,5.168069309,0.0
2945,70.790128306,0.0,12.094522896,0.0
2946,70.790128306,0.0,10.075756973,0.0
2947,70.790128306,0.0,17.030533555,0.0
2948,70.790128306,0.0,35.296213123,0.0
2949,70.790128306,0.0,6.3921964,0.0
2950,70.790128306,0.0,55.798294359,0.0
2951,70.790128306,0.0,13.463816358,0.0
2952,70.790128306,0.0,5.778618585,0.0
2953,70.790128306,0.0,9.723321295,0.0
2954,70.790128306,0.0,10.35625697,0.0
2955,70.790128306,0.0,0.4707752792,0.0
2956,70.790128306,0.0,9.5496673,0.0
2957,70.790128306,0.0,21.568777428,0.0
2958,70.790128306,0.0,32.512744515,0.0
2959,70.790128306,0.0,15.731819137,0.0
2960,70.790128306,0.0,8.867122627,0.0
2961,70.790128306,0.0,11.223514879,0.0
2962,70.790128306,0.0,5.48985448,0.0
2963,70.790128306,0.0,4.440663079,0.0
2964,70.790128306,0.0,11.769430661,0.0
2965,70.790128306,0.0,37.446974395,0.0
2966,70.790128306,0.0,14.914079569,0.0
2967,70.790128306,0.0,40.709785723,0.0
2968,87.232541053,0.0,13.627932806,0.0
2969,87.232541053,0.0,6.891467023,0.0
2970,87.232541053,0.0,29.277283858,0.0
2971,87.232541053,0.0,25.448562517,0.0
2972,87.232541053,0.0,26.964553761,0.0
2973,87.232541053,0.0,16.171154926,0.0
2974,87.232541053,0.0,13.188256381,0.0
2975,87.232541053,0.0,2.937167089,0.0
2976,87.232541053,0.0,39.186740427,0.0
2977,87.232541053,0.0,19.802798823,0.0
2978,87.232541053,0.0,4.419433878,0.0
2979,87.232541053,0.0,26.951913011,0.0
2980,87.232541053,0.0,11.725027097,0.0
2981,87.232541053,0.0,76.190513876,0.0
2982,87.232541053,0.0,6.29389923,0.0
2983,87.232541053,0.0,13.40154723,0.0
2984,87.232541053,0.0,30.957578952,0.0
2985,87.232541053,0.0,12.017629042,0.0
2986,87.232541053,0.0,8.894560264,0.0
2987,87.232541053,0.0,11.453611597,0.0
2988,87.232541053,0.0,69.232611588,0.0
2989,87.232541053,0.0,12.094522896,0.0
2990,87.232541053,0.0,13.463816358,0.0
2991,87.232541053,0.0,9.5496673,0.0
2992,87.232541053,0.0,87.372172325,0.0
2993,28.221062884,0.0,13.627932806,0.0
2994,28.221062884,0.0,11.107227225,0.0
2995,3.807620271,0.0,13.627932806,0.0
2996,3.807620271,0.0,6.891467023,0.0
2997,3.807620271,0.0,22.254282903,0.0
2998,3.807620271,0.0,24.393075621,0.0
2999,3.807620271,0.0,57.306429812,0.0
3000,3.807620271,0.0,13.387590061,0.0
3001,3.807620271,0.0,6.866216929,0.0
3002,3.807620271,0.0,7.662768857,0.0
3003,3.807620271,0.0,13.352047978,0.0
3004,3.807620271,0.0,17.501247243,0.0
3005,3.807620271,0.0,14.129269059,0.0
3006,3.807620271,0.0,11.453611597,0.0
3007,3.807620271,0.0,69.232611588,0.0
3008,3.807620271,0.0,5.168069309,0.0
3009,3.807620271,0.0,35.296213123,0.0
3010,3.807620271,0.0,55.798294359,0.0
3011,6.675487411,1.0,12.592386752,1.0
3012,6.675487411,1.0,59.924864821,1.0
3013,6.675487411,1.0,9.801194355,1.0
3014,6.675487411,1.0,10.181441025,1.0
3015,6.675487411,1.0,8.0654832,1.0
3016,6.675487411,1.0,7.429994027,1.0
3017,6.675487411,1.0,0.7274009746,1.0
3018,6.675487411,1.0,4.632907015,1.0
3019,6.675487411,1.0,8.327704218,1.0
3020,6.675487411,1.0,5.542460168,1.0
3021,6.675487411,1.0,45.854721033,1.0
3022,59.924864821,1.0,12.592386752,1.0
3023,59.924864821,1.0,61.793309267,1.0
3024,59.924864821,1.0,67.285382519,1.0
3025,59.924864821,1.0,106.415627612,1.0
3026,59.924864821,1.0,11.399226471,1.0
3027,59.924864821,1.0,6.106868048,1.0
3028,59.924864821,1.0,7.357964603,1.0
3029,59.924864821,1.0,3.321907625,1.0
3030,59.924864821,1.0,37.98547584,1.0
3031,59.924864821,1.0,13.61728709,1.0
3032,59.924864821,1.0,76.104832671,1.0
3033,59.924864821,1.0,12.457716354,1.0
3034,59.924864821,1.0,40.90551563,1.0
3035,59.924864821,1.0,4.09207587,1.0
3036,59.924864821,1.0,7.500010293,1.0
3037,59.924864821,1.0,2.257905961,1.0
3038,59.924864821,1.0,5.693360228,1.0
3039,59.924864821,1.0,4.614399465,1.0
3040,59.924864821,1.0,10.038287437,1.0
3041,59.924864821,1.0,46.94762608,1.0
3042,59.924864821,1.0,36.089846175,1.0
3043,59.924864821,1.0,12.679609565,0.0
3044,59.924864821,1.0,10.016669087,1.0
3045,59.924864821,1.0,53.620745395,1.0
3046,59.924864821,1.0,21.957598551,1.0
3047,59.924864821,1.0,10.561206156,1.0
3048,59.924864821,1.0,5.816563551,1.0
3049,59.924864821,1.0,6.588528896,1.0
3050,59.924864821,1.0,23.163711763,1.0
3051,59.924864821,1.0,5.014749404,1.0
3052,59.924864821,1.0,15.776847279,1.0
3053,59.924864821,1.0,9.71155112,1.0
3054,59.924864821,1.0,8.295439778,1.0
3055,59.924864821,1.0,12.314548823,1.0
3056,59.924864821,1.0,7.076362169,1.0
3057,59.924864821,1.0,5.996384101,1.0
3058,59.924864821,1.0,6.305349834,1.0
3059,59.924864821,1.0,3.560045955,1.0
3060,59.924864821,1.0,4.207592557,1.0
3061,59.924864821,1.0,13.297675544,1.0
3062,59.924864821,1.0,8.995419211,1.0
3063,59.924864821,1.0,6.205428816,1.0
3064,59.924864821,1.0,18.598069279,1.0
3065,59.924864821,1.0,5.453196982,1.0
3066,59.924864821,1.0,134.232246392,1.0
3067,59.924864821,1.0,5.318849241,1.0
3068,59.924864821,1.0,6.23365539,1.0
3069,59.924864821,1.0,3.581472819,1.0
3070,59.924864821,1.0,6.026101551,1.0
3071,59.924864821,1.0,9.74202609,1.0
3072,59.924864821,1.0,4.537477814,1.0
3073,59.924864821,1.0,4.119021003,1.0
3074,59.924864821,1.0,25.0116746,1.0
3075,59.924864821,1.0,3.367582976,1.0
3076,26.456682526,1.0,12.592386752,1.0
3077,26.456682526,1.0,67.285382519,1.0
3078,26.456682526,1.0,85.602065022,1.0
3079,26.456682526,1.0,52.454679661,1.0
3080,26.456682526,1.0,106.415627612,1.0
3081,26.456682526,1.0,5.843490694,1.0
3082,26.456682526,1.0,0.3451184811,1.0
3083,26.456682526,1.0,282.447309949,1.0
3084,26.456682526,1.0,6.129802768,1.0
3085,26.456682526,1.0,1.681462384,1.0
3086,26.456682526,1.0,10.900235758,1.0
3087,26.456682526,1.0,46.94762608,1.0
3088,26.456682526,1.0,9.643040622,1.0
3089,26.456682526,1.0,10.561206156,1.0
3090,26.456682526,1.0,16.746607955,1.0
3091,26.456682526,1.0,4.063647561,1.0
3092,26.456682526,1.0,41.816248515,1.0
3093,26.456682526,1.0,49.330409711,1.0
3094,26.456682526,1.0,6.120753644,1.0
3095,26.456682526,1.0,15.776847279,1.0
3096,26.456682526,1.0,18.996217281,1.0
3097,26.456682526,1.0,20.418653862,1.0
3098,26.456682526,1.0,6.963512648,1.0
3099,26.456682526,1.0,63.569424162,1.0
3100,26.456682526,1.0,4.449113565,1.0
3101,26.456682526,1.0,19.845513323,1.0
3102,26.456682526,1.0,7.308146865,1.0
3103,26.456682526,1.0,35.190700103,1.0
3104,26.456682526,1.0,9.150646684,1.0
3105,26.456682526,1.0,80.515084524,1.0
3106,26.456682526,1.0,16.979769685,1.0
3107,26.456682526,1.0,4.594228449,1.0
3108,26.456682526,1.0,30.198302233,1.0
3109,26.456682526,1.0,17.057716689,1.0
3110,26.456682526,1.0,43.160315667,1.0
3111,26.456682526,1.0,7.879326678,1.0
3112,26.456682526,1.0,25.0116746,1.0
3113,26.456682526,1.0,12.023650799,1.0
3114,9.900612688,1.0,12.592386752,1.0
3115,9.900612688,1.0,106.415627612,1.0
3116,9.900612688,1.0,11.65146074,1.0
3117,9.900612688,1.0,11.958363872,1.0
3118,9.900612688,1.0,40.90551563,1.0
3119,9.900612688,1.0,7.08934858,1.0
3120,9.900612688,1.0,5.075006428,1.0
3121,9.900612688,1.0,11.863979571,1.0
3122,9.900612688,1.0,8.188774877,1.0
3123,9.900612688,1.0,0.2951445344,1.0
3124,9.900612688,1.0,6.076137367,1.0
3125,9.900612688,1.0,33.569029236,1.0
3126,9.900612688,1.0,20.418653862,1.0
3127,9.900612688,1.0,6.086591474,1.0
3128,9.900612688,1.0,3.559635685,1.0
3129,9.900612688,1.0,3.177860741,1.0
3130,9.900612688,1.0,6.305349834,1.0
3131,9.900612688,1.0,8.068554411,1.0
3132,9.900612688,1.0,9.153441064,1.0
3133,9.900612688,1.0,10.198167248,1.0
3134,9.900612688,1.0,8.988959255,1.0
3135,9.900612688,1.0,6.254853155,1.0
3136,9.900612688,1.0,8.070385649,1.0
3137,9.900612688,1.0,91.156961989,1.0
3138,7.735346804,1.0,12.592386752,1.0
3139,7.735346804,1.0,6.932043301,1.0
3140,7.735346804,1.0,85.602065022,1.0
3141,7.735346804,1.0,5.843490694,1.0
3142,7.735346804,1.0,9.801194355,1.0
3143,7.735346804,1.0,11.770692834,1.0
3144,7.735346804,1.0,3.170768537,1.0
3145,7.735346804,1.0,12.457716354,1.0
3146,7.735346804,1.0,8.501191644,1.0
3147,7.735346804,1.0,40.90551563,1.0
3148,7.735346804,1.0,6.703281844,1.0
3149,7.735346804,1.0,7.674939651,1.0
3150,7.735346804,1.0,8.280750395,1.0
3151,7.735346804,1.0,4.357638184,1.0
3152,7.735346804,1.0,18.598069279,1.0
3153,14.744961584,1.0,12.592386752,1.0
3154,14.744961584,1.0,61.793309267,1.0
3155,14.744961584,1.0,18.011624075,1.0
3156,14.744961584,1.0,3.932857026,1.0
3157,14.744961584,1.0,11.232143896,1.0
3158,14.744961584,1.0,0.3451184811,1.0
3159,14.744961584,1.0,11.574078018,1.0
3160,14.744961584,1.0,4.359083834,1.0
3161,14.744961584,1.0,47.858770666,1.0
3162,14.744961584,1.0,5.328803376,1.0
3163,14.744961584,1.0,22.78146695,1.0
3164,14.744961584,1.0,10.635386245,1.0
3165,14.744961584,1.0,16.746607955,1.0
3166,14.744961584,1.0,22.680958327,1.0
3167,14.744961584,1.0,5.237392338,1.0
3168,14.744961584,1.0,165.932250802,0.0
3169,14.744961584,1.0,7.025923962,1.0
3170,14.744961584,1.0,6.52281174,1.0
3171,14.744961584,1.0,7.09936273,1.0
3172,8.501191644,1.0,12.592386752,1.0
3173,8.501191644,1.0,5.843490694,1.0
3174,8.501191644,1.0,4.800438878,1.0
3175,8.501191644,1.0,11.770692834,1.0
3176,8.501191644,1.0,7.735346804,1.0
3177,8.501191644,1.0,7.095566032,1.0
3178,8.501191644,1.0,1.685633058,1.0
3179,8.501191644,1.0,5.824984678,1.0
3180,8.501191644,1.0,13.61728709,1.0
3181,8.501191644,1.0,5.594596397,1.0
3182,8.501191644,1.0,3.414323425,1.0
3183,8.501191644,1.0,12.338558256,1.0
3184,8.501191644,1.0,3.441904024,1.0
3185,8.501191644,1.0,2.497470498,1.0
3186,8.501191644,1.0,4.357638184,1.0
3187,8.501191644,1.0,6.394778045,1.0
3188,8.501191644,1.0,6.086591474,1.0
3189,8.501191644,1.0,14.040953069,1.0
3190,8.501191644,1.0,18.598069279,1.0
3191,8.501191644,1.0,10.50722291,1.0
3192,8.501191644,1.0,19.845513323,1.0
3193,8.501191644,1.0,6.181669579,1.0
3194,8.501191644,1.0,4.05226854,1.0
3195,8.501191644,1.0,9.537564947,1.0
3196,6.48398763,1.0,12.592386752,1.0
3197,6.48398763,1.0,3.66616111,1.0
3198,8.077203943,1.0,12.592386752,1.0
3199,8.077203943,1.0,59.924864821,1.0
3200,8.077203943,1.0,3.170768537,1.0
3201,8.077203943,1.0,12.10266456,1.0
3202,8.077203943,1.0,12.457716354,1.0
3203,8.077203943,1.0,40.90551563,1.0
3204,8.077203943,1.0,7.227508895,1.0
3205,8.077203943,1.0,8.187427692,1.0
3206,8.077203943,1.0,6.703281844,1.0
3207,8.077203943,1.0,2.666798276,1.0
3208,8.077203943,1.0,10.016669087,1.0
3209,8.077203943,1.0,4.357638184,1.0
3210,8.077203943,1.0,4.449113565,1.0
3211,8.077203943,1.0,10.50722291,1.0
3212,8.077203943,1.0,4.066517949,1.0
3213,8.077203943,1.0,5.38214551,1.0
3214,8.077203943,1.0,17.275100495,1.0
3215,10.038287437,1.0,12.592386752,1.0
3216,10.038287437,1.0,61.793309267,1.0
3217,10.038287437,1.0,67.285382519,1.0
3218,10.038287437,1.0,9.900612688,1.0
3219,10.038287437,1.0,3.321907625,1.0
3220,10.038287437,1.0,40.90551563,1.0
3221,10.038287437,1.0,0.6476473379,1.0
3222,10.038287437,1.0,4.381866605,1.0
3223,10.038287437,1.0,8.295439778,1.0
3224,10.038287437,1.0,6.305349834,1.0
3225,10.038287437,1.0,7.135698552,1.0
3226,10.038287437,1.0,3.208916221,1.0
3227,10.038287437,1.0,10.198167248,1.0
3228,11.133808458,1.0,12.592386752,1.0
3229,11.133808458,1.0,6.932043301,1.0
3230,11.133808458,1.0,9.496850496,1.0
3231,11.133808458,1.0,2.809630333,1.0
3232,11.133808458,1.0,76.104832671,1.0
3233,11.133808458,1.0,2.620228609,1.0
3234,11.133808458,1.0,5.971852864,1.0
3235,11.133808458,1.0,6.904083149,1.0
3236,11.133808458,1.0,21.47320625,1.0
3237,11.133808458,1.0,22.627451627,1.0
3238,11.133808458,1.0,16.746607955,1.0
3239,11.133808458,1.0,8.020350441,1.0
3240,11.133808458,1.0,15.066753188,1.0
3241,11.133808458,1.0,7.326654522,1.0
3242,11.133808458,1.0,29.064479699,1.0
3243,11.133808458,1.0,8.078335378,1.0
3244,11.133808458,1.0,5.899303052,1.0
3245,11.133808458,1.0,4.063647561,1.0
3246,11.133808458,1.0,41.816248515,1.0
3247,11.133808458,1.0,9.903488889,1.0
3248,11.133808458,1.0,49.330409711,1.0
3249,11.133808458,1.0,14.998267347,1.0
3250,11.133808458,1.0,7.228822587,1.0
3251,11.133808458,1.0,38.515792955,1.0
3252,11.133808458,1.0,16.979769685,1.0
3253,11.133808458,1.0,7.879326678,1.0
3254,9.903488889,1.0,12.592386752,1.0
3255,9.903488889,1.0,59.924864821,1.0
3256,9.903488889,1.0,10.478257015,1.0
3257,9.903488889,1.0,22.627451627,1.0
3258,9.903488889,1.0,41.816248515,1.0
3259,9.903488889,1.0,8.123570646,1.0
3260,9.903488889,1.0,5.412612741,1.0
3261,9.903488889,1.0,4.172027313,1.0
3262,9.903488889,1.0,6.52281174,1.0
3263,15.776847279,1.0,12.592386752,1.0
3264,15.776847279,1.0,67.285382519,1.0
3265,15.776847279,1.0,59.924864821,1.0
3266,15.776847279,1.0,14.639793863,1.0
3267,15.776847279,1.0,4.359083834,1.0
3268,15.776847279,1.0,5.951084905,1.0
3269,15.776847279,1.0,46.94762608,1.0
3270,15.776847279,1.0,10.016669087,1.0
3271,15.776847279,1.0,22.78146695,1.0
3272,15.776847279,1.0,7.41032757,1.0
3273,15.776847279,1.0,3.697724209,1.0
3274,15.776847279,1.0,2.825110966,1.0
3275,15.776847279,1.0,49.330409711,1.0
3276,15.776847279,1.0,6.120753644,1.0
3277,15.776847279,1.0,4.193583381,1.0
3278,15.776847279,1.0,5.142898705,1.0
3279,15.776847279,1.0,1.21352677,1.0
3280,15.776847279,1.0,8.893250362,1.0
3281,15.776847279,1.0,6.179985299,1.0
3282,15.776847279,1.0,6.076137367,1.0
3283,15.776847279,1.0,33.569029236,1.0
3284,15.776847279,1.0,8.45860943,1.0
3285,15.776847279,1.0,28.598737411,1.0
3286,15.776847279,1.0,7.253592044,1.0
3287,15.776847279,1.0,1.380324536,1.0
3288,15.776847279,1.0,19.806237448,1.0
3289,15.776847279,1.0,3.87276971,1.0
3290,15.776847279,1.0,4.137506743,1.0
3291,15.776847279,1.0,20.418653862,1.0
3292,15.776847279,1.0,18.195908064,1.0
3293,15.776847279,1.0,6.086591474,1.0
3294,15.776847279,1.0,9.082305407,1.0
3295,15.776847279,1.0,9.71155112,1.0
3296,15.776847279,1.0,8.295439778,1.0
3297,15.776847279,1.0,14.040953069,1.0
3298,15.776847279,1.0,12.314548823,1.0
3299,15.776847279,1.0,3.811754697,1.0
3300,15.776847279,1.0,6.816885683,1.0
3301,15.776847279,1.0,1.213586358,1.0
3302,15.776847279,1.0,11.57419617,1.0
3303,15.776847279,1.0,5.996384101,1.0
3304,15.776847279,1.0,18.341066883,1.0
3305,15.776847279,1.0,3.767829505,1.0
3306,15.776847279,1.0,3.560045955,1.0
3307,15.776847279,1.0,13.297675544,1.0
3308,15.776847279,1.0,4.491154076,1.0
3309,15.776847279,1.0,8.995419211,1.0
3310,15.776847279,1.0,6.205428816,1.0
3311,15.776847279,1.0,16.462756475,1.0
3312,15.776847279,1.0,8.843522305,1.0
3313,4.172027313,1.0,12.592386752,1.0
3314,4.172027313,1.0,11.65146074,1.0
3315,4.172027313,1.0,11.232143896,1.0
3316,4.172027313,1.0,4.359083834,1.0
3317,4.172027313,1.0,5.328803376,1.0
3318,4.172027313,1.0,4.051893071,1.0
3319,4.172027313,1.0,10.016669087,1.0
3320,4.172027313,1.0,3.389171977,1.0
3321,4.172027313,1.0,17.059242232,1.0
3322,4.172027313,1.0,15.776847279,1.0
3323,4.172027313,1.0,28.598737411,1.0
3324,4.172027313,1.0,1.380324536,1.0
3325,4.172027313,1.0,19.806237448,1.0
3326,4.172027313,1.0,8.295439778,1.0
3327,4.172027313,1.0,12.314548823,1.0
3328,4.172027313,1.0,18.341066883,1.0
3329,4.172027313,1.0,13.574966657,1.0
3330,4.172027313,1.0,3.177860741,1.0
3331,4.172027313,1.0,13.297675544,1.0
3332,4.172027313,1.0,7.750732528,1.0
3333,4.172027313,1.0,3.738174695,1.0
3334,4.172027313,1.0,6.257818439,1.0
3335,4.172027313,1.0,5.450804765,1.0
3336,4.172027313,1.0,8.516840935,1.0
3337,4.172027313,1.0,38.515792955,1.0
3338,4.172027313,1.0,18.855302324,1.0
3339,4.172027313,1.0,25.0116746,1.0
3340,41.055354934,1.0,12.592386752,1.0
3341,41.055354934,1.0,10.123192269,1.0
3342,41.055354934,1.0,1.337015436,1.0
3343,11.253524316,1.0,12.592386752,1.0
3344,11.253524316,1.0,8.938464153,1.0
3345,11.253524316,1.0,3.398050431,1.0
3346,11.253524316,1.0,4.359083834,1.0
3347,11.253524316,1.0,4.051893071,1.0
3348,11.253524316,1.0,22.78146695,1.0
3349,11.253524316,1.0,5.075006428,1.0
3350,11.253524316,1.0,0.2951445344,1.0
3351,11.253524316,1.0,6.394778045,1.0
3352,11.253524316,1.0,20.418653862,1.0
3353,11.253524316,1.0,5.97652199,1.0
3354,11.253524316,1.0,9.71155112,1.0
3355,11.253524316,1.0,8.295439778,1.0
3356,11.253524316,1.0,4.172027313,1.0
3357,11.253524316,1.0,8.995419211,1.0
3358,11.253524316,1.0,6.205428816,1.0
3359,11.253524316,1.0,7.750732528,1.0
3360,11.253524316,1.0,4.449113565,1.0
3361,11.253524316,1.0,19.845513323,1.0
3362,11.253524316,1.0,8.843522305,1.0
3363,11.253524316,1.0,17.888502667,1.0
3364,11.253524316,1.0,4.621428657,1.0
3365,11.253524316,1.0,5.318849241,1.0
3366,11.253524316,1.0,6.257818439,1.0
3367,11.253524316,1.0,6.23365539,1.0
3368,11.253524316,1.0,3.637886738,1.0
3369,11.253524316,1.0,23.583721319,1.0
3370,11.253524316,1.0,5.450804765,1.0
3371,11.253524316,1.0,7.025923962,1.0
3372,11.253524316,1.0,6.790219312,1.0
3373,11.253524316,1.0,3.764193323,1.0
3374,11.253524316,1.0,0.7074212895,1.0
3375,11.253524316,1.0,4.119021003,1.0
3376,4.621428657,1.0,12.592386752,1.0
3377,4.621428657,1.0,61.793309267,1.0
3378,4.621428657,1.0,67.285382519,1.0
3379,4.621428657,1.0,2.809630333,1.0
3380,4.621428657,1.0,3.321907625,1.0
3381,4.621428657,1.0,4.193289994,1.0
3382,4.621428657,1.0,4.051893071,1.0
3383,4.621428657,1.0,1.930209873,1.0
3384,4.621428657,1.0,5.951084905,1.0
3385,4.621428657,1.0,7.008746013,1.0
3386,4.621428657,1.0,5.466959489,1.0
3387,4.621428657,1.0,13.445185063,1.0
3388,4.621428657,1.0,3.389171977,1.0
3389,4.621428657,1.0,17.059242232,1.0
3390,4.621428657,1.0,28.598737411,1.0
3391,4.621428657,1.0,14.040953069,1.0
3392,4.621428657,1.0,6.305349834,1.0
3393,4.621428657,1.0,6.963512648,1.0
3394,4.621428657,1.0,6.205428816,1.0
3395,4.621428657,1.0,9.011999131,1.0
3396,4.621428657,1.0,9.636824939,1.0
3397,4.621428657,1.0,3.738174695,1.0
3398,4.621428657,1.0,19.845513323,1.0
3399,4.621428657,1.0,11.253524316,1.0
3400,4.621428657,1.0,17.888502667,1.0
3401,4.621428657,1.0,5.318849241,1.0
3402,4.621428657,1.0,6.257818439,1.0
3403,4.621428657,1.0,6.23365539,1.0
3404,4.621428657,1.0,3.637886738,1.0
3405,4.621428657,1.0,23.583721319,1.0
3406,4.621428657,1.0,5.341431198,1.0
3407,4.621428657,1.0,5.450804765,1.0
3408,4.621428657,1.0,7.025923962,1.0
3409,4.621428657,1.0,7.308146865,1.0
3410,4.621428657,1.0,6.790219312,1.0
3411,4.621428657,1.0,0.5816461023,1.0
3412,4.621428657,1.0,6.026101551,1.0
3413,4.621428657,1.0,4.594228449,1.0
3414,4.621428657,1.0,9.74202609,1.0
3415,5.450804765,1.0,12.592386752,1.0
3416,5.450804765,1.0,67.285382519,1.0
3417,5.450804765,1.0,0.2336933914,1.0
3418,5.450804765,1.0,0.03889010165,1.0
3419,5.450804765,1.0,130.865646049,1.0
3420,5.450804765,1.0,12.776298295,1.0
3421,5.450804765,1.0,4.359083834,1.0
3422,5.450804765,1.0,17.059242232,1.0
3423,5.450804765,1.0,19.806237448,1.0
3424,5.450804765,1.0,20.418653862,1.0
3425,5.450804765,1.0,63.569424162,1.0
3426,5.450804765,1.0,19.845513323,1.0
3427,5.450804765,1.0,8.843522305,1.0
3428,5.450804765,1.0,17.888502667,1.0
3429,5.450804765,1.0,4.621428657,1.0
3430,5.450804765,1.0,6.23365539,1.0
3431,5.450804765,1.0,3.637886738,1.0
3432,5.450804765,1.0,23.583721319,1.0
3433,5.450804765,1.0,5.341431198,1.0
3434,5.450804765,1.0,7.025923962,1.0
3435,5.450804765,1.0,7.308146865,1.0
3436,5.450804765,1.0,5.648012104,1.0
3437,5.450804765,1.0,7.888433382,1.0
3438,5.450804765,1.0,18.013532299,1.0
3439,112.099655851,1.0,12.592386752,1.0
3440,112.099655851,1.0,61.793309267,1.0
3441,112.099655851,1.0,67.285382519,1.0
3442,112.099655851,1.0,85.602065022,1.0
3443,112.099655851,1.0,18.011624075,1.0
3444,112.099655851,1.0,11.958363872,1.0
3445,112.099655851,1.0,18.584471439,0.0
3446,112.099655851,1.0,30.257567237,1.0
3447,112.099655851,1.0,5.17795514,1.0
3448,112.099655851,1.0,6.243918196,1.0
3449,112.099655851,1.0,0.9830764551,1.0
3450,112.099655851,1.0,46.94762608,1.0
3451,112.099655851,1.0,1.402524531,1.0
3452,112.099655851,1.0,6.125094563,0.0
3453,112.099655851,1.0,4.678165374,1.0
3454,112.099655851,1.0,233.692864157,0.0
3455,112.099655851,1.0,25.388131117,0.0
3456,112.099655851,1.0,10.628219003,1.0
3457,112.099655851,1.0,29.064479699,1.0
3458,112.099655851,1.0,23.163711763,1.0
3459,112.099655851,1.0,14.075695698,1.0
3460,112.099655851,1.0,49.330409711,1.0
3461,112.099655851,1.0,28.598737411,1.0
3462,112.099655851,1.0,20.779723853,0.0
3463,112.099655851,1.0,7.469166361,1.0
3464,112.099655851,1.0,18.341066883,1.0
3465,112.099655851,1.0,7.228822587,1.0
3466,112.099655851,1.0,3.799529216,1.0
3467,112.099655851,1.0,134.232246392,1.0
3468,112.099655851,1.0,30.150731299,1.0
3469,112.099655851,1.0,30.637355167,1.0
3470,112.099655851,1.0,3.581472819,1.0
3471,112.099655851,1.0,0.8518332926,1.0
3472,112.099655851,1.0,0.5816461023,1.0
3473,112.099655851,1.0,12.715212237,1.0
3474,112.099655851,1.0,8.243241662,1.0
3475,112.099655851,1.0,8.473312072,1.0
3476,112.099655851,1.0,29.988838829,1.0
3477,112.099655851,1.0,46.769484107,0.0
3478,112.099655851,1.0,26.111237618,1.0
3479,112.099655851,1.0,35.190700103,1.0
3480,112.099655851,1.0,4.701139146,1.0
3481,112.099655851,1.0,24.65499671,1.0
3482,112.099655851,1.0,6.419404649,1.0
3483,112.099655851,1.0,14.597938965,1.0
3484,112.099655851,1.0,30.198302233,1.0
3485,112.099655851,1.0,147.947753554,1.0
3486,112.099655851,1.0,5.538429016,1.0
3487,112.099655851,1.0,205.461120806,1.0
3488,112.099655851,1.0,14.45689817,1.0
3489,112.099655851,1.0,11.778400279,1.0
3490,112.099655851,1.0,15.293129274,1.0
3491,112.099655851,1.0,22.38547886,1.0
3492,112.099655851,1.0,2.072367769,1.0
3493,112.099655851,1.0,25.0116746,1.0
3494,112.099655851,1.0,6.542005117,1.0
3495,112.099655851,1.0,7.862834024,1.0
3496,112.099655851,1.0,21.17309223,1.0
3497,26.111237618,1.0,12.592386752,1.0
3498,26.111237618,1.0,61.793309267,1.0
3499,26.111237618,1.0,26.456682526,1.0
3500,26.111237618,1.0,9.801194355,1.0
3501,26.111237618,1.0,4.457214021,1.0
3502,26.111237618,1.0,7.429994027,1.0
3503,26.111237618,1.0,43.881908864,1.0
3504,26.111237618,1.0,7.736976522,1.0
3505,26.111237618,1.0,3.441904024,1.0
3506,26.111237618,1.0,46.94762608,1.0
3507,26.111237618,1.0,2.497470498,1.0
3508,26.111237618,1.0,22.627451627,1.0
3509,26.111237618,1.0,6.588528896,1.0
3510,26.111237618,1.0,29.064479699,1.0
3511,26.111237618,1.0,49.330409711,1.0
3512,26.111237618,1.0,23.390458917,1.0
3513,26.111237618,1.0,6.903729822,1.0
3514,26.111237618,1.0,165.932250802,0.0
3515,26.111237618,1.0,24.186224197,1.0
3516,26.111237618,1.0,45.854721033,1.0
3517,26.111237618,1.0,30.150731299,1.0
3518,26.111237618,1.0,30.637355167,1.0
3519,26.111237618,1.0,8.843522305,1.0
3520,26.111237618,1.0,112.099655851,1.0
3521,26.111237618,1.0,3.581472819,1.0
3522,26.111237618,1.0,0.8518332926,1.0
3523,26.111237618,1.0,0.5816461023,1.0
3524,26.111237618,1.0,12.715212237,1.0
3525,26.111237618,1.0,8.243241662,1.0
3526,26.111237618,1.0,8.473312072,1.0
3527,26.111237618,1.0,29.988838829,1.0
3528,26.111237618,1.0,46.769484107,0.0
3529,26.111237618,1.0,35.190700103,1.0
3530,26.111237618,1.0,24.65499671,1.0
3531,26.111237618,1.0,6.419404649,1.0
3532,26.111237618,1.0,6.52281174,1.0
3533,26.111237618,1.0,147.947753554,1.0
3534,26.111237618,1.0,14.45689817,1.0
3535,26.111237618,1.0,15.293129274,1.0
3536,26.111237618,1.0,22.38547886,1.0
3537,26.111237618,1.0,7.862834024,1.0
3538,7.09936273,1.0,12.592386752,1.0
3539,7.09936273,1.0,14.744961584,1.0
3540,7.09936273,1.0,10.695111153,1.0
3541,7.09936273,1.0,16.986753427,1.0
3542,7.09936273,1.0,6.963512648,1.0
3543,7.09936273,1.0,7.564322155,1.0
3544,40.806273654,0.0,6.891467023,0.0
3545,40.806273654,0.0,59.079085118,0.0
3546,40.806273654,0.0,8.655831002,0.0
3547,40.806273654,0.0,10.272132303,0.0
3548,40.806273654,0.0,5.646775288,0.0
3549,40.806273654,0.0,23.004257875,0.0
3550,40.806273654,0.0,25.448562517,0.0
3551,40.806273654,0.0,28.8446437,0.0
3552,40.806273654,0.0,19.860000042,0.0
3553,40.806273654,0.0,6.182939494,0.0
3554,40.806273654,0.0,2.484388825,0.0
3555,40.806273654,0.0,22.81080816,0.0
3556,40.806273654,0.0,4.149862316,0.0
3557,40.806273654,0.0,4.65900742,0.0
3558,40.806273654,0.0,3.738556716,0.0
3559,40.806273654,0.0,18.425664971,0.0
3560,40.806273654,0.0,166.229730993,0.0
3561,40.806273654,0.0,38.884839197,0.0
3562,40.806273654,0.0,2.747009708,0.0
3563,40.806273654,0.0,3.826527393,0.0
3564,40.806273654,0.0,20.478210038,0.0
3565,40.806273654,0.0,17.69454432,0.0
3566,40.806273654,0.0,13.387590061,0.0
3567,40.806273654,0.0,25.471798052,0.0
3568,40.806273654,0.0,8.894560264,0.0
3569,40.806273654,0.0,7.662768857,0.0
3570,40.806273654,0.0,13.352047978,0.0
3571,40.806273654,0.0,17.501247243,0.0
3572,40.806273654,0.0,69.232611588,0.0
3573,40.806273654,0.0,55.798294359,0.0
3574,40.806273654,0.0,8.470417781,0.0
3575,40.806273654,0.0,15.245224461,0.0
3576,40.806273654,0.0,16.860865597,0.0
3577,40.806273654,0.0,6.887378238,0.0
3578,40.806273654,0.0,21.568777428,0.0
3579,40.806273654,0.0,6.56006233,0.0
3580,40.806273654,0.0,56.533506932,0.0
3581,40.806273654,0.0,15.731819137,0.0
3582,40.806273654,0.0,14.272640522,0.0
3583,40.806273654,0.0,1.337015436,1.0
3584,7.758575688,0.0,6.891467023,0.0
3585,7.758575688,0.0,14.279837015,0.0
3586,7.758575688,0.0,8.375770465,0.0
3587,7.758575688,0.0,10.007962681,0.0
3588,7.758575688,0.0,69.232611588,0.0
3589,5.810539423,0.0,6.891467023,0.0
3590,5.810539423,0.0,24.393075621,0.0
3591,5.810539423,0.0,29.277283858,0.0
3592,5.810539423,0.0,25.448562517,0.0
3593,5.810539423,0.0,26.964553761,0.0
3594,5.810539423,0.0,25.388131117,0.0
3595,5.810539423,0.0,16.171154926,0.0
3596,5.810539423,0.0,13.188256381,0.0
3597,5.810539423,0.0,2.937167089,0.0
3598,5.810539423,0.0,4.453474372,0.0
3599,5.810539423,0.0,4.20148694,0.0
3600,5.810539423,0.0,3.530931163,0.0
3601,5.810539423,0.0,10.545807272,0.0
3602,5.810539423,0.0,39.186740427,0.0
3603,5.810539423,0.0,10.85465712,0.0
3604,5.810539423,0.0,26.951913011,0.0
3605,5.810539423,0.0,16.492647692,0.0
3606,5.810539423,0.0,28.221062884,0.0
3607,5.810539423,0.0,17.69454432,0.0
3608,5.810539423,0.0,13.463816358,0.0
3609,5.810539423,0.0,18.742715591,0.0
3610,3.738556716,0.0,6.891467023,0.0
3611,3.738556716,0.0,16.845346518,0.0
3612,3.738556716,0.0,29.277283858,0.0
3613,3.738556716,0.0,25.448562517,0.0
3614,3.738556716,0.0,4.453474372,0.0
3615,3.738556716,0.0,4.20148694,0.0
3616,3.738556716,0.0,3.530931163,0.0
3617,3.738556716,0.0,10.545807272,0.0
3618,3.738556716,0.0,26.951913011,0.0
3619,3.738556716,0.0,166.229730993,0.0
3620,3.738556716,0.0,4.733555389,0.0
3621,3.738556716,0.0,9.342310384,0.0
3622,3.738556716,0.0,17.69454432,0.0
3623,3.738556716,0.0,13.40154723,0.0
3624,3.738556716,0.0,13.463816358,0.0
3625,3.738556716,0.0,6.887378238,0.0
3626,3.738556716,0.0,16.471802076,0.0
3627,3.738556716,0.0,5.526283878,0.0
3628,3.738556716,0.0,7.574758381,0.0
3629,4.609646425,0.0,6.891467023,0.0
3630,4.609646425,0.0,16.845346518,0.0
3631,4.609646425,0.0,4.453474372,0.0
3632,4.609646425,0.0,12.017629042,0.0
3633,4.609646425,0.0,8.087718499,0.0
3634,4.609646425,0.0,35.296213123,0.0
3635,4.609646425,0.0,11.769430661,0.0
3636,28.217529498,0.0,20.309502747,0.0
3637,28.217529498,0.0,24.393075621,0.0
3638,28.217529498,0.0,0.04929124894,0.0
3639,28.217529498,0.0,13.731164167,0.0
3640,28.217529498,0.0,6.856312521,0.0
3641,28.217529498,0.0,26.945092667,0.0
3642,28.217529498,0.0,7.975307176,0.0
3643,28.217529498,0.0,41.195718984,0.0
3644,28.217529498,0.0,5.646775288,0.0
3645,28.217529498,0.0,6.125094563,0.0
3646,28.217529498,0.0,8.127332825,0.0
3647,28.217529498,0.0,23.004257875,0.0
3648,28.217529498,0.0,6.182939494,0.0
3649,28.217529498,0.0,9.048977587,0.0
3650,28.217529498,0.0,2.484388825,0.0
3651,28.217529498,0.0,13.897177181,0.0
3652,28.217529498,0.0,27.886746336,0.0
3653,28.217529498,0.0,1.067421882,0.0
3654,28.217529498,0.0,11.802286831,0.0
3655,28.217529498,0.0,166.229730993,0.0
3656,28.217529498,0.0,3.826735763,0.0
3657,28.217529498,0.0,13.352047978,0.0
3658,28.217529498,0.0,69.232611588,0.0
3659,28.217529498,0.0,59.17079679,0.0
3660,28.217529498,0.0,13.463816358,0.0
3661,28.217529498,0.0,15.131499322,0.0
3662,28.217529498,0.0,19.854018686,0.0
3663,28.217529498,0.0,15.731819137,0.0
3664,28.217529498,0.0,14.272640522,0.0
3665,28.217529498,0.0,5.48985448,0.0
3666,28.217529498,0.0,11.769430661,0.0
3667,28.217529498,0.0,1.263600825,0.0
3668,28.217529498,0.0,37.446974395,0.0
3669,18.037301542,0.0,20.309502747,0.0
3670,12.509848057,0.0,20.309502747,0.0
3671,12.509848057,0.0,5.646775288,0.0
3672,12.509848057,0.0,8.127332825,0.0
3673,12.509848057,0.0,6.182939494,0.0
3674,12.509848057,0.0,2.484388825,0.0
3675,12.509848057,0.0,4.149862316,0.0
3676,12.509848057,0.0,9.379094338,0.0
3677,12.509848057,0.0,2.747009708,0.0
3678,12.509848057,0.0,9.567472154,0.0
3679,12.509848057,0.0,21.4673368,0.0
3680,12.509848057,0.0,7.614948836,0.0
3681,12.509848057,0.0,1.793332891,1.0
3682,149.102088463,0.0,20.309502747,0.0
3683,149.102088463,0.0,11.952476906,0.0
3684,149.102088463,0.0,29.277283858,0.0
3685,149.102088463,0.0,29.66574588,0.0
3686,149.102088463,0.0,27.886746336,0.0
3687,149.102088463,0.0,9.709070184,0.0
3688,149.102088463,0.0,63.638655974,0.0
3689,149.102088463,0.0,38.950111199,0.0
3690,149.102088463,0.0,13.188256381,0.0
3691,149.102088463,0.0,39.186740427,0.0
3692,149.102088463,0.0,26.951913011,0.0
3693,149.102088463,0.0,11.725027097,0.0
3694,149.102088463,0.0,166.229730993,0.0
3695,149.102088463,0.0,10.297864709,0.0
3696,149.102088463,0.0,5.083767503,0.0
3697,149.102088463,0.0,68.828085539,0.0
3698,149.102088463,0.0,14.723673279,0.0
3699,149.102088463,0.0,10.753671037,0.0
3700,149.102088463,0.0,0.09142197326,0.0
3701,149.102088463,0.0,0.1107685371,0.0
3702,149.102088463,0.0,16.065606367,0.0
3703,13.40154723,0.0,20.309502747,0.0
3704,13.40154723,0.0,29.277283858,0.0
3705,13.40154723,0.0,25.448562517,0.0
3706,13.40154723,0.0,26.964553761,0.0
3707,13.40154723,0.0,36.885952822,0.0
3708,13.40154723,0.0,63.638655974,0.0
3709,13.40154723,0.0,25.388131117,0.0
3710,13.40154723,0.0,16.171154926,0.0
3711,13.40154723,0.0,13.188256381,0.0
3712,13.40154723,0.0,5.810539423,0.0
3713,13.40154723,0.0,4.453474372,0.0
3714,13.40154723,0.0,3.738556716,0.0
3715,13.40154723,0.0,4.20148694,0.0
3716,13.40154723,0.0,3.530931163,0.0
3717,13.40154723,0.0,10.545807272,0.0
3718,13.40154723,0.0,39.186740427,0.0
3719,13.40154723,0.0,9.231275489,0.0
3720,13.40154723,0.0,19.802798823,0.0
3721,13.40154723,0.0,8.543727113,0.0
3722,13.40154723,0.0,4.419433878,0.0
3723,13.40154723,0.0,26.951913011,0.0
3724,13.40154723,0.0,87.232541053,0.0
3725,13.40154723,0.0,11.725027097,0.0
3726,13.40154723,0.0,76.190513876,0.0
3727,13.40154723,0.0,4.733555389,0.0
3728,13.40154723,0.0,6.29389923,0.0
3729,13.40154723,0.0,68.828085539,0.0
3730,13.40154723,0.0,25.361404636,0.0
3731,13.40154723,0.0,149.102088463,0.0
3732,13.40154723,0.0,12.017629042,0.0
3733,13.40154723,0.0,8.894560264,0.0
3734,13.40154723,0.0,13.352047978,0.0
3735,13.40154723,0.0,69.232611588,0.0
3736,13.40154723,0.0,13.463816358,0.0
3737,13.40154723,0.0,5.778618585,0.0
3738,13.40154723,0.0,27.455093588,0.0
3739,13.40154723,0.0,16.860865597,0.0
3740,13.40154723,0.0,7.574758381,0.0
3741,16.746607955,1.0,16.89684204,0.0
3742,16.746607955,1.0,52.454679661,1.0
3743,16.746607955,1.0,9.496850496,1.0
3744,16.746607955,1.0,6.106868048,1.0
3745,16.746607955,1.0,3.170768537,1.0
3746,16.746607955,1.0,76.104832671,1.0
3747,16.746607955,1.0,12.666276573,1.0
3748,16.746607955,1.0,9.98284207,1.0
3749,16.746607955,1.0,6.904083149,1.0
3750,16.746607955,1.0,5.173046124,1.0
3751,16.746607955,1.0,21.47320625,1.0
3752,16.746607955,1.0,6.63113924,1.0
3753,16.746607955,1.0,22.627451627,1.0
3754,16.746607955,1.0,15.189863814,1.0
3755,16.746607955,1.0,7.440375649,1.0
3756,16.746607955,1.0,5.913494239,1.0
3757,16.746607955,1.0,29.064479699,1.0
3758,16.746607955,1.0,23.163711763,1.0
3759,16.746607955,1.0,14.075695698,1.0
3760,16.746607955,1.0,11.133808458,1.0
3761,16.746607955,1.0,5.899303052,1.0
3762,16.746607955,1.0,4.063647561,1.0
3763,16.746607955,1.0,41.816248515,1.0
3764,16.746607955,1.0,16.219736768,1.0
3765,16.746607955,1.0,22.680958327,1.0
3766,16.746607955,1.0,14.998267347,1.0
3767,16.746607955,1.0,10.277541211,1.0
3768,16.746607955,1.0,1.922086858,1.0
3769,16.746607955,1.0,4.995556646,1.0
3770,16.746607955,1.0,59.53489806,0.0
3771,16.746607955,1.0,7.373882175,1.0
3772,16.746607955,1.0,2.197170175,1.0
3773,16.746607955,1.0,13.070268138,1.0
3774,16.746607955,1.0,10.557429856,1.0
3775,16.746607955,1.0,19.845513323,1.0
3776,16.746607955,1.0,12.715212237,1.0
3777,16.746607955,1.0,8.243241662,1.0
3778,16.746607955,1.0,0.122436619,0.0
3779,16.746607955,1.0,7.879326678,1.0
3780,16.746607955,1.0,13.219212113,1.0
3781,16.746607955,1.0,41.790035293,1.0
3782,16.746607955,1.0,21.17309223,1.0
3783,8.573559835,0.0,16.89684204,0.0
3784,8.573559835,0.0,1.235103146,0.0
3785,8.573559835,0.0,4.046800418,1.0
3786,8.573559835,0.0,3.353531592,0.0
3787,8.573559835,0.0,5.722009525,0.0
3788,8.573559835,0.0,6.394778045,1.0
3789,8.573559835,0.0,2.645715291,0.0
3790,8.573559835,0.0,7.048802068,0.0
3791,8.573559835,0.0,27.217773067,0.0
3792,8.573559835,0.0,1.706916885,0.0
3793,8.573559835,0.0,5.376782587,0.0
3794,8.573559835,0.0,9.850920108,0.0
3795,8.573559835,0.0,15.453245152,0.0
3796,8.573559835,0.0,24.466421136,0.0
3797,8.573559835,0.0,10.639342998,0.0
3798,8.573559835,0.0,6.319002241,0.0
3799,8.573559835,0.0,4.589062752,0.0
3800,15.453245152,0.0,16.89684204,0.0
3801,15.453245152,0.0,1.235103146,0.0
3802,15.453245152,0.0,4.333050957,0.0
3803,15.453245152,0.0,2.912262262,0.0
3804,15.453245152,0.0,6.384550977,0.0
3805,15.453245152,0.0,5.722009525,0.0
3806,15.453245152,0.0,6.907984275,0.0
3807,15.453245152,0.0,2.645715291,0.0
3808,15.453245152,0.0,4.675694624,0.0
3809,15.453245152,0.0,7.048802068,0.0
3810,15.453245152,0.0,4.004822702,0.0
3811,15.453245152,0.0,1.706916885,0.0
3812,15.453245152,0.0,5.376782587,0.0
3813,15.453245152,0.0,8.573559835,0.0
3814,15.453245152,0.0,9.850920108,0.0
3815,15.453245152,0.0,57.196357044,0.0
3816,15.453245152,0.0,10.639342998,0.0
3817,15.453245152,0.0,10.490124507,0.0
3818,15.453245152,0.0,84.435994812,0.0
3819,15.453245152,0.0,3.021146021,0.0
3820,15.453245152,0.0,4.589062752,0.0
3821,57.196357044,0.0,16.89684204,0.0
3822,57.196357044,0.0,33.792251101,1.0
3823,57.196357044,0.0,1.235103146,0.0
3824,57.196357044,0.0,27.348444479,0.0
3825,57.196357044,0.0,73.678253805,0.0
3826,57.196357044,0.0,14.075695698,1.0
3827,57.196357044,0.0,4.004822702,0.0
3828,57.196357044,0.0,5.376782587,0.0
3829,57.196357044,0.0,2.430209341,0.0
3830,57.196357044,0.0,11.45702789,0.0
3831,57.196357044,0.0,8.791860278,0.0
3832,57.196357044,0.0,14.212982833,0.0
3833,57.196357044,0.0,6.288663898,0.0
3834,57.196357044,0.0,21.195495867,0.0
3835,57.196357044,0.0,4.711466608,0.0
3836,57.196357044,0.0,7.885392656,0.0
3837,57.196357044,0.0,9.948752647,0.0
3838,57.196357044,0.0,5.511438681,0.0
3839,57.196357044,0.0,5.318157598,0.0
3840,57.196357044,0.0,17.99554838,0.0
3841,57.196357044,0.0,26.621552508,0.0
3842,57.196357044,0.0,22.969963088,0.0
3843,57.196357044,0.0,25.084860848,0.0
3844,57.196357044,0.0,16.525821364,0.0
3845,57.196357044,0.0,26.853872834,0.0
3846,57.196357044,0.0,24.466421136,0.0
3847,57.196357044,0.0,4.68757824,0.0
3848,57.196357044,0.0,7.12999787,0.0
3849,57.196357044,0.0,8.364312963,0.0
3850,57.196357044,0.0,7.989855372,0.0
3851,57.196357044,0.0,20.918539645,0.0
3852,57.196357044,0.0,5.051028054,0.0
3853,57.196357044,0.0,6.825253381,0.0
3854,57.196357044,0.0,1.358287671,0.0
3855,57.196357044,0.0,8.332959718,0.0
3856,57.196357044,0.0,10.170720446,0.0
3857,26.853872834,0.0,16.89684204,0.0
3858,26.853872834,0.0,40.880111633,0.0
3859,26.853872834,0.0,27.348444479,0.0
3860,26.853872834,0.0,5.775634328,1.0
3861,26.853872834,0.0,73.678253805,0.0
3862,26.853872834,0.0,2.912262262,0.0
3863,26.853872834,0.0,6.907984275,0.0
3864,26.853872834,0.0,2.430209341,0.0
3865,26.853872834,0.0,11.45702789,0.0
3866,26.853872834,0.0,8.791860278,0.0
3867,26.853872834,0.0,14.212982833,0.0
3868,26.853872834,0.0,57.196357044,0.0
3869,26.853872834,0.0,6.288663898,0.0
3870,26.853872834,0.0,21.195495867,0.0
3871,26.853872834,0.0,4.711466608,0.0
3872,26.853872834,0.0,7.885392656,0.0
3873,26.853872834,0.0,9.948752647,0.0
3874,26.853872834,0.0,5.511438681,0.0
3875,26.853872834,0.0,5.318157598,0.0
3876,26.853872834,0.0,17.99554838,0.0
3877,26.853872834,0.0,26.621552508,0.0
3878,26.853872834,0.0,22.969963088,0.0
3879,26.853872834,0.0,25.084860848,0.0
3880,26.853872834,0.0,16.525821364,0.0
3881,26.853872834,0.0,24.466421136,0.0
3882,26.853872834,0.0,7.12999787,0.0
3883,26.853872834,0.0,8.364312963,0.0
3884,26.853872834,0.0,20.918539645,0.0
3885,26.853872834,0.0,5.051028054,0.0
3886,26.853872834,0.0,10.639342998,0.0
3887,26.853872834,0.0,1.358287671,0.0
3888,26.853872834,0.0,10.170720446,0.0
3889,26.853872834,0.0,68.664609207,0.0
3890,7.989855372,0.0,16.89684204,0.0
3891,7.989855372,0.0,57.196357044,0.0
3892,7.989855372,0.0,6.288663898,0.0
3893,7.989855372,0.0,9.948752647,0.0
3894,7.989855372,0.0,10.744893785,0.0
3895,7.989855372,0.0,3.316393044,1.0
3896,7.989855372,0.0,2.962675292,0.0
3897,7.989855372,0.0,18.013532299,1.0
3898,8.580112819,0.0,16.89684204,0.0
3899,8.580112819,0.0,2.645715291,0.0
3900,8.580112819,0.0,24.466421136,0.0
3901,8.580112819,0.0,8.364312963,0.0
3902,8.580112819,0.0,6.825253381,0.0
3903,6.825253381,0.0,16.89684204,0.0
3904,6.825253381,0.0,73.678253805,0.0
3905,6.825253381,0.0,1.706916885,0.0
3906,6.825253381,0.0,8.573559835,0.0
3907,6.825253381,0.0,2.430209341,0.0
3908,6.825253381,0.0,14.212982833,0.0
3909,6.825253381,0.0,57.196357044,0.0
3910,6.825253381,0.0,7.885392656,0.0
3911,6.825253381,0.0,26.621552508,0.0
3912,6.825253381,0.0,22.969963088,0.0
3913,6.825253381,0.0,16.525821364,0.0
3914,6.825253381,0.0,26.853872834,0.0
3915,6.825253381,0.0,24.466421136,0.0
3916,6.825253381,0.0,5.051028054,0.0
3917,6.825253381,0.0,1.358287671,0.0
3918,6.825253381,0.0,8.332959718,0.0
3919,4.342597191,0.0,6.39604377,0.0
3920,4.342597191,0.0,7.676528234,0.0
3921,4.342597191,0.0,11.952476906,0.0
3922,4.342597191,0.0,22.254282903,0.0
3923,4.342597191,0.0,16.845346518,0.0
3924,4.342597191,0.0,26.67006964,0.0
3925,4.342597191,0.0,6.866216929,0.0
3926,4.342597191,0.0,14.129269059,0.0
3927,5.547187136,1.0,11.952476906,0.0
3928,5.547187136,1.0,21.47320625,1.0
3929,5.547187136,1.0,3.331422192,1.0
3930,5.547187136,1.0,10.277541211,1.0
3931,5.547187136,1.0,10.57156896,1.0
3932,10.545807272,0.0,11.952476906,0.0
3933,10.545807272,0.0,49.446131829,0.0
3934,10.545807272,0.0,29.277283858,0.0
3935,10.545807272,0.0,25.448562517,0.0
3936,10.545807272,0.0,26.964553761,0.0
3937,10.545807272,0.0,63.638655974,0.0
3938,10.545807272,0.0,25.388131117,0.0
3939,10.545807272,0.0,16.171154926,0.0
3940,10.545807272,0.0,13.188256381,0.0
3941,10.545807272,0.0,5.810539423,0.0
3942,10.545807272,0.0,4.453474372,0.0
3943,10.545807272,0.0,3.738556716,0.0
3944,10.545807272,0.0,4.20148694,0.0
3945,10.545807272,0.0,3.530931163,0.0
3946,10.545807272,0.0,39.186740427,0.0
3947,10.545807272,0.0,19.802798823,0.0
3948,10.545807272,0.0,10.85465712,0.0
3949,10.545807272,0.0,8.543727113,0.0
3950,10.545807272,0.0,26.951913011,0.0
3951,10.545807272,0.0,87.232541053,0.0
3952,10.545807272,0.0,11.725027097,0.0
3953,10.545807272,0.0,76.190513876,0.0
3954,10.545807272,0.0,4.733555389,0.0
3955,10.545807272,0.0,25.361404636,0.0
3956,10.545807272,0.0,149.102088463,0.0
3957,10.545807272,0.0,21.4673368,0.0
3958,10.545807272,0.0,25.471798052,0.0
3959,10.545807272,0.0,13.40154723,0.0
3960,10.545807272,0.0,7.596552305,0.0
3961,10.545807272,0.0,10.075756973,0.0
3962,10.545807272,0.0,6.3921964,0.0
3963,10.545807272,0.0,55.798294359,0.0
3964,10.545807272,0.0,13.463816358,0.0
3965,10.545807272,0.0,5.778618585,0.0
3966,10.545807272,0.0,7.574758381,0.0
3967,10.545807272,0.0,5.701306421,0.0
3968,4.419433878,0.0,11.952476906,0.0
3969,4.419433878,0.0,25.448562517,0.0
3970,4.419433878,0.0,4.20148694,0.0
3971,4.419433878,0.0,39.186740427,0.0
3972,4.419433878,0.0,9.231275489,0.0
3973,4.419433878,0.0,19.802798823,0.0
3974,4.419433878,0.0,5.943829326,0.0
3975,4.419433878,0.0,10.85465712,0.0
3976,4.419433878,0.0,8.543727113,0.0
3977,4.419433878,0.0,26.951913011,0.0
3978,4.419433878,0.0,18.425664971,0.0
3979,4.419433878,0.0,21.4673368,0.0
3980,4.419433878,0.0,31.467421346,0.0
3981,4.419433878,0.0,17.501247243,0.0
3982,26.951913011,0.0,11.952476906,0.0
3983,26.951913011,0.0,16.845346518,0.0
3984,26.951913011,0.0,29.277283858,0.0
3985,26.951913011,0.0,25.448562517,0.0
3986,26.951913011,0.0,13.248713101,0.0
3987,26.951913011,0.0,26.964553761,0.0
3988,26.951913011,0.0,63.638655974,0.0
3989,26.951913011,0.0,38.950111199,0.0
3990,26.951913011,0.0,25.388131117,0.0
3991,26.951913011,0.0,16.171154926,0.0
3992,26.951913011,0.0,13.188256381,0.0
3993,26.951913011,0.0,2.937167089,0.0
3994,26.951913011,0.0,5.810539423,0.0
3995,26.951913011,0.0,4.453474372,0.0
3996,26.951913011,0.0,3.738556716,0.0
3997,26.951913011,0.0,4.20148694,0.0
3998,26.951913011,0.0,3.530931163,0.0
3999,26.951913011,0.0,10.545807272,0.0
4000,26.951913011,0.0,39.186740427,0.0
4001,26.951913011,0.0,9.231275489,0.0
4002,26.951913011,0.0,19.802798823,0.0
4003,26.951913011,0.0,5.943829326,0.0
4004,26.951913011,0.0,10.85465712,0.0
4005,26.951913011,0.0,8.543727113,0.0
4006,26.951913011,0.0,4.419433878,0.0
4007,26.951913011,0.0,87.232541053,0.0
4008,26.951913011,0.0,11.725027097,0.0
4009,26.951913011,0.0,18.425664971,0.0
4010,26.951913011,0.0,76.190513876,0.0
4011,26.951913011,0.0,0.150838641,0.0
4012,26.951913011,0.0,1.807864563,1.0
4013,26.951913011,0.0,38.884839197,0.0
4014,26.951913011,0.0,6.29389923,0.0
4015,26.951913011,0.0,68.828085539,0.0
4016,26.951913011,0.0,26.67006964,0.0
4017,26.951913011,0.0,12.052625476,0.0
4018,26.951913011,0.0,13.387590061,0.0
4019,26.951913011,0.0,13.40154723,0.0
4020,26.951913011,0.0,55.798294359,0.0
4021,26.951913011,0.0,13.463816358,0.0
4022,26.951913011,0.0,9.5496673,0.0
4023,26.951913011,0.0,27.455093588,0.0
4024,26.951913011,0.0,56.533506932,0.0
4025,26.951913011,0.0,16.065606367,0.0
4026,26.951913011,0.0,7.574758381,0.0
4027,26.951913011,0.0,40.709785723,0.0
4028,40.709785723,0.0,11.952476906,0.0
4029,40.709785723,0.0,14.279837015,0.0
4030,40.709785723,0.0,7.827958431,0.0
4031,40.709785723,0.0,11.725027097,0.0
4032,40.709785723,0.0,17.635672416,0.0
4033,40.709785723,0.0,17.501247243,0.0
4034,40.709785723,0.0,11.453611597,0.0
4035,40.709785723,0.0,69.232611588,0.0
4036,40.709785723,0.0,14.914079569,0.0
4037,16.174970412,0.0,22.254282903,0.0
4038,16.174970412,0.0,49.446131829,0.0
4039,16.174970412,0.0,15.92488598,0.0
4040,16.174970412,0.0,10.85465712,0.0
4041,16.174970412,0.0,15.245224461,0.0
4042,16.174970412,0.0,21.568777428,0.0
4043,16.174970412,0.0,6.56006233,0.0
4044,16.174970412,0.0,16.471802076,0.0
4045,16.174970412,0.0,56.533506932,0.0
4046,16.174970412,0.0,16.065606367,0.0
4047,16.174970412,0.0,16.261504351,0.0
4048,16.174970412,0.0,14.272640522,0.0
4049,16.174970412,0.0,5.48985448,0.0
4050,1.926763288,0.0,22.254282903,0.0
4051,1.926763288,0.0,17.501247243,0.0
4052,8.470417781,0.0,22.254282903,0.0
4053,8.470417781,0.0,40.806273654,0.0
4054,8.470417781,0.0,59.079085118,0.0
4055,8.470417781,0.0,49.446131829,0.0
4056,8.470417781,0.0,5.695326751,0.0
4057,8.470417781,0.0,9.453768707,0.0
4058,8.470417781,0.0,17.501247243,0.0
4059,8.470417781,0.0,34.599385905,0.0
4060,8.470417781,0.0,15.245224461,0.0
4061,8.470417781,0.0,32.512744515,0.0
4062,8.470417781,0.0,16.261504351,0.0
4063,12.592386752,1.0,6.675487411,1.0
4064,12.592386752,1.0,61.793309267,1.0
4065,12.592386752,1.0,59.924864821,1.0
4066,12.592386752,1.0,3.321907625,1.0
4067,12.592386752,1.0,8.501191644,1.0
4068,12.592386752,1.0,40.90551563,1.0
4069,12.592386752,1.0,13.88327424,1.0
4070,12.592386752,1.0,2.153464008,1.0
4071,12.592386752,1.0,3.130326904,1.0
4072,12.592386752,1.0,93.774140871,0.0
4073,12.592386752,1.0,10.038287437,1.0
4074,12.592386752,1.0,21.957598551,1.0
4075,12.592386752,1.0,49.330409711,1.0
4076,12.592386752,1.0,4.381866605,1.0
4077,12.592386752,1.0,6.076137367,1.0
4078,12.592386752,1.0,3.177860741,1.0
4079,12.592386752,1.0,13.297675544,1.0
4080,12.592386752,1.0,7.888433382,1.0
4081,12.592386752,1.0,9.537564947,1.0
4082,12.592386752,1.0,7.564322155,1.0
4083,12.592386752,1.0,7.09936273,1.0
4084,85.602065022,1.0,6.675487411,1.0
4085,85.602065022,1.0,33.792251101,1.0
4086,85.602065022,1.0,26.456682526,1.0
4087,85.602065022,1.0,18.011624075,1.0
4088,85.602065022,1.0,52.454679661,1.0
4089,85.602065022,1.0,106.415627612,1.0
4090,85.602065022,1.0,3.170768537,1.0
4091,85.602065022,1.0,11.232143896,1.0
4092,85.602065022,1.0,1.344673725,1.0
4093,85.602065022,1.0,10.181441025,1.0
4094,85.602065022,1.0,7.600481659,1.0
4095,85.602065022,1.0,14.639793863,1.0
4096,85.602065022,1.0,30.257567237,1.0
4097,85.602065022,1.0,203.143738217,0.0
4098,85.602065022,1.0,2.620228609,1.0
4099,85.602065022,1.0,3.255616154,1.0
4100,85.602065022,1.0,1.213275618,1.0
4101,85.602065022,1.0,629.457019025,1.0
4102,85.602065022,1.0,7.008746013,1.0
4103,85.602065022,1.0,0.214112784,1.0
4104,85.602065022,1.0,46.94762608,1.0
4105,85.602065022,1.0,17.86679629,1.0
4106,85.602065022,1.0,9.643040622,1.0
4107,85.602065022,1.0,23.163711763,1.0
4108,85.602065022,1.0,41.816248515,1.0
4109,85.602065022,1.0,4.193583381,1.0
4110,85.602065022,1.0,33.569029236,1.0
4111,85.602065022,1.0,19.806237448,1.0
4112,85.602065022,1.0,5.97652199,1.0
4113,85.602065022,1.0,9.71155112,1.0
4114,85.602065022,1.0,3.701022125,1.0
4115,85.602065022,1.0,8.107437704,1.0
4116,85.602065022,1.0,0.07754331243,0.0
4117,85.602065022,1.0,18.598069279,1.0
4118,85.602065022,1.0,10.235504409,1.0
4119,85.602065022,1.0,17.888502667,1.0
4120,85.602065022,1.0,6.790219312,1.0
4121,85.602065022,1.0,112.099655851,1.0
4122,85.602065022,1.0,8.516840935,1.0
4123,85.602065022,1.0,8.243241662,1.0
4124,85.602065022,1.0,35.190700103,1.0
4125,85.602065022,1.0,24.65499671,1.0
4126,85.602065022,1.0,14.597938965,1.0
4127,85.602065022,1.0,8.334980135,1.0
4128,85.602065022,1.0,30.198302233,1.0
4129,85.602065022,1.0,3.952164526,1.0
4130,85.602065022,1.0,17.057716689,1.0
4131,85.602065022,1.0,14.45689817,1.0
4132,85.602065022,1.0,7.879326678,1.0
4133,85.602065022,1.0,25.0116746,1.0
4134,85.602065022,1.0,17.275100495,1.0
4135,85.602065022,1.0,12.023650799,1.0
4136,7.165830305,1.0,6.675487411,1.0
4137,7.165830305,1.0,59.924864821,1.0
4138,7.165830305,1.0,106.415627612,1.0
4139,7.165830305,1.0,4.162390443,1.0
4140,7.165830305,1.0,3.835846421,1.0
4141,7.165830305,1.0,10.635386245,1.0
4142,7.165830305,1.0,4.172027313,1.0
4143,7.165830305,1.0,63.569424162,1.0
4144,7.165830305,1.0,10.088455912,1.0
4145,7.165830305,1.0,0.3344836215,1.0
4146,47.858770666,1.0,6.675487411,1.0
4147,47.858770666,1.0,13.056317027,1.0
4148,47.858770666,1.0,11.399226471,1.0
4149,47.858770666,1.0,15.779551822,1.0
4150,47.858770666,1.0,4.210712808,1.0
4151,47.858770666,1.0,43.881908864,1.0
4152,47.858770666,1.0,10.510975334,1.0
4153,47.858770666,1.0,5.995996753,1.0
4154,47.858770666,1.0,4.109783623,1.0
4155,47.858770666,1.0,13.53178188,1.0
4156,47.858770666,1.0,14.86461468,1.0
4157,12.876687905,1.0,6.675487411,1.0
4158,12.876687905,1.0,13.86957637,1.0
4159,12.876687905,1.0,12.042848406,1.0
4160,12.876687905,1.0,0.9830764551,1.0
4161,12.876687905,1.0,88.449822594,0.0
4162,12.876687905,1.0,4.672049272,1.0
4163,12.876687905,1.0,10.013880072,1.0
4164,12.876687905,1.0,0.6167532631,1.0
4165,12.876687905,1.0,0.8000162359,1.0
4166,12.876687905,1.0,0.6476473379,1.0
4167,12.876687905,1.0,8.187427692,1.0
4168,12.876687905,1.0,11.809729744,1.0
4169,12.876687905,1.0,8.988959255,1.0
4170,8.327704218,1.0,6.675487411,1.0
4171,8.327704218,1.0,59.924864821,1.0
4172,8.327704218,1.0,7.600481659,1.0
4173,8.327704218,1.0,5.173046124,1.0
4174,8.327704218,1.0,21.47320625,1.0
4175,8.327704218,1.0,5.189647153,1.0
4176,8.327704218,1.0,22.627451627,1.0
4177,8.327704218,1.0,7.440375649,1.0
4178,8.327704218,1.0,15.066753188,1.0
4179,8.327704218,1.0,29.064479699,1.0
4180,8.327704218,1.0,8.629651598,1.0
4181,8.327704218,1.0,5.521065503,1.0
4182,8.327704218,1.0,8.078335378,1.0
4183,8.327704218,1.0,11.133808458,1.0
4184,8.327704218,1.0,41.816248515,1.0
4185,8.327704218,1.0,16.219736768,1.0
4186,8.327704218,1.0,33.569029236,1.0
4187,8.327704218,1.0,7.135698552,1.0
4188,8.327704218,1.0,3.208916221,1.0
4189,8.327704218,1.0,2.197170175,1.0
4190,8.327704218,1.0,10.557429856,1.0
4191,6.588528896,1.0,6.675487411,1.0
4192,6.588528896,1.0,67.285382519,1.0
4193,6.588528896,1.0,59.924864821,1.0
4194,6.588528896,1.0,85.602065022,1.0
4195,6.588528896,1.0,3.321907625,1.0
4196,6.588528896,1.0,40.90551563,1.0
4197,6.588528896,1.0,4.162390443,1.0
4198,6.588528896,1.0,5.971852864,1.0
4199,6.588528896,1.0,5.775634328,1.0
4200,6.588528896,1.0,5.951084905,1.0
4201,6.588528896,1.0,9.98284207,1.0
4202,6.588528896,1.0,46.94762608,1.0
4203,6.588528896,1.0,6.904083149,1.0
4204,6.588528896,1.0,6.63113924,1.0
4205,6.588528896,1.0,21.957598551,1.0
4206,6.588528896,1.0,15.189863814,1.0
4207,6.588528896,1.0,8.020350441,1.0
4208,6.588528896,1.0,5.816563551,1.0
4209,6.588528896,1.0,15.066753188,1.0
4210,6.588528896,1.0,7.326654522,1.0
4211,6.588528896,1.0,29.064479699,1.0
4212,6.588528896,1.0,8.078335378,1.0
4213,6.588528896,1.0,5.899303052,1.0
4214,6.588528896,1.0,49.330409711,1.0
4215,6.588528896,1.0,19.806237448,1.0
4216,6.588528896,1.0,0.07754331243,0.0
4217,6.588528896,1.0,18.598069279,1.0
4218,6.588528896,1.0,3.581472819,1.0
4219,6.588528896,1.0,12.715212237,1.0
4220,6.588528896,1.0,26.111237618,1.0
4221,6.588528896,1.0,35.190700103,1.0
4222,6.588528896,1.0,205.461120806,1.0
4223,6.588528896,1.0,14.45689817,1.0
4224,6.588528896,1.0,25.0116746,1.0
4225,16.986753427,1.0,6.675487411,1.0
4226,16.986753427,1.0,106.415627612,1.0
4227,16.986753427,1.0,11.65146074,1.0
4228,16.986753427,1.0,17.762839048,1.0
4229,16.986753427,1.0,6.049206712,1.0
4230,16.986753427,1.0,3.255616154,1.0
4231,16.986753427,1.0,1.213275618,1.0
4232,16.986753427,1.0,5.980333505,1.0
4233,16.986753427,1.0,43.881908864,1.0
4234,16.986753427,1.0,2.888906621,1.0
4235,16.986753427,1.0,10.900235758,1.0
4236,16.986753427,1.0,9.141805687,1.0
4237,16.986753427,1.0,5.075006428,1.0
4238,16.986753427,1.0,49.330409711,1.0
4239,16.986753427,1.0,15.776847279,1.0
4240,16.986753427,1.0,8.188774877,1.0
4241,16.986753427,1.0,6.179985299,1.0
4242,16.986753427,1.0,18.00089822,1.0
4243,16.986753427,1.0,11.57419617,1.0
4244,16.986753427,1.0,6.305349834,1.0
4245,16.986753427,1.0,5.840658135,1.0
4246,16.986753427,1.0,7.99491551,0.0
4247,16.986753427,1.0,19.845513323,1.0
4248,16.986753427,1.0,11.535903549,1.0
4249,16.986753427,1.0,4.621428657,1.0
4250,16.986753427,1.0,16.979769685,1.0
4251,16.986753427,1.0,1.542591866,1.0
4252,16.986753427,1.0,46.998665241,1.0
4253,8.473312072,1.0,6.675487411,1.0
4254,8.473312072,1.0,10.181441025,1.0
4255,8.473312072,1.0,9.98284207,1.0
4256,8.473312072,1.0,46.94762608,1.0
4257,8.473312072,1.0,22.627451627,1.0
4258,8.473312072,1.0,29.064479699,1.0
4259,8.473312072,1.0,49.330409711,1.0
4260,8.473312072,1.0,112.099655851,1.0
4261,8.473312072,1.0,3.581472819,1.0
4262,8.473312072,1.0,0.8518332926,1.0
4263,8.473312072,1.0,12.715212237,1.0
4264,8.473312072,1.0,8.243241662,1.0
4265,8.473312072,1.0,29.988838829,1.0
4266,8.473312072,1.0,26.111237618,1.0
4267,8.473312072,1.0,35.190700103,1.0
4268,8.473312072,1.0,24.65499671,1.0
4269,8.473312072,1.0,6.419404649,1.0
4270,8.473312072,1.0,147.947753554,1.0
4271,8.473312072,1.0,22.38547886,1.0
4272,8.473312072,1.0,25.0116746,1.0
4273,8.473312072,1.0,6.542005117,1.0
4274,8.473312072,1.0,7.862834024,1.0
4275,4.018046527,1.0,6.675487411,1.0
4276,4.018046527,1.0,61.793309267,1.0
4277,4.018046527,1.0,8.727444545,1.0
4278,4.018046527,1.0,3.529590431,1.0
4279,4.018046527,1.0,1.55955744,1.0
4280,4.018046527,1.0,7.429994027,1.0
4281,4.018046527,1.0,12.666276573,1.0
4282,4.018046527,1.0,19.845513323,1.0
4283,8.195639278,0.0,14.279837015,0.0
4284,8.195639278,0.0,17.926035137,0.0
4285,8.195639278,0.0,10.675268286,0.0
4286,8.195639278,0.0,10.85465712,0.0
4287,24.747524022,0.0,14.279837015,0.0
4288,24.747524022,0.0,28.217529498,0.0
4289,24.747524022,0.0,63.666383596,0.0
4290,24.747524022,0.0,41.586679644,0.0
4291,24.747524022,0.0,12.918802455,0.0
4292,24.747524022,0.0,11.802286831,0.0
4293,24.747524022,0.0,21.4673368,0.0
4294,24.747524022,0.0,10.939069804,0.0
4295,24.747524022,0.0,15.731819137,0.0
4296,24.747524022,0.0,5.48985448,0.0
4297,24.747524022,0.0,37.446974395,0.0
4298,31.467421346,0.0,14.279837015,0.0
4299,31.467421346,0.0,3.660314357,1.0
4300,31.467421346,0.0,28.8446437,0.0
4301,31.467421346,0.0,58.299626878,0.0
4302,31.467421346,0.0,39.186740427,0.0
4303,31.467421346,0.0,19.802798823,0.0
4304,31.467421346,0.0,6.29389923,0.0
4305,31.467421346,0.0,26.67006964,0.0
4306,31.467421346,0.0,17.635672416,0.0
4307,31.467421346,0.0,13.387590061,0.0
4308,31.467421346,0.0,69.232611588,0.0
4309,31.467421346,0.0,13.463816358,0.0
4310,31.467421346,0.0,15.358209338,0.0
4311,70.032203183,0.0,14.279837015,0.0
4312,70.032203183,0.0,6.856312521,0.0
4313,70.032203183,0.0,82.132467318,0.0
4314,15.245224461,0.0,14.279837015,0.0
4315,15.245224461,0.0,40.806273654,0.0
4316,15.245224461,0.0,59.079085118,0.0
4317,15.245224461,0.0,13.671251512,0.0
4318,15.245224461,0.0,233.692864157,0.0
4319,15.245224461,0.0,68.828085539,0.0
4320,15.245224461,0.0,25.471798052,0.0
4321,15.245224461,0.0,8.470417781,0.0
4322,15.245224461,0.0,34.599385905,0.0
4323,15.245224461,0.0,20.12950993,0.0
4324,15.245224461,0.0,16.860865597,0.0
4325,15.245224461,0.0,10.939069804,0.0
4326,15.245224461,0.0,21.568777428,0.0
4327,15.245224461,0.0,10.937040822,0.0
4328,15.245224461,0.0,16.261504351,0.0
4329,15.245224461,0.0,14.272640522,0.0
4330,19.854018686,0.0,14.279837015,0.0
4331,19.854018686,0.0,59.079085118,0.0
4332,19.854018686,0.0,29.66574588,0.0
4333,19.854018686,0.0,12.978928314,0.0
4334,19.854018686,0.0,13.897177181,0.0
4335,19.854018686,0.0,2.51585858,0.0
4336,19.854018686,0.0,32.749514866,0.0
4337,19.854018686,0.0,2.747009708,0.0
4338,19.854018686,0.0,34.599385905,0.0
4339,19.854018686,0.0,6.887378238,0.0
4340,19.854018686,0.0,21.568777428,0.0
4341,19.854018686,0.0,32.512744515,0.0
4342,19.854018686,0.0,56.533506932,0.0
4343,19.854018686,0.0,10.135838774,0.0
4344,19.854018686,0.0,15.731819137,0.0
4345,8.149810633,0.0,14.279837015,0.0
4346,8.149810633,0.0,29.66574588,0.0
4347,8.149810633,0.0,15.92488598,0.0
4348,8.149810633,0.0,10.278703297,0.0
4349,8.149810633,0.0,39.186740427,0.0
4350,8.149810633,0.0,34.599385905,0.0
4351,8.149810633,0.0,16.860865597,0.0
4352,8.149810633,0.0,21.568777428,0.0
4353,8.149810633,0.0,5.995095603,0.0
4354,8.149810633,0.0,16.261504351,0.0
4355,21.722429847,0.0,14.279837015,0.0
4356,21.722429847,0.0,644.303257967,0.0
4357,21.722429847,0.0,8.127332825,0.0
4358,21.722429847,0.0,6.832421315,0.0
4359,21.722429847,0.0,59.17079679,0.0
4360,21.722429847,0.0,56.533506932,0.0
4361,21.722429847,0.0,9.807544254,0.0
4362,21.722429847,0.0,11.223514879,0.0
4363,21.722429847,0.0,4.440663079,0.0
4364,21.722429847,0.0,11.769430661,0.0
4365,21.722429847,0.0,1.263600825,0.0
4366,61.793309267,1.0,2.475896744,1.0
4367,61.793309267,1.0,33.792251101,1.0
4368,61.793309267,1.0,85.602065022,1.0
4369,61.793309267,1.0,18.011624075,1.0
4370,61.793309267,1.0,9.496850496,1.0
4371,61.793309267,1.0,11.958363872,1.0
4372,61.793309267,1.0,24.479933455,1.0
4373,61.793309267,1.0,3.321907625,1.0
4374,61.793309267,1.0,17.546131361,1.0
4375,61.793309267,1.0,0.03889010165,1.0
4376,61.793309267,1.0,14.744961584,1.0
4377,61.793309267,1.0,37.98547584,1.0
4378,61.793309267,1.0,10.025288705,1.0
4379,61.793309267,1.0,12.457716354,1.0
4380,61.793309267,1.0,6.004574686,1.0
4381,61.793309267,1.0,6.129802768,1.0
4382,61.793309267,1.0,8.38717511,1.0
4383,61.793309267,1.0,7.165830305,1.0
4384,61.793309267,1.0,153.378432818,1.0
4385,61.793309267,1.0,5.587267571,0.0
4386,61.793309267,1.0,20.540037372,1.0
4387,61.793309267,1.0,2.784885026,1.0
4388,61.793309267,1.0,5.971852864,1.0
4389,61.793309267,1.0,12.666276573,1.0
4390,61.793309267,1.0,6.503926579,1.0
4391,61.793309267,1.0,5.980333505,1.0
4392,61.793309267,1.0,6.795597285,1.0
4393,61.793309267,1.0,6.749450958,1.0
4394,61.793309267,1.0,5.995996753,1.0
4395,61.793309267,1.0,10.900235758,1.0
4396,61.793309267,1.0,36.089846175,1.0
4397,61.793309267,1.0,5.075006428,1.0
4398,61.793309267,1.0,10.635386245,1.0
4399,61.793309267,1.0,8.020350441,1.0
4400,61.793309267,1.0,49.330409711,1.0
4401,61.793309267,1.0,17.059242232,1.0
4402,61.793309267,1.0,8.45860943,1.0
4403,61.793309267,1.0,19.806237448,1.0
4404,61.793309267,1.0,9.082305407,1.0
4405,61.793309267,1.0,5.447870108,1.0
4406,61.793309267,1.0,8.068554411,1.0
4407,61.793309267,1.0,6.963512648,1.0
4408,61.793309267,1.0,6.205428816,1.0
4409,61.793309267,1.0,16.462756475,1.0
4410,61.793309267,1.0,10.57156896,1.0
4411,61.793309267,1.0,4.777806825,1.0
4412,61.793309267,1.0,3.208916221,1.0
4413,61.793309267,1.0,8.102589681,1.0
4414,61.793309267,1.0,8.663691625,1.0
4415,61.793309267,1.0,5.453196982,1.0
4416,61.793309267,1.0,134.232246392,1.0
4417,61.793309267,1.0,4.621428657,1.0
4418,61.793309267,1.0,5.318849241,1.0
4419,61.793309267,1.0,3.637886738,1.0
4420,61.793309267,1.0,5.450804765,1.0
4421,61.793309267,1.0,112.099655851,1.0
4422,61.793309267,1.0,27.225926794,0.0
4423,61.793309267,1.0,12.715212237,1.0
4424,61.793309267,1.0,38.515792955,1.0
4425,61.793309267,1.0,46.998665241,1.0
4426,61.793309267,1.0,13.53178188,1.0
4427,61.793309267,1.0,14.86461468,1.0
4428,61.793309267,1.0,8.452622339,1.0
4429,67.285382519,1.0,2.475896744,1.0
4430,67.285382519,1.0,61.793309267,1.0
4431,67.285382519,1.0,33.792251101,1.0
4432,67.285382519,1.0,59.924864821,1.0
4433,67.285382519,1.0,26.456682526,1.0
4434,67.285382519,1.0,85.602065022,1.0
4435,67.285382519,1.0,106.415627612,1.0
4436,67.285382519,1.0,6.980209921,1.0
4437,67.285382519,1.0,9.801194355,1.0
4438,67.285382519,1.0,3.170768537,1.0
4439,67.285382519,1.0,13.61728709,1.0
4440,67.285382519,1.0,10.025288705,1.0
4441,67.285382519,1.0,18.95354209,1.0
4442,67.285382519,1.0,3.660314357,1.0
4443,67.285382519,1.0,40.90551563,1.0
4444,67.285382519,1.0,7.500010293,1.0
4445,67.285382519,1.0,2.203857633,1.0
4446,67.285382519,1.0,153.378432818,1.0
4447,67.285382519,1.0,15.733724505,1.0
4448,67.285382519,1.0,2.257905961,1.0
4449,67.285382519,1.0,5.971852864,1.0
4450,67.285382519,1.0,6.703281844,1.0
4451,67.285382519,1.0,18.050564055,1.0
4452,67.285382519,1.0,46.571690966,1.0
4453,67.285382519,1.0,4.051893071,1.0
4454,67.285382519,1.0,10.038287437,1.0
4455,67.285382519,1.0,629.457019025,1.0
4456,67.285382519,1.0,22.78146695,1.0
4457,67.285382519,1.0,6.125094563,0.0
4458,67.285382519,1.0,13.248713101,0.0
4459,67.285382519,1.0,6.182939494,0.0
4460,67.285382519,1.0,9.643040622,1.0
4461,67.285382519,1.0,5.189647153,1.0
4462,67.285382519,1.0,2.726007976,1.0
4463,67.285382519,1.0,6.588528896,1.0
4464,67.285382519,1.0,9.515976293,1.0
4465,67.285382519,1.0,4.063647561,1.0
4466,67.285382519,1.0,49.330409711,1.0
4467,67.285382519,1.0,5.142898705,1.0
4468,67.285382519,1.0,1.21352677,1.0
4469,67.285382519,1.0,15.776847279,1.0
4470,67.285382519,1.0,6.977362658,1.0
4471,67.285382519,1.0,4.381866605,1.0
4472,67.285382519,1.0,28.598737411,1.0
4473,67.285382519,1.0,18.195908064,1.0
4474,67.285382519,1.0,8.295439778,1.0
4475,67.285382519,1.0,14.040953069,1.0
4476,67.285382519,1.0,18.00089822,1.0
4477,67.285382519,1.0,6.816885683,1.0
4478,67.285382519,1.0,23.390458917,1.0
4479,67.285382519,1.0,8.068554411,1.0
4480,67.285382519,1.0,3.560045955,1.0
4481,67.285382519,1.0,6.963512648,1.0
4482,67.285382519,1.0,3.836845692,1.0
4483,67.285382519,1.0,4.172027313,1.0
4484,67.285382519,1.0,4.995556646,1.0
4485,67.285382519,1.0,8.995419211,1.0
4486,67.285382519,1.0,7.750732528,1.0
4487,67.285382519,1.0,9.011999131,1.0
4488,67.285382519,1.0,2.482229293,1.0
4489,67.285382519,1.0,12.11319811,0.0
4490,67.285382519,1.0,63.569424162,1.0
4491,67.285382519,1.0,24.186224197,1.0
4492,67.285382519,1.0,9.153441064,1.0
4493,67.285382519,1.0,8.663691625,1.0
4494,67.285382519,1.0,30.150731299,1.0
4495,67.285382519,1.0,17.888502667,1.0
4496,67.285382519,1.0,4.621428657,1.0
4497,67.285382519,1.0,3.637886738,1.0
4498,67.285382519,1.0,3.101439572,1.0
4499,67.285382519,1.0,9.885977802,1.0
4500,67.285382519,1.0,6.790219312,1.0
4501,67.285382519,1.0,112.099655851,1.0
4502,67.285382519,1.0,12.715212237,1.0
4503,67.285382519,1.0,8.243241662,1.0
4504,67.285382519,1.0,38.515792955,1.0
4505,67.285382519,1.0,18.855302324,1.0
4506,67.285382519,1.0,6.419404649,1.0
4507,67.285382519,1.0,19.467428092,1.0
4508,67.285382519,1.0,16.732592538,1.0
4509,67.285382519,1.0,9.820527386,1.0
4510,67.285382519,1.0,4.818576649,1.0
4511,67.285382519,1.0,5.257523475,1.0
4512,67.285382519,1.0,7.888433382,1.0
4513,67.285382519,1.0,39.375745086,1.0
4514,67.285382519,1.0,4.594228449,1.0
4515,67.285382519,1.0,9.74202609,1.0
4516,67.285382519,1.0,5.538429016,1.0
4517,67.285382519,1.0,4.537477814,1.0
4518,67.285382519,1.0,7.879326678,1.0
4519,10.025288705,1.0,2.475896744,1.0
4520,10.025288705,1.0,61.793309267,1.0
4521,10.025288705,1.0,67.285382519,1.0
4522,10.025288705,1.0,2.857419731,1.0
4523,10.025288705,1.0,9.801194355,1.0
4524,10.025288705,1.0,10.181441025,1.0
4525,10.025288705,1.0,7.227508895,1.0
4526,10.025288705,1.0,2.784885026,1.0
4527,10.025288705,1.0,5.971852864,1.0
4528,10.025288705,1.0,6.604095251,1.0
4529,10.025288705,1.0,233.692864157,0.0
4530,10.025288705,1.0,5.189647153,1.0
4531,10.025288705,1.0,8.893250362,1.0
4532,10.025288705,1.0,1.461947367,1.0
4533,10.025288705,1.0,5.412612741,1.0
4534,10.025288705,1.0,8.295439778,1.0
4535,10.025288705,1.0,14.040953069,1.0
4536,10.025288705,1.0,6.816885683,1.0
4537,10.025288705,1.0,11.57419617,1.0
4538,10.025288705,1.0,4.172027313,1.0
4539,10.025288705,1.0,4.621428657,1.0
4540,10.025288705,1.0,8.196082118,1.0
4541,10.025288705,1.0,5.382430013,1.0
4542,10.025288705,1.0,7.9903188,1.0
4543,10.025288705,1.0,4.427730716,1.0
4544,18.92806364,1.0,2.475896744,1.0
4545,18.92806364,1.0,13.092587036,1.0
4546,18.92806364,1.0,1.685633058,1.0
4547,18.92806364,1.0,8.223679022,1.0
4548,18.92806364,1.0,13.61728709,1.0
4549,18.92806364,1.0,2.92817098,1.0
4550,18.92806364,1.0,6.991302037,1.0
4551,18.92806364,1.0,1.91425566,1.0
4552,18.92806364,1.0,7.8698833,1.0
4553,18.92806364,1.0,3.714813308,1.0
4554,18.92806364,1.0,7.202857483,1.0
4555,18.92806364,1.0,153.378432818,1.0
4556,18.92806364,1.0,20.540037372,1.0
4557,18.92806364,1.0,1.362136139,1.0
4558,18.92806364,1.0,2.248241315,1.0
4559,18.92806364,1.0,5.075006428,1.0
4560,18.92806364,1.0,3.436895491,1.0
4561,18.92806364,1.0,6.604095251,1.0
4562,18.92806364,1.0,1.807864563,1.0
4563,18.92806364,1.0,9.442750188,1.0
4564,18.92806364,1.0,11.149848577,1.0
4565,18.92806364,1.0,3.822486041,1.0
4566,18.92806364,1.0,10.088455912,1.0
4567,18.92806364,1.0,1.503732411,1.0
4568,18.92806364,1.0,9.565858774,1.0
4569,18.92806364,1.0,2.211273519,1.0
4570,18.92806364,1.0,4.826154305,1.0
4571,0.9830764551,1.0,2.475896744,1.0
4572,0.9830764551,1.0,3.410190632,1.0
4573,0.9830764551,1.0,1.114800644,1.0
4574,0.9830764551,1.0,2.784885026,1.0
4575,0.9830764551,1.0,8.655801073,1.0
4576,0.9830764551,1.0,5.450486809,1.0
4577,0.9830764551,1.0,1.998908817,1.0
4578,0.9830764551,1.0,4.408001027,1.0
4579,2.784885026,1.0,2.475896744,1.0
4580,2.784885026,1.0,61.793309267,1.0
4581,2.784885026,1.0,13.056317027,1.0
4582,2.784885026,1.0,10.025288705,1.0
4583,2.784885026,1.0,11.687696093,1.0
4584,2.784885026,1.0,2.203857633,1.0
4585,2.784885026,1.0,4.59696749,1.0
4586,2.784885026,1.0,8.177023242,0.0
4587,2.784885026,1.0,0.6167532631,1.0
4588,2.784885026,1.0,23.009498747,1.0
4589,2.784885026,1.0,16.746607955,1.0
4590,2.784885026,1.0,7.766094384,0.0
4591,5.226182218,1.0,2.475896744,1.0
4592,5.226182218,1.0,3.410190632,1.0
4593,5.226182218,1.0,2.998706949,1.0
4594,5.226182218,1.0,4.672049272,1.0
4595,5.226182218,1.0,2.694690479,1.0
4596,5.226182218,1.0,0.6167532631,1.0
4597,5.226182218,1.0,0.8000162359,1.0
4598,5.226182218,1.0,0.6476473379,1.0
4599,5.226182218,1.0,6.394778045,1.0
4600,5.226182218,1.0,38.434765646,1.0
4601,4.07161481,1.0,2.475896744,1.0
4602,4.07161481,1.0,10.695111153,1.0
4603,4.07161481,1.0,2.301450275,1.0
4604,3.130326904,1.0,2.475896744,1.0
4605,3.130326904,1.0,7.094234271,1.0
4606,3.130326904,1.0,15.733724505,1.0
4607,3.130326904,1.0,12.876687905,1.0
4608,3.130326904,1.0,5.971852864,1.0
4609,3.130326904,1.0,16.986753427,1.0
4610,3.130326904,1.0,26.621552508,0.0
4611,3.130326904,1.0,3.316393044,1.0
4612,5.971852864,1.0,2.475896744,1.0
4613,5.971852864,1.0,61.793309267,1.0
4614,5.971852864,1.0,33.792251101,1.0
4615,5.971852864,1.0,67.285382519,1.0
4616,5.971852864,1.0,59.924864821,1.0
4617,5.971852864,1.0,13.86957637,1.0
4618,5.971852864,1.0,10.025288705,1.0
4619,5.971852864,1.0,40.90551563,1.0
4620,5.971852864,1.0,7.500010293,1.0
4621,5.971852864,1.0,1.222337511,1.0
4622,5.971852864,1.0,2.115961101,1.0
4623,5.971852864,1.0,6.416805632,1.0
4624,5.971852864,1.0,2.257905961,1.0
4625,5.971852864,1.0,11.703124553,1.0
4626,5.971852864,1.0,10.013880072,1.0
4627,5.971852864,1.0,2.294374038,1.0
4628,5.971852864,1.0,3.130326904,1.0
4629,5.971852864,1.0,22.78146695,1.0
4630,5.971852864,1.0,3.66616111,1.0
4631,5.971852864,1.0,53.620745395,1.0
4632,5.971852864,1.0,6.588528896,1.0
4633,5.971852864,1.0,49.330409711,1.0
4634,5.971852864,1.0,15.776847279,1.0
4635,5.971852864,1.0,6.305349834,1.0
4636,5.971852864,1.0,3.560045955,1.0
4637,5.971852864,1.0,8.995419211,1.0
4638,5.971852864,1.0,6.205428816,1.0
4639,5.971852864,1.0,7.750732528,1.0
4640,5.971852864,1.0,19.467428092,1.0
4641,0.6476473379,1.0,2.475896744,1.0
4642,0.6476473379,1.0,3.410190632,1.0
4643,0.6476473379,1.0,4.672049272,1.0
4644,0.6476473379,1.0,2.694690479,1.0
4645,0.6476473379,1.0,12.876687905,1.0
4646,0.6476473379,1.0,5.971852864,1.0
4647,0.6476473379,1.0,5.854779429,1.0
4648,0.6476473379,1.0,49.330409711,1.0
4649,0.6476473379,1.0,22.680958327,1.0
4650,0.6476473379,1.0,3.094750764,1.0
4651,0.6476473379,1.0,4.089121753,1.0
4652,21.342876657,1.0,2.475896744,1.0
4653,21.342876657,1.0,67.285382519,1.0
4654,21.342876657,1.0,3.757640503,1.0
4655,21.342876657,1.0,6.243918196,1.0
4656,21.342876657,1.0,5.113142616,1.0
4657,21.342876657,1.0,4.359083834,1.0
4658,21.342876657,1.0,12.644266328,1.0
4659,21.342876657,1.0,20.540037372,1.0
4660,21.342876657,1.0,4.860815553,1.0
4661,21.342876657,1.0,4.672049272,1.0
4662,21.342876657,1.0,4.051893071,1.0
4663,21.342876657,1.0,7.736976522,1.0
4664,21.342876657,1.0,3.441904024,1.0
4665,21.342876657,1.0,46.94762608,1.0
4666,21.342876657,1.0,9.643040622,1.0
4667,21.342876657,1.0,6.604095251,1.0
4668,21.342876657,1.0,2.942608565,1.0
4669,21.342876657,1.0,22.627451627,1.0
4670,21.342876657,1.0,2.726007976,1.0
4671,21.342876657,1.0,7.440375649,1.0
4672,21.342876657,1.0,6.109671996,1.0
4673,21.342876657,1.0,2.326729959,1.0
4674,21.342876657,1.0,6.588528896,1.0
4675,21.342876657,1.0,6.063404837,1.0
4676,21.342876657,1.0,23.163711763,1.0
4677,21.342876657,1.0,7.748182289,1.0
4678,21.342876657,1.0,2.825110966,1.0
4679,21.342876657,1.0,9.515976293,1.0
4680,21.342876657,1.0,11.133808458,1.0
4681,21.342876657,1.0,2.982104604,1.0
4682,21.342876657,1.0,5.899303052,1.0
4683,21.342876657,1.0,8.123570646,1.0
4684,21.342876657,1.0,14.467004793,1.0
4685,21.342876657,1.0,1.341409792,1.0
4686,21.342876657,1.0,49.330409711,1.0
4687,21.342876657,1.0,3.267694974,1.0
4688,21.342876657,1.0,14.998267347,1.0
4689,21.342876657,1.0,6.17753814,1.0
4690,21.342876657,1.0,20.418653862,1.0
4691,21.342876657,1.0,9.525955471,1.0
4692,21.342876657,1.0,3.811754697,1.0
4693,21.342876657,1.0,1.213586358,1.0
4694,21.342876657,1.0,23.390458917,1.0
4695,21.342876657,1.0,5.996384101,1.0
4696,21.342876657,1.0,1.25709916,1.0
4697,21.342876657,1.0,4.995556646,1.0
4698,21.342876657,1.0,63.569424162,1.0
4699,21.342876657,1.0,18.598069279,1.0
4700,21.342876657,1.0,3.457366474,1.0
4701,21.342876657,1.0,3.316393044,1.0
4702,21.342876657,1.0,2.058667752,1.0
4703,21.342876657,1.0,30.150731299,1.0
4704,21.342876657,1.0,30.637355167,1.0
4705,21.342876657,1.0,0.5816461023,1.0
4706,21.342876657,1.0,4.046228683,1.0
4707,21.342876657,1.0,4.089121753,1.0
4708,21.342876657,1.0,5.823561992,1.0
4709,21.342876657,1.0,39.845944866,1.0
4710,3.915305063,1.0,2.475896744,1.0
4711,3.915305063,1.0,5.113142616,1.0
4712,3.915305063,1.0,41.816248515,1.0
4713,3.915305063,1.0,28.598737411,1.0
4714,3.915305063,1.0,6.086591474,1.0
4715,3.915305063,1.0,12.671115978,1.0
4716,3.915305063,1.0,8.295439778,1.0
4717,3.915305063,1.0,6.205428816,1.0
4718,3.915305063,1.0,8.988959255,1.0
4719,3.915305063,1.0,6.254853155,1.0
4720,3.915305063,1.0,7.954241052,1.0
4721,6.076137367,1.0,2.475896744,1.0
4722,6.076137367,1.0,33.792251101,1.0
4723,6.076137367,1.0,9.900612688,1.0
4724,6.076137367,1.0,5.362171947,1.0
4725,6.076137367,1.0,1.681462384,1.0
4726,6.076137367,1.0,5.951084905,1.0
4727,6.076137367,1.0,22.78146695,1.0
4728,6.076137367,1.0,8.629651598,1.0
4729,6.076137367,1.0,3.331422192,1.0
4730,6.076137367,1.0,33.569029236,1.0
4731,6.076137367,1.0,1.461947367,1.0
4732,6.076137367,1.0,18.341066883,1.0
4733,6.076137367,1.0,13.574966657,1.0
4734,6.076137367,1.0,3.701022125,1.0
4735,6.076137367,1.0,6.305349834,1.0
4736,6.076137367,1.0,2.401768348,1.0
4737,6.076137367,1.0,9.011999131,1.0
4738,6.076137367,1.0,3.738174695,1.0
4739,6.076137367,1.0,4.621428657,1.0
4740,6.076137367,1.0,8.516840935,1.0
4741,6.076137367,1.0,8.196082118,1.0
4742,6.076137367,1.0,4.594228449,1.0
4743,6.076137367,1.0,8.988959255,1.0
4744,5.996384101,1.0,2.475896744,1.0
4745,5.996384101,1.0,13.61728709,1.0
4746,5.996384101,1.0,3.660314357,1.0
4747,5.996384101,1.0,23.449607505,1.0
4748,5.996384101,1.0,10.900235758,1.0
4749,5.996384101,1.0,3.341894097,1.0
4750,5.996384101,1.0,9.643040622,1.0
4751,5.996384101,1.0,6.120753644,1.0
4752,5.996384101,1.0,5.142898705,1.0
4753,5.996384101,1.0,6.394778045,1.0
4754,5.996384101,1.0,18.996217281,1.0
4755,5.996384101,1.0,3.87276971,1.0
4756,5.996384101,1.0,20.418653862,1.0
4757,5.996384101,1.0,18.195908064,1.0
4758,5.996384101,1.0,12.671115978,1.0
4759,5.996384101,1.0,14.040953069,1.0
4760,5.996384101,1.0,18.00089822,1.0
4761,5.996384101,1.0,3.811754697,1.0
4762,5.996384101,1.0,1.213586358,1.0
4763,5.996384101,1.0,11.57419617,1.0
4764,5.996384101,1.0,5.506224572,1.0
4765,5.996384101,1.0,5.847750914,1.0
4766,5.996384101,1.0,15.149110824,1.0
4767,5.996384101,1.0,18.99975294,1.0
4768,5.996384101,1.0,3.836845692,1.0
4769,5.996384101,1.0,4.140323188,1.0
4770,5.996384101,1.0,9.011999131,1.0
4771,5.996384101,1.0,4.05226854,1.0
4772,5.996384101,1.0,6.182571409,1.0
4773,5.996384101,1.0,18.855302324,1.0
4774,5.996384101,1.0,6.026101551,1.0
4775,5.996384101,1.0,4.047358916,1.0
4776,5.996384101,1.0,1.893593655,1.0
4777,7.879326678,1.0,2.475896744,1.0
4778,7.879326678,1.0,26.456682526,1.0
4779,7.879326678,1.0,52.454679661,1.0
4780,7.879326678,1.0,3.251524778,1.0
4781,7.879326678,1.0,9.801194355,1.0
4782,7.879326678,1.0,6.106868048,1.0
4783,7.879326678,1.0,7.735346804,1.0
4784,7.879326678,1.0,76.104832671,1.0
4785,7.879326678,1.0,3.529590431,1.0
4786,7.879326678,1.0,46.94762608,1.0
4787,7.879326678,1.0,34.366867977,0.0
4788,7.879326678,1.0,9.643040622,1.0
4789,7.879326678,1.0,5.173046124,1.0
4790,7.879326678,1.0,21.47320625,1.0
4791,7.879326678,1.0,6.63113924,1.0
4792,7.879326678,1.0,22.627451627,1.0
4793,7.879326678,1.0,16.746607955,1.0
4794,7.879326678,1.0,7.326654522,1.0
4795,7.879326678,1.0,5.913494239,1.0
4796,7.879326678,1.0,29.064479699,1.0
4797,7.879326678,1.0,11.133808458,1.0
4798,7.879326678,1.0,4.357638184,1.0
4799,7.879326678,1.0,41.816248515,1.0
4800,7.879326678,1.0,16.219736768,1.0
4801,7.879326678,1.0,8.123570646,1.0
4802,7.879326678,1.0,33.569029236,1.0
4803,7.879326678,1.0,18.195908064,1.0
4804,7.879326678,1.0,10.006734416,1.0
4805,7.879326678,1.0,12.056255196,1.0
4806,7.879326678,1.0,18.598069279,1.0
4807,7.879326678,1.0,11.725877229,1.0
4808,2.475896744,1.0,61.793309267,1.0
4809,2.475896744,1.0,11.770692834,1.0
4810,2.475896744,1.0,13.012196231,1.0
4811,2.475896744,1.0,10.025288705,1.0
4812,2.475896744,1.0,4.817981994,1.0
4813,2.475896744,1.0,153.378432818,1.0
4814,2.475896744,1.0,15.733724505,1.0
4815,2.475896744,1.0,2.784885026,1.0
4816,2.475896744,1.0,4.860815553,1.0
4817,2.475896744,1.0,8.655801073,1.0
4818,2.475896744,1.0,5.971852864,1.0
4819,2.475896744,1.0,22.78146695,1.0
4820,2.475896744,1.0,2.326729959,1.0
4821,2.475896744,1.0,0.2951445344,1.0
4822,2.475896744,1.0,18.99975294,1.0
4823,2.475896744,1.0,6.854782535,1.0
4824,2.475896744,1.0,8.988959255,1.0
4825,2.475896744,1.0,6.489954121,1.0
4826,33.792251101,1.0,61.793309267,1.0
4827,33.792251101,1.0,13.056317027,1.0
4828,33.792251101,1.0,14.744961584,1.0
4829,33.792251101,1.0,13.61728709,1.0
4830,33.792251101,1.0,6.008978366,1.0
4831,33.792251101,1.0,10.025288705,1.0
4832,33.792251101,1.0,75.77402169,0.0
4833,33.792251101,1.0,7.227508895,1.0
4834,33.792251101,1.0,1.114800644,1.0
4835,33.792251101,1.0,0.9830764551,1.0
4836,33.792251101,1.0,0.1958913398,1.0
4837,33.792251101,1.0,6.416805632,1.0
4838,33.792251101,1.0,20.540037372,1.0
4839,33.792251101,1.0,5.971852864,1.0
4840,33.792251101,1.0,0.9994807523,1.0
4841,33.792251101,1.0,6.503926579,1.0
4842,33.792251101,1.0,0.824881682,1.0
4843,33.792251101,1.0,10.510975334,1.0
4844,33.792251101,1.0,4.723954086,1.0
4845,33.792251101,1.0,5.075006428,1.0
4846,33.792251101,1.0,49.330409711,1.0
4847,33.792251101,1.0,5.142898705,1.0
4848,33.792251101,1.0,18.996217281,1.0
4849,33.792251101,1.0,4.675694624,0.0
4850,33.792251101,1.0,15.149110824,1.0
4851,33.792251101,1.0,3.767829505,1.0
4852,33.792251101,1.0,4.140323188,1.0
4853,33.792251101,1.0,16.462756475,1.0
4854,33.792251101,1.0,10.57156896,1.0
4855,33.792251101,1.0,134.232246392,1.0
4856,33.792251101,1.0,4.753731003,1.0
4857,33.792251101,1.0,45.854721033,1.0
4858,33.792251101,1.0,30.150731299,1.0
4859,33.792251101,1.0,23.583721319,1.0
4860,33.792251101,1.0,35.190700103,1.0
4861,33.792251101,1.0,27.889315576,1.0
4862,33.792251101,1.0,24.65499671,1.0
4863,33.792251101,1.0,5.382430013,1.0
4864,33.792251101,1.0,22.38547886,1.0
4865,33.792251101,1.0,4.018046527,1.0
4866,18.011624075,1.0,61.793309267,1.0
4867,18.011624075,1.0,13.056317027,1.0
4868,18.011624075,1.0,67.285382519,1.0
4869,18.011624075,1.0,26.456682526,1.0
4870,18.011624075,1.0,85.602065022,1.0
4871,18.011624075,1.0,9.496850496,1.0
4872,18.011624075,1.0,11.958363872,1.0
4873,18.011624075,1.0,3.932857026,1.0
4874,18.011624075,1.0,9.400666164,1.0
4875,18.011624075,1.0,0.3451184811,1.0
4876,18.011624075,1.0,29.172944092,0.0
4877,18.011624075,1.0,4.09207587,1.0
4878,18.011624075,1.0,7.493519305,1.0
4879,18.011624075,1.0,4.91953619,1.0
4880,18.011624075,1.0,22.78146695,1.0
4881,18.011624075,1.0,1.739619718,1.0
4882,18.011624075,1.0,134.232246392,1.0
4883,18.011624075,1.0,4.594228449,1.0
4884,18.011624075,1.0,30.198302233,1.0
4885,18.011624075,1.0,50.153853478,1.0
4886,6.980209921,1.0,61.793309267,1.0
4887,6.980209921,1.0,3.932857026,1.0
4888,6.980209921,1.0,11.232143896,1.0
4889,6.980209921,1.0,11.041594951,1.0
4890,6.980209921,1.0,4.051893071,1.0
4891,6.980209921,1.0,7.493519305,1.0
4892,6.980209921,1.0,6.057768872,1.0
4893,6.980209921,1.0,23.009498747,1.0
4894,6.980209921,1.0,10.561206156,1.0
4895,6.980209921,1.0,16.746607955,1.0
4896,6.980209921,1.0,5.816563551,1.0
4897,6.980209921,1.0,5.899303052,1.0
4898,6.980209921,1.0,19.806237448,1.0
4899,6.980209921,1.0,11.535903549,1.0
4900,6.980209921,1.0,38.515792955,1.0
4901,11.399226471,1.0,61.793309267,1.0
4902,11.399226471,1.0,26.456682526,1.0
4903,11.399226471,1.0,4.800438878,1.0
4904,11.399226471,1.0,9.801194355,1.0
4905,11.399226471,1.0,11.232143896,1.0
4906,11.399226471,1.0,3.321907625,1.0
4907,11.399226471,1.0,3.320043803,1.0
4908,11.399226471,1.0,7.095566032,1.0
4909,11.399226471,1.0,3.497293236,1.0
4910,11.399226471,1.0,5.17795514,1.0
4911,11.399226471,1.0,2.249930079,1.0
4912,11.399226471,1.0,54.832733215,1.0
4913,11.399226471,1.0,4.028014858,1.0
4914,11.399226471,1.0,0.214112784,1.0
4915,11.399226471,1.0,8.280750395,1.0
4916,11.399226471,1.0,3.164674771,1.0
4917,11.399226471,1.0,6.604095251,1.0
4918,11.399226471,1.0,23.009498747,1.0
4919,11.399226471,1.0,4.818425218,1.0
4920,11.399226471,1.0,12.056255196,1.0
4921,11.399226471,1.0,3.822486041,1.0
4922,11.399226471,1.0,4.165395202,1.0
4923,11.399226471,1.0,10.487538393,1.0
4924,11.399226471,1.0,0.8679306657,1.0
4925,11.399226471,1.0,6.827557706,1.0
4926,11.399226471,1.0,3.367582976,1.0
4927,3.932857026,1.0,61.793309267,1.0
4928,3.932857026,1.0,11.958363872,1.0
4929,3.932857026,1.0,24.479933455,1.0
4930,3.932857026,1.0,17.546131361,1.0
4931,3.932857026,1.0,0.3451184811,1.0
4932,3.932857026,1.0,10.900235758,1.0
4933,3.932857026,1.0,46.94762608,1.0
4934,3.932857026,1.0,49.330409711,1.0
4935,3.932857026,1.0,12.056255196,1.0
4936,3.932857026,1.0,12.715212237,1.0
4937,3.398050431,1.0,61.793309267,1.0
4938,3.398050431,1.0,11.958363872,1.0
4939,3.398050431,1.0,24.479933455,1.0
4940,3.398050431,1.0,14.744961584,1.0
4941,3.398050431,1.0,47.858770666,1.0
4942,3.398050431,1.0,4.9665214,1.0
4943,3.398050431,1.0,4.018046527,1.0
4944,24.479933455,1.0,61.793309267,1.0
4945,24.479933455,1.0,18.011624075,1.0
4946,24.479933455,1.0,6.980209921,1.0
4947,24.479933455,1.0,2.857419731,1.0
4948,24.479933455,1.0,6.83799714,1.0
4949,24.479933455,1.0,17.546131361,1.0
4950,24.479933455,1.0,12.10266456,1.0
4951,24.479933455,1.0,6.004574686,1.0
4952,24.479933455,1.0,2.666798276,1.0
4953,24.479933455,1.0,5.980333505,1.0
4954,24.479933455,1.0,233.692864157,0.0
4955,24.479933455,1.0,27.334429574,1.0
4956,24.479933455,1.0,13.954711516,1.0
4957,24.479933455,1.0,12.671115978,1.0
4958,24.479933455,1.0,5.412612741,1.0
4959,24.479933455,1.0,3.177860741,1.0
4960,24.479933455,1.0,6.004037544,1.0
4961,24.479933455,1.0,10.57156896,1.0
4962,24.479933455,1.0,4.777806825,1.0
4963,24.479933455,1.0,8.102589681,1.0
4964,24.479933455,1.0,8.663691625,1.0
4965,24.479933455,1.0,134.232246392,1.0
4966,24.479933455,1.0,30.150731299,1.0
4967,24.479933455,1.0,38.515792955,1.0
4968,24.479933455,1.0,27.889315576,1.0
4969,24.479933455,1.0,1.859358022,1.0
4970,24.479933455,1.0,6.52281174,1.0
4971,24.479933455,1.0,1.503732411,1.0
4972,24.479933455,1.0,5.515386787,1.0
4973,24.479933455,1.0,8.617819401,1.0
4974,24.479933455,1.0,4.018046527,1.0
4975,0.03889010165,1.0,61.793309267,1.0
4976,0.03889010165,1.0,0.2336933914,1.0
4977,0.03889010165,1.0,8.338097174,1.0
4978,0.03889010165,1.0,0.147742687,1.0
4979,0.03889010165,1.0,4.359083834,1.0
4980,0.03889010165,1.0,4.818425218,1.0
4981,0.03889010165,1.0,4.245903096,1.0
4982,0.03889010165,1.0,41.816248515,1.0
4983,0.03889010165,1.0,8.893250362,1.0
4984,0.03889010165,1.0,8.45860943,1.0
4985,0.03889010165,1.0,18.996217281,1.0
4986,0.03889010165,1.0,3.559635685,1.0
4987,0.03889010165,1.0,6.205428816,1.0
4988,0.03889010165,1.0,7.750732528,1.0
4989,0.03889010165,1.0,5.419900895,1.0
4990,0.03889010165,1.0,63.569424162,1.0
4991,0.03889010165,1.0,5.450804765,1.0
4992,0.03889010165,1.0,9.565858774,1.0
4993,0.03889010165,1.0,41.790035293,1.0
4994,0.3451184811,1.0,61.793309267,1.0
4995,0.3451184811,1.0,67.285382519,1.0
4996,0.3451184811,1.0,85.602065022,1.0
4997,0.3451184811,1.0,18.011624075,1.0
4998,0.3451184811,1.0,6.980209921,1.0
4999,0.3451184811,1.0,11.958363872,1.0
5000,0.3451184811,1.0,24.479933455,1.0
5001,0.3451184811,1.0,6.83799714,1.0
5002,0.3451184811,1.0,17.546131361,1.0
5003,0.3451184811,1.0,12.10266456,1.0
5004,0.3451184811,1.0,8.38717511,1.0
5005,0.3451184811,1.0,4.051893071,1.0
5006,0.3451184811,1.0,7.493519305,1.0
5007,0.3451184811,1.0,3.164674771,1.0
5008,0.3451184811,1.0,2.497470498,1.0
5009,0.3451184811,1.0,28.598737411,1.0
5010,0.3451184811,1.0,30.198302233,1.0
5011,0.3451184811,1.0,8.617819401,1.0
5012,0.3451184811,1.0,13.351374522,1.0
5013,75.77402169,0.0,61.793309267,1.0
5014,75.77402169,0.0,18.584471439,0.0
5015,75.77402169,0.0,3.660314357,1.0
5016,75.77402169,0.0,153.378432818,1.0
5017,75.77402169,0.0,629.457019025,1.0
5018,75.77402169,0.0,7.228822587,1.0
5019,75.77402169,0.0,20.051027715,0.0
5020,75.77402169,0.0,13.40154723,0.0
5021,75.77402169,0.0,134.232246392,1.0
5022,75.77402169,0.0,61.033765457,0.0
5023,75.77402169,0.0,10.51791993,0.0
5024,75.77402169,0.0,18.91100563,0.0
5025,75.77402169,0.0,8.615332064,0.0
5026,75.77402169,0.0,12.435498413,0.0
5027,75.77402169,0.0,22.431469976,0.0
5028,10.845083849,1.0,61.793309267,1.0
5029,10.845083849,1.0,13.61728709,1.0
5030,10.845083849,1.0,4.557235008,1.0
5031,10.845083849,1.0,4.168654522,1.0
5032,10.845083849,1.0,2.189977057,1.0
5033,10.845083849,1.0,11.703124553,1.0
5034,10.845083849,1.0,4.895174175,1.0
5035,3.001320507,1.0,61.793309267,1.0
5036,3.001320507,1.0,7.165830305,1.0
5037,30.017045246,1.0,61.793309267,1.0
5038,30.017045246,1.0,7.095566032,1.0
5039,30.017045246,1.0,203.143738217,0.0
5040,30.017045246,1.0,47.858770666,1.0
5041,30.017045246,1.0,1.918793022,1.0
5042,30.017045246,1.0,5.455562515,1.0
5043,30.017045246,1.0,5.628119807,1.0
5044,30.017045246,1.0,6.865690139,1.0
5045,30.017045246,1.0,10.510975334,1.0
5046,30.017045246,1.0,8.617819401,1.0
5047,6.416805632,1.0,61.793309267,1.0
5048,6.416805632,1.0,1.55955744,1.0
5049,6.416805632,1.0,4.9665214,1.0
5050,4.457214021,1.0,61.793309267,1.0
5051,4.457214021,1.0,52.454679661,1.0
5052,4.457214021,1.0,9.496850496,1.0
5053,4.457214021,1.0,54.832733215,1.0
5054,4.457214021,1.0,21.47320625,1.0
5055,4.457214021,1.0,6.054163724,1.0
5056,4.457214021,1.0,7.888433382,1.0
5057,4.457214021,1.0,4.594228449,1.0
5058,4.457214021,1.0,3.367582976,1.0
5059,4.457214021,1.0,4.018046527,1.0
5060,4.210712808,1.0,61.793309267,1.0
5061,4.210712808,1.0,7.357964603,1.0
5062,4.210712808,1.0,18.92806364,1.0
5063,4.210712808,1.0,7.227508895,1.0
5064,4.210712808,1.0,13.351374522,1.0
5065,7.429994027,1.0,61.793309267,1.0
5066,7.429994027,1.0,106.415627612,1.0
5067,7.429994027,1.0,30.017045246,1.0
5068,7.429994027,1.0,7.174117575,1.0
5069,7.429994027,1.0,4.457214021,1.0
5070,7.429994027,1.0,10.900235758,1.0
5071,7.429994027,1.0,8.102589681,1.0
5072,7.429994027,1.0,3.637886738,1.0
5073,7.429994027,1.0,26.111237618,1.0
5074,12.666276573,1.0,61.793309267,1.0
5075,12.666276573,1.0,33.792251101,1.0
5076,12.666276573,1.0,67.285382519,1.0
5077,12.666276573,1.0,59.924864821,1.0
5078,12.666276573,1.0,14.256756103,1.0
5079,12.666276573,1.0,37.98547584,1.0
5080,12.666276573,1.0,4.193289994,1.0
5081,12.666276573,1.0,7.227508895,1.0
5082,12.666276573,1.0,7.165830305,1.0
5083,12.666276573,1.0,203.143738217,0.0
5084,12.666276573,1.0,20.540037372,1.0
5085,12.666276573,1.0,5.971852864,1.0
5086,12.666276573,1.0,5.328803376,1.0
5087,12.666276573,1.0,6.503926579,1.0
5088,12.666276573,1.0,6.049206712,1.0
5089,12.666276573,1.0,2.636539717,1.0
5090,12.666276573,1.0,5.775634328,1.0
5091,12.666276573,1.0,10.349034039,1.0
5092,12.666276573,1.0,7.076362169,1.0
5093,12.666276573,1.0,9.820527386,1.0
5094,3.255616154,1.0,61.793309267,1.0
5095,3.255616154,1.0,67.285382519,1.0
5096,3.255616154,1.0,52.454679661,1.0
5097,3.255616154,1.0,3.251524778,1.0
5098,3.255616154,1.0,14.256756103,1.0
5099,3.255616154,1.0,0.3451184811,1.0
5100,3.255616154,1.0,5.980333505,1.0
5101,3.255616154,1.0,629.457019025,1.0
5102,3.255616154,1.0,27.334429574,1.0
5103,3.255616154,1.0,22.627451627,1.0
5104,3.255616154,1.0,17.059242232,1.0
5105,3.255616154,1.0,3.331422192,1.0
5106,3.255616154,1.0,5.292400948,1.0
5107,3.255616154,1.0,3.855461904,1.0
5108,3.255616154,1.0,18.996217281,1.0
5109,3.255616154,1.0,19.806237448,1.0
5110,3.255616154,1.0,11.57419617,1.0
5111,3.255616154,1.0,18.341066883,1.0
5112,3.255616154,1.0,3.701022125,1.0
5113,3.255616154,1.0,8.068554411,1.0
5114,3.255616154,1.0,4.491154076,1.0
5115,3.255616154,1.0,2.390961954,1.0
5116,3.255616154,1.0,6.257818439,1.0
5117,3.255616154,1.0,8.516840935,1.0
5118,3.255616154,1.0,3.581472819,1.0
5119,3.255616154,1.0,8.094688499,1.0
5120,3.255616154,1.0,7.888433382,1.0
5121,3.255616154,1.0,25.0116746,1.0
5122,1.213275618,1.0,61.793309267,1.0
5123,1.213275618,1.0,106.415627612,1.0
5124,1.213275618,1.0,0.8739663382,1.0
5125,1.213275618,1.0,75.77402169,0.0
5126,1.213275618,1.0,2.256347299,1.0
5127,1.213275618,1.0,43.881908864,1.0
5128,1.213275618,1.0,629.457019025,1.0
5129,1.213275618,1.0,6.904083149,1.0
5130,1.213275618,1.0,2.936745266,1.0
5131,1.213275618,1.0,39.820007297,1.0
5132,1.213275618,1.0,13.445185063,1.0
5133,1.213275618,1.0,8.735817523,1.0
5134,1.213275618,1.0,29.988838829,1.0
5135,1.213275618,1.0,7.888433382,1.0
5136,1.213275618,1.0,4.119021003,1.0
5137,1.213275618,1.0,2.353871894,1.0
5138,1.213275618,1.0,2.505496827,0.0
5139,1.213275618,1.0,1.82620263,1.0
5140,5.980333505,1.0,61.793309267,1.0
5141,5.980333505,1.0,8.727444545,1.0
5142,5.980333505,1.0,24.479933455,1.0
5143,5.980333505,1.0,43.881908864,1.0
5144,5.980333505,1.0,0.214112784,1.0
5145,5.980333505,1.0,7.493519305,1.0
5146,5.980333505,1.0,46.94762608,1.0
5147,5.980333505,1.0,5.173046124,1.0
5148,5.980333505,1.0,21.47320625,1.0
5149,5.980333505,1.0,27.334429574,1.0
5150,5.980333505,1.0,23.163711763,1.0
5151,5.980333505,1.0,7.135698552,1.0
5152,5.980333505,1.0,7.373882175,1.0
5153,5.980333505,1.0,23.583721319,1.0
5154,5.980333505,1.0,38.515792955,1.0
5155,10.510975334,1.0,61.793309267,1.0
5156,10.510975334,1.0,3.170768537,1.0
5157,10.510975334,1.0,10.163822863,1.0
5158,10.510975334,1.0,10.025288705,1.0
5159,10.510975334,1.0,5.971852864,1.0
5160,10.510975334,1.0,13.011699386,0.0
5161,10.510975334,1.0,4.9665214,1.0
5162,10.510975334,1.0,46.94762608,1.0
5163,10.510975334,1.0,27.334429574,1.0
5164,10.510975334,1.0,7.879326678,1.0
5165,629.457019025,1.0,61.793309267,1.0
5166,629.457019025,1.0,67.285382519,1.0
5167,629.457019025,1.0,26.456682526,1.0
5168,629.457019025,1.0,52.454679661,1.0
5169,629.457019025,1.0,106.415627612,1.0
5170,629.457019025,1.0,8.938464153,1.0
5171,629.457019025,1.0,11.958363872,1.0
5172,629.457019025,1.0,14.256756103,1.0
5173,629.457019025,1.0,10.181441025,1.0
5174,629.457019025,1.0,3.414323425,1.0
5175,629.457019025,1.0,40.90551563,1.0
5176,629.457019025,1.0,30.257567237,1.0
5177,629.457019025,1.0,1.213275618,1.0
5178,629.457019025,1.0,43.881908864,1.0
5179,629.457019025,1.0,46.94762608,1.0
5180,629.457019025,1.0,22.78146695,1.0
5181,629.457019025,1.0,27.334429574,1.0
5182,629.457019025,1.0,23.163711763,1.0
5183,629.457019025,1.0,4.357638184,1.0
5184,629.457019025,1.0,5.292400948,1.0
5185,629.457019025,1.0,8.893250362,1.0
5186,629.457019025,1.0,6.179985299,1.0
5187,629.457019025,1.0,9.082305407,1.0
5188,629.457019025,1.0,4.003663518,1.0
5189,629.457019025,1.0,5.412612741,1.0
5190,629.457019025,1.0,27.217773067,0.0
5191,629.457019025,1.0,6.816885683,1.0
5192,629.457019025,1.0,11.57419617,1.0
5193,629.457019025,1.0,6.963512648,1.0
5194,629.457019025,1.0,24.186224197,1.0
5195,629.457019025,1.0,2.390961954,1.0
5196,629.457019025,1.0,18.598069279,1.0
5197,629.457019025,1.0,10.235504409,1.0
5198,629.457019025,1.0,17.888502667,1.0
5199,629.457019025,1.0,5.318849241,1.0
5200,629.457019025,1.0,5.450804765,1.0
5201,629.457019025,1.0,8.516840935,1.0
5202,629.457019025,1.0,29.988838829,1.0
5203,629.457019025,1.0,26.111237618,1.0
5204,629.457019025,1.0,35.190700103,1.0
5205,629.457019025,1.0,6.419404649,1.0
5206,629.457019025,1.0,16.732592538,1.0
5207,629.457019025,1.0,14.597938965,1.0
5208,629.457019025,1.0,8.334980135,1.0
5209,629.457019025,1.0,18.701816578,1.0
5210,629.457019025,1.0,6.008748456,1.0
5211,629.457019025,1.0,205.461120806,1.0
5212,629.457019025,1.0,3.290742466,1.0
5213,7.493519305,1.0,61.793309267,1.0
5214,7.493519305,1.0,9.496850496,1.0
5215,7.493519305,1.0,9.801194355,1.0
5216,7.493519305,1.0,1.344673725,1.0
5217,7.493519305,1.0,76.104832671,1.0
5218,7.493519305,1.0,4.09207587,1.0
5219,7.493519305,1.0,5.980333505,1.0
5220,7.493519305,1.0,27.334429574,1.0
5221,7.493519305,1.0,13.954711516,1.0
5222,7.493519305,1.0,11.133808458,1.0
5223,7.493519305,1.0,3.350238297,1.0
5224,7.493519305,1.0,12.715212237,1.0
5225,7.493519305,1.0,38.515792955,1.0
5226,36.089846175,1.0,61.793309267,1.0
5227,36.089846175,1.0,59.924864821,1.0
5228,36.089846175,1.0,24.479933455,1.0
5229,36.089846175,1.0,17.546131361,1.0
5230,36.089846175,1.0,40.90551563,1.0
5231,36.089846175,1.0,46.94762608,1.0
5232,36.089846175,1.0,27.334429574,1.0
5233,36.089846175,1.0,15.066753188,1.0
5234,36.089846175,1.0,17.059242232,1.0
5235,36.089846175,1.0,20.418653862,1.0
5236,36.089846175,1.0,35.374851173,0.0
5237,36.089846175,1.0,8.102589681,1.0
5238,36.089846175,1.0,134.232246392,1.0
5239,10.016669087,1.0,61.793309267,1.0
5240,10.016669087,1.0,1.863536665,1.0
5241,10.016669087,1.0,85.602065022,1.0
5242,10.016669087,1.0,6.980209921,1.0
5243,10.016669087,1.0,14.256756103,1.0
5244,10.016669087,1.0,6.181101777,1.0
5245,10.016669087,1.0,11.232143896,1.0
5246,10.016669087,1.0,3.414323425,1.0
5247,10.016669087,1.0,6.004574686,1.0
5248,10.016669087,1.0,4.051893071,1.0
5249,10.016669087,1.0,5.951084905,1.0
5250,10.016669087,1.0,2.084139887,0.0
5251,10.016669087,1.0,629.457019025,1.0
5252,10.016669087,1.0,7.008746013,1.0
5253,10.016669087,1.0,46.94762608,1.0
5254,10.016669087,1.0,8.327704218,1.0
5255,10.016669087,1.0,15.776847279,1.0
5256,10.016669087,1.0,3.331422192,1.0
5257,10.016669087,1.0,3.62084223,1.0
5258,10.016669087,1.0,6.076137367,1.0
5259,10.016669087,1.0,33.569029236,1.0
5260,10.016669087,1.0,1.380324536,1.0
5261,10.016669087,1.0,19.806237448,1.0
5262,10.016669087,1.0,9.71155112,1.0
5263,10.016669087,1.0,14.040953069,1.0
5264,10.016669087,1.0,12.314548823,1.0
5265,10.016669087,1.0,7.076362169,1.0
5266,10.016669087,1.0,6.893769984,1.0
5267,10.016669087,1.0,3.559635685,1.0
5268,10.016669087,1.0,13.574966657,1.0
5269,10.016669087,1.0,5.447870108,1.0
5270,10.016669087,1.0,3.177860741,1.0
5271,10.016669087,1.0,8.068554411,1.0
5272,10.016669087,1.0,4.207592557,1.0
5273,10.016669087,1.0,6.963512648,1.0
5274,10.016669087,1.0,13.297675544,1.0
5275,10.016669087,1.0,3.191550099,1.0
5276,10.016669087,1.0,4.172027313,1.0
5277,10.016669087,1.0,6.205428816,1.0
5278,10.016669087,1.0,7.135698552,1.0
5279,10.016669087,1.0,10.198167248,1.0
5280,10.016669087,1.0,5.318849241,1.0
5281,10.016669087,1.0,6.257818439,1.0
5282,10.016669087,1.0,6.23365539,1.0
5283,10.016669087,1.0,23.583721319,1.0
5284,10.016669087,1.0,6.790219312,1.0
5285,10.016669087,1.0,35.190700103,1.0
5286,10.016669087,1.0,38.515792955,1.0
5287,10.016669087,1.0,18.855302324,1.0
5288,10.016669087,1.0,35.503722327,1.0
5289,10.016669087,1.0,9.150646684,1.0
5290,10.016669087,1.0,7.888433382,1.0
5291,10.016669087,1.0,5.872903346,1.0
5292,10.016669087,1.0,12.096053824,1.0
5293,10.016669087,1.0,3.367582976,1.0
5294,10.635386245,1.0,61.793309267,1.0
5295,10.635386245,1.0,24.479933455,1.0
5296,10.635386245,1.0,14.744961584,1.0
5297,10.635386245,1.0,5.980333505,1.0
5298,10.635386245,1.0,6.749450958,1.0
5299,10.635386245,1.0,36.089846175,1.0
5300,10.635386245,1.0,27.334429574,1.0
5301,10.635386245,1.0,14.075695698,1.0
5302,10.635386245,1.0,18.855302324,1.0
5303,10.635386245,1.0,10.056347203,1.0
5304,10.635386245,1.0,4.594228449,1.0
5305,27.334429574,1.0,61.793309267,1.0
5306,27.334429574,1.0,85.602065022,1.0
5307,27.334429574,1.0,8.727444545,1.0
5308,27.334429574,1.0,9.801194355,1.0
5309,27.334429574,1.0,3.398050431,1.0
5310,27.334429574,1.0,11.232143896,1.0
5311,27.334429574,1.0,6.004574686,1.0
5312,27.334429574,1.0,4.09207587,1.0
5313,27.334429574,1.0,13.88327424,1.0
5314,27.334429574,1.0,5.328803376,1.0
5315,27.334429574,1.0,5.118084663,1.0
5316,27.334429574,1.0,54.832733215,1.0
5317,27.334429574,1.0,36.089846175,1.0
5318,27.334429574,1.0,10.635386245,1.0
5319,27.334429574,1.0,4.357638184,1.0
5320,27.334429574,1.0,16.986753427,1.0
5321,27.334429574,1.0,3.701022125,1.0
5322,27.334429574,1.0,6.963512648,1.0
5323,27.334429574,1.0,10.57156896,1.0
5324,27.334429574,1.0,8.663691625,1.0
5325,27.334429574,1.0,134.232246392,1.0
5326,27.334429574,1.0,26.111237618,1.0
5327,27.334429574,1.0,6.026101551,1.0
5328,27.334429574,1.0,4.990039785,1.0
5329,8.078335378,1.0,61.793309267,1.0
5330,8.078335378,1.0,67.285382519,1.0
5331,8.078335378,1.0,5.843490694,1.0
5332,8.078335378,1.0,11.770692834,1.0
5333,8.078335378,1.0,37.98547584,1.0
5334,8.078335378,1.0,5.995996753,1.0
5335,8.078335378,1.0,6.904083149,1.0
5336,8.078335378,1.0,10.016669087,1.0
5337,8.078335378,1.0,21.47320625,1.0
5338,8.078335378,1.0,6.63113924,1.0
5339,8.078335378,1.0,21.957598551,1.0
5340,8.078335378,1.0,22.627451627,1.0
5341,8.078335378,1.0,16.746607955,1.0
5342,8.078335378,1.0,8.327704218,1.0
5343,8.078335378,1.0,15.066753188,1.0
5344,8.078335378,1.0,29.064479699,1.0
5345,8.078335378,1.0,23.163711763,1.0
5346,8.078335378,1.0,8.629651598,1.0
5347,8.078335378,1.0,11.133808458,1.0
5348,8.078335378,1.0,41.816248515,1.0
5349,8.078335378,1.0,16.219736768,1.0
5350,8.078335378,1.0,8.123570646,1.0
5351,8.078335378,1.0,1.21352677,1.0
5352,8.078335378,1.0,6.963512648,1.0
5353,8.078335378,1.0,10.277541211,1.0
5354,8.078335378,1.0,7.228822587,1.0
5355,8.078335378,1.0,63.569424162,1.0
5356,8.078335378,1.0,24.186224197,1.0
5357,8.078335378,1.0,7.135698552,1.0
5358,8.078335378,1.0,3.208916221,1.0
5359,8.078335378,1.0,12.715212237,1.0
5360,8.078335378,1.0,35.190700103,1.0
5361,8.078335378,1.0,2.962675292,0.0
5362,8.078335378,1.0,17.275100495,1.0
5363,3.492015655,1.0,61.793309267,1.0
5364,3.492015655,1.0,11.399226471,1.0
5365,3.492015655,1.0,3.604027164,1.0
5366,3.492015655,1.0,9.98284207,1.0
5367,3.492015655,1.0,21.47320625,1.0
5368,3.492015655,1.0,5.816563551,1.0
5369,3.492015655,1.0,13.445185063,1.0
5370,3.492015655,1.0,24.186224197,1.0
5371,3.492015655,1.0,5.38214551,1.0
5372,28.598737411,1.0,61.793309267,1.0
5373,28.598737411,1.0,67.285382519,1.0
5374,28.598737411,1.0,85.602065022,1.0
5375,28.598737411,1.0,14.256756103,1.0
5376,28.598737411,1.0,9.400666164,1.0
5377,28.598737411,1.0,0.3451184811,1.0
5378,28.598737411,1.0,10.025288705,1.0
5379,28.598737411,1.0,14.639793863,1.0
5380,28.598737411,1.0,3.255616154,1.0
5381,28.598737411,1.0,4.614399465,1.0
5382,28.598737411,1.0,4.632907015,1.0
5383,28.598737411,1.0,7.41032757,1.0
5384,28.598737411,1.0,4.818425218,1.0
5385,28.598737411,1.0,49.330409711,1.0
5386,28.598737411,1.0,15.776847279,1.0
5387,28.598737411,1.0,8.188774877,1.0
5388,28.598737411,1.0,5.722009525,0.0
5389,28.598737411,1.0,6.179985299,1.0
5390,28.598737411,1.0,33.569029236,1.0
5391,28.598737411,1.0,6.884917469,1.0
5392,28.598737411,1.0,7.253592044,1.0
5393,28.598737411,1.0,19.806237448,1.0
5394,28.598737411,1.0,1.461947367,1.0
5395,28.598737411,1.0,4.137506743,1.0
5396,28.598737411,1.0,18.195908064,1.0
5397,28.598737411,1.0,9.082305407,1.0
5398,28.598737411,1.0,9.71155112,1.0
5399,28.598737411,1.0,8.295439778,1.0
5400,28.598737411,1.0,14.040953069,1.0
5401,28.598737411,1.0,5.237392338,1.0
5402,28.598737411,1.0,18.00089822,1.0
5403,28.598737411,1.0,3.811754697,1.0
5404,28.598737411,1.0,6.816885683,1.0
5405,28.598737411,1.0,1.213586358,1.0
5406,28.598737411,1.0,23.390458917,1.0
5407,28.598737411,1.0,11.57419617,1.0
5408,28.598737411,1.0,5.996384101,1.0
5409,28.598737411,1.0,18.341066883,1.0
5410,28.598737411,1.0,3.559635685,1.0
5411,28.598737411,1.0,3.767829505,1.0
5412,28.598737411,1.0,13.574966657,1.0
5413,28.598737411,1.0,3.177860741,1.0
5414,28.598737411,1.0,8.068554411,1.0
5415,28.598737411,1.0,6.218754449,1.0
5416,28.598737411,1.0,10.861725655,1.0
5417,28.598737411,1.0,6.963512648,1.0
5418,28.598737411,1.0,4.172027313,1.0
5419,28.598737411,1.0,1.922086858,1.0
5420,28.598737411,1.0,8.995419211,1.0
5421,28.598737411,1.0,10.198167248,1.0
5422,28.598737411,1.0,30.150731299,1.0
5423,28.598737411,1.0,8.516840935,1.0
5424,28.598737411,1.0,18.855302324,1.0
5425,28.598737411,1.0,6.026101551,1.0
5426,28.598737411,1.0,5.219724345,1.0
5427,28.598737411,1.0,9.537564947,1.0
5428,28.598737411,1.0,8.196082118,1.0
5429,28.598737411,1.0,4.047358916,1.0
5430,28.598737411,1.0,12.023650799,1.0
5431,28.598737411,1.0,91.156961989,1.0
5432,1.461947367,1.0,61.793309267,1.0
5433,1.461947367,1.0,5.843490694,1.0
5434,1.461947367,1.0,0.2336933914,1.0
5435,1.461947367,1.0,0.147742687,1.0
5436,1.461947367,1.0,10.510975334,1.0
5437,1.461947367,1.0,46.94762608,1.0
5438,1.461947367,1.0,10.016669087,1.0
5439,1.461947367,1.0,6.696029248,1.0
5440,1.461947367,1.0,8.188774877,1.0
5441,1.461947367,1.0,8.45860943,1.0
5442,1.461947367,1.0,6.884917469,1.0
5443,1.461947367,1.0,19.806237448,1.0
5444,1.461947367,1.0,4.137506743,1.0
5445,1.461947367,1.0,9.082305407,1.0
5446,1.461947367,1.0,5.412612741,1.0
5447,1.461947367,1.0,9.71155112,1.0
5448,1.461947367,1.0,8.295439778,1.0
5449,1.461947367,1.0,12.314548823,1.0
5450,1.461947367,1.0,23.390458917,1.0
5451,1.461947367,1.0,18.341066883,1.0
5452,1.461947367,1.0,13.574966657,1.0
5453,1.461947367,1.0,5.447870108,1.0
5454,1.461947367,1.0,3.177860741,1.0
5455,1.461947367,1.0,5.542460168,1.0
5456,1.461947367,1.0,3.560045955,1.0
5457,1.461947367,1.0,2.390961954,1.0
5458,1.461947367,1.0,1.793332891,1.0
5459,1.461947367,1.0,18.855302324,1.0
5460,1.461947367,1.0,5.872903346,1.0
5461,1.461947367,1.0,5.295070751,1.0
5462,9.082305407,1.0,61.793309267,1.0
5463,9.082305407,1.0,106.415627612,1.0
5464,9.082305407,1.0,6.980209921,1.0
5465,9.082305407,1.0,11.65146074,1.0
5466,9.082305407,1.0,14.256756103,1.0
5467,9.082305407,1.0,9.900612688,1.0
5468,9.082305407,1.0,1.344673725,1.0
5469,9.082305407,1.0,10.181441025,1.0
5470,9.082305407,1.0,11.574078018,1.0
5471,9.082305407,1.0,4.457214021,1.0
5472,9.082305407,1.0,3.255616154,1.0
5473,9.082305407,1.0,5.951084905,1.0
5474,9.082305407,1.0,9.98284207,1.0
5475,9.082305407,1.0,10.016669087,1.0
5476,9.082305407,1.0,22.78146695,1.0
5477,9.082305407,1.0,7.41032757,1.0
5478,9.082305407,1.0,21.47320625,1.0
5479,9.082305407,1.0,21.957598551,1.0
5480,9.082305407,1.0,8.188774877,1.0
5481,9.082305407,1.0,4.381866605,1.0
5482,9.082305407,1.0,6.179985299,1.0
5483,9.082305407,1.0,0.2951445344,1.0
5484,9.082305407,1.0,33.569029236,1.0
5485,9.082305407,1.0,8.45860943,1.0
5486,9.082305407,1.0,28.598737411,1.0
5487,9.082305407,1.0,1.380324536,1.0
5488,9.082305407,1.0,19.806237448,1.0
5489,9.082305407,1.0,1.461947367,1.0
5490,9.082305407,1.0,6.086591474,1.0
5491,9.082305407,1.0,6.782565889,1.0
5492,9.082305407,1.0,9.71155112,1.0
5493,9.082305407,1.0,15.453245152,0.0
5494,9.082305407,1.0,14.040953069,1.0
5495,9.082305407,1.0,5.237392338,1.0
5496,9.082305407,1.0,12.314548823,1.0
5497,9.082305407,1.0,18.00089822,1.0
5498,9.082305407,1.0,23.390458917,1.0
5499,9.082305407,1.0,11.57419617,1.0
5500,9.082305407,1.0,18.341066883,1.0
5501,9.082305407,1.0,13.574966657,1.0
5502,9.082305407,1.0,3.701022125,1.0
5503,9.082305407,1.0,5.447870108,1.0
5504,9.082305407,1.0,3.177860741,1.0
5505,9.082305407,1.0,6.305349834,1.0
5506,9.082305407,1.0,8.068554411,1.0
5507,9.082305407,1.0,3.560045955,1.0
5508,9.082305407,1.0,4.207592557,1.0
5509,9.082305407,1.0,10.198167248,1.0
5510,9.082305407,1.0,17.888502667,1.0
5511,9.082305407,1.0,8.516840935,1.0
5512,9.082305407,1.0,29.988838829,1.0
5513,9.082305407,1.0,0.3241002746,1.0
5514,9.082305407,1.0,7.888433382,1.0
5515,9.082305407,1.0,8.196082118,1.0
5516,9.082305407,1.0,5.38214551,1.0
5517,9.082305407,1.0,4.119021003,1.0
5518,9.082305407,1.0,7.455058179,1.0
5519,9.082305407,1.0,25.0116746,1.0
5520,9.082305407,1.0,7.954241052,1.0
5521,9.082305407,1.0,3.923454175,1.0
5522,9.082305407,1.0,91.156961989,1.0
5523,7.076362169,1.0,61.793309267,1.0
5524,7.076362169,1.0,6.980209921,1.0
5525,7.076362169,1.0,8.727444545,1.0
5526,7.076362169,1.0,9.400666164,1.0
5527,7.076362169,1.0,7.600481659,1.0
5528,7.076362169,1.0,6.795597285,1.0
5529,7.076362169,1.0,2.896292224,1.0
5530,7.076362169,1.0,10.016669087,1.0
5531,7.076362169,1.0,9.141805687,1.0
5532,7.076362169,1.0,8.188774877,1.0
5533,7.076362169,1.0,6.179985299,1.0
5534,7.076362169,1.0,16.986753427,1.0
5535,7.076362169,1.0,33.569029236,1.0
5536,7.076362169,1.0,19.806237448,1.0
5537,7.076362169,1.0,9.082305407,1.0
5538,7.076362169,1.0,14.040953069,1.0
5539,7.076362169,1.0,12.314548823,1.0
5540,7.076362169,1.0,23.390458917,1.0
5541,7.076362169,1.0,5.996384101,1.0
5542,7.076362169,1.0,18.341066883,1.0
5543,7.076362169,1.0,13.574966657,1.0
5544,7.076362169,1.0,8.068554411,1.0
5545,7.076362169,1.0,6.963512648,1.0
5546,7.076362169,1.0,13.297675544,1.0
5547,7.076362169,1.0,1.922086858,1.0
5548,7.076362169,1.0,6.205428816,1.0
5549,7.076362169,1.0,1.824459944,1.0
5550,7.076362169,1.0,6.23365539,1.0
5551,7.076362169,1.0,8.516840935,1.0
5552,7.076362169,1.0,38.515792955,1.0
5553,7.076362169,1.0,7.888433382,1.0
5554,7.076362169,1.0,7.455058179,1.0
5555,7.076362169,1.0,25.0116746,1.0
5556,7.076362169,1.0,0.8613647712,1.0
5557,3.350238297,1.0,61.793309267,1.0
5558,3.350238297,1.0,20.540037372,1.0
5559,3.350238297,1.0,17.86679629,1.0
5560,3.350238297,1.0,6.109671996,1.0
5561,3.350238297,1.0,18.996217281,1.0
5562,3.350238297,1.0,3.191550099,1.0
5563,3.350238297,1.0,10.198167248,1.0
5564,3.350238297,1.0,9.565858774,1.0
5565,7.659051738,1.0,61.793309267,1.0
5566,7.659051738,1.0,106.415627612,1.0
5567,7.659051738,1.0,11.399226471,1.0
5568,7.659051738,1.0,4.678165374,1.0
5569,7.659051738,1.0,5.068988668,1.0
5570,7.659051738,1.0,4.773145152,1.0
5571,7.659051738,1.0,11.863979571,1.0
5572,7.659051738,1.0,5.814209188,1.0
5573,7.659051738,1.0,3.855461904,1.0
5574,7.659051738,1.0,5.97652199,1.0
5575,7.659051738,1.0,7.469166361,1.0
5576,7.659051738,1.0,4.513045268,1.0
5577,7.659051738,1.0,3.73091468,1.0
5578,7.659051738,1.0,7.950666232,1.0
5579,7.659051738,1.0,3.00079294,1.0
5580,7.659051738,1.0,6.903729822,1.0
5581,7.659051738,1.0,8.107437704,1.0
5582,7.659051738,1.0,10.235504409,1.0
5583,7.659051738,1.0,45.854721033,1.0
5584,7.659051738,1.0,14.597938965,1.0
5585,7.659051738,1.0,15.293129274,1.0
5586,7.659051738,1.0,21.17309223,1.0
5587,8.068554411,1.0,61.793309267,1.0
5588,8.068554411,1.0,11.65146074,1.0
5589,8.068554411,1.0,9.900612688,1.0
5590,8.068554411,1.0,10.181441025,1.0
5591,8.068554411,1.0,5.951084905,1.0
5592,8.068554411,1.0,3.697724209,1.0
5593,8.068554411,1.0,5.142898705,1.0
5594,8.068554411,1.0,3.331422192,1.0
5595,8.068554411,1.0,33.569029236,1.0
5596,8.068554411,1.0,28.598737411,1.0
5597,8.068554411,1.0,6.086591474,1.0
5598,8.068554411,1.0,11.57419617,1.0
5599,8.068554411,1.0,18.341066883,1.0
5600,8.068554411,1.0,3.177860741,1.0
5601,8.068554411,1.0,6.305349834,1.0
5602,8.068554411,1.0,6.963512648,1.0
5603,8.068554411,1.0,2.390961954,1.0
5604,8.068554411,1.0,4.621428657,1.0
5605,8.068554411,1.0,7.308146865,1.0
5606,8.068554411,1.0,1.793332891,1.0
5607,8.068554411,1.0,3.581472819,1.0
5608,8.068554411,1.0,18.855302324,1.0
5609,8.068554411,1.0,9.150646684,1.0
5610,8.068554411,1.0,8.334980135,1.0
5611,8.068554411,1.0,8.988959255,1.0
5612,8.068554411,1.0,0.8613647712,1.0
5613,8.068554411,1.0,1.200808632,1.0
5614,8.068554411,1.0,3.923454175,1.0
5615,8.068554411,1.0,18.013532299,1.0
5616,6.963512648,1.0,61.793309267,1.0
5617,6.963512648,1.0,67.285382519,1.0
5618,6.963512648,1.0,106.415627612,1.0
5619,6.963512648,1.0,1.344673725,1.0
5620,6.963512648,1.0,12.10266456,1.0
5621,6.963512648,1.0,18.95354209,1.0
5622,6.963512648,1.0,14.639793863,1.0
5623,6.963512648,1.0,10.038287437,1.0
5624,6.963512648,1.0,629.457019025,1.0
5625,6.963512648,1.0,10.016669087,1.0
5626,6.963512648,1.0,22.78146695,1.0
5627,6.963512648,1.0,6.057768872,1.0
5628,6.963512648,1.0,3.697724209,1.0
5629,6.963512648,1.0,21.47320625,1.0
5630,6.963512648,1.0,5.189647153,1.0
5631,6.963512648,1.0,21.957598551,1.0
5632,6.963512648,1.0,8.078335378,1.0
5633,6.963512648,1.0,4.357638184,1.0
5634,6.963512648,1.0,41.816248515,1.0
5635,6.963512648,1.0,8.188774877,1.0
5636,6.963512648,1.0,4.381866605,1.0
5637,6.963512648,1.0,33.569029236,1.0
5638,6.963512648,1.0,18.996217281,1.0
5639,6.963512648,1.0,28.598737411,1.0
5640,6.963512648,1.0,19.806237448,1.0
5641,6.963512648,1.0,9.525955471,1.0
5642,6.963512648,1.0,9.082305407,1.0
5643,6.963512648,1.0,9.71155112,1.0
5644,6.963512648,1.0,5.237392338,1.0
5645,6.963512648,1.0,7.076362169,1.0
5646,6.963512648,1.0,6.816885683,1.0
5647,6.963512648,1.0,23.390458917,1.0
5648,6.963512648,1.0,11.57419617,1.0
5649,6.963512648,1.0,18.341066883,1.0
5650,6.963512648,1.0,3.701022125,1.0
5651,6.963512648,1.0,3.177860741,1.0
5652,6.963512648,1.0,8.068554411,1.0
5653,6.963512648,1.0,6.218754449,1.0
5654,6.963512648,1.0,8.107437704,1.0
5655,6.963512648,1.0,5.515849566,1.0
5656,6.963512648,1.0,1.922086858,1.0
5657,6.963512648,1.0,6.205428816,1.0
5658,6.963512648,1.0,2.390961954,1.0
5659,6.963512648,1.0,8.663691625,1.0
5660,6.963512648,1.0,4.621428657,1.0
5661,6.963512648,1.0,4.111764885,0.0
5662,6.963512648,1.0,18.855302324,1.0
5663,6.963512648,1.0,8.105857013,1.0
5664,6.963512648,1.0,5.648012104,1.0
5665,6.963512648,1.0,7.888433382,1.0
5666,6.963512648,1.0,9.537564947,1.0
5667,6.963512648,1.0,16.979769685,1.0
5668,6.963512648,1.0,8.196082118,1.0
5669,6.963512648,1.0,7.879326678,1.0
5670,6.963512648,1.0,25.0116746,1.0
5671,6.963512648,1.0,4.91927798,1.0
5672,6.963512648,1.0,10.464270693,1.0
5673,4.177580885,1.0,61.793309267,1.0
5674,4.177580885,1.0,67.285382519,1.0
5675,4.177580885,1.0,9.141805687,1.0
5676,4.177580885,1.0,6.173098905,1.0
5677,4.177580885,1.0,14.075695698,1.0
5678,4.177580885,1.0,7.094763502,1.0
5679,4.177580885,1.0,7.832158225,1.0
5680,4.177580885,1.0,12.120044245,1.0
5681,4.177580885,1.0,1.739619718,1.0
5682,4.177580885,1.0,3.297807408,1.0
5683,4.177580885,1.0,6.480753385,1.0
5684,4.177580885,1.0,5.515849566,1.0
5685,4.177580885,1.0,5.333459143,1.0
5686,4.177580885,1.0,3.637886738,1.0
5687,4.177580885,1.0,4.895174175,1.0
5688,10.57156896,1.0,61.793309267,1.0
5689,10.57156896,1.0,3.398050431,1.0
5690,10.57156896,1.0,24.479933455,1.0
5691,10.57156896,1.0,17.546131361,1.0
5692,10.57156896,1.0,3.414323425,1.0
5693,10.57156896,1.0,10.635386245,1.0
5694,10.57156896,1.0,29.064479699,1.0
5695,10.57156896,1.0,6.816885683,1.0
5696,10.57156896,1.0,6.305349834,1.0
5697,10.57156896,1.0,13.070268138,1.0
5698,10.57156896,1.0,134.232246392,1.0
5699,4.777806825,1.0,61.793309267,1.0
5700,4.777806825,1.0,24.479933455,1.0
5701,4.777806825,1.0,14.744961584,1.0
5702,4.777806825,1.0,6.5091864,1.0
5703,4.777806825,1.0,7.076362169,1.0
5704,4.777806825,1.0,10.57156896,1.0
5705,4.777806825,1.0,8.663691625,1.0
5706,4.777806825,1.0,134.232246392,1.0
5707,4.777806825,1.0,14.86461468,1.0
5708,8.102589681,1.0,61.793309267,1.0
5709,8.102589681,1.0,6.004574686,1.0
5710,8.102589681,1.0,2.203857633,1.0
5711,8.102589681,1.0,4.162390443,1.0
5712,8.102589681,1.0,6.795597285,1.0
5713,8.102589681,1.0,10.635386245,1.0
5714,8.102589681,1.0,15.189863814,1.0
5715,8.102589681,1.0,7.253592044,1.0
5716,8.102589681,1.0,134.232246392,1.0
5717,8.102589681,1.0,14.86461468,1.0
5718,8.102589681,1.0,12.023650799,1.0
5719,8.663691625,1.0,61.793309267,1.0
5720,8.663691625,1.0,9.496850496,1.0
5721,8.663691625,1.0,3.398050431,1.0
5722,8.663691625,1.0,24.479933455,1.0
5723,8.663691625,1.0,17.546131361,1.0
5724,8.663691625,1.0,6.243918196,1.0
5725,8.663691625,1.0,6.795597285,1.0
5726,8.663691625,1.0,21.47320625,1.0
5727,8.663691625,1.0,27.334429574,1.0
5728,8.663691625,1.0,15.189863814,1.0
5729,8.663691625,1.0,6.588528896,1.0
5730,8.663691625,1.0,1.21352677,1.0
5731,8.663691625,1.0,8.188774877,1.0
5732,8.663691625,1.0,7.076362169,1.0
5733,8.663691625,1.0,23.390458917,1.0
5734,8.663691625,1.0,10.57156896,1.0
5735,8.663691625,1.0,5.453196982,1.0
5736,134.232246392,1.0,61.793309267,1.0
5737,134.232246392,1.0,33.792251101,1.0
5738,134.232246392,1.0,59.924864821,1.0
5739,134.232246392,1.0,18.011624075,1.0
5740,134.232246392,1.0,24.479933455,1.0
5741,134.232246392,1.0,17.546131361,1.0
5742,134.232246392,1.0,3.660314357,1.0
5743,134.232246392,1.0,75.77402169,0.0
5744,134.232246392,1.0,153.378432818,1.0
5745,134.232246392,1.0,8.177023242,0.0
5746,134.232246392,1.0,5.980333505,1.0
5747,134.232246392,1.0,6.795597285,1.0
5748,134.232246392,1.0,7.493519305,1.0
5749,134.232246392,1.0,46.94762608,1.0
5750,134.232246392,1.0,36.089846175,1.0
5751,134.232246392,1.0,8.123570646,1.0
5752,134.232246392,1.0,18.996217281,1.0
5753,134.232246392,1.0,8.102589681,1.0
5754,134.232246392,1.0,7.025923962,1.0
5755,134.232246392,1.0,112.099655851,1.0
5756,134.232246392,1.0,27.225926794,0.0
5757,134.232246392,1.0,12.715212237,1.0
5758,134.232246392,1.0,8.243241662,1.0
5759,134.232246392,1.0,8.473312072,1.0
5760,134.232246392,1.0,38.515792955,1.0
5761,134.232246392,1.0,4.018046527,1.0
5762,37.938945266,1.0,61.793309267,1.0
5763,37.938945266,1.0,12.679609565,0.0
5764,37.938945266,1.0,53.620745395,1.0
5765,37.938945266,1.0,5.32825762,1.0
5766,37.938945266,1.0,15.611347975,1.0
5767,37.938945266,1.0,7.094763502,1.0
5768,37.938945266,1.0,4.245903096,1.0
5769,37.938945266,1.0,41.816248515,1.0
5770,37.938945266,1.0,5.014749404,1.0
5771,37.938945266,1.0,10.123192269,1.0
5772,37.938945266,1.0,4.773145152,1.0
5773,37.938945266,1.0,4.060263375,1.0
5774,37.938945266,1.0,6.696029248,1.0
5775,37.938945266,1.0,11.863979571,1.0
5776,37.938945266,1.0,4.56934201,1.0
5777,37.938945266,1.0,7.832158225,1.0
5778,37.938945266,1.0,5.97652199,1.0
5779,37.938945266,1.0,9.761304358,1.0
5780,37.938945266,1.0,8.50266253,1.0
5781,37.938945266,1.0,8.148691521,1.0
5782,37.938945266,1.0,4.709903611,1.0
5783,37.938945266,1.0,14.341366069,1.0
5784,37.938945266,1.0,10.9074083,1.0
5785,37.938945266,1.0,7.900750518,1.0
5786,37.938945266,1.0,3.312311771,1.0
5787,37.938945266,1.0,4.177580885,1.0
5788,37.938945266,1.0,12.835121545,1.0
5789,37.938945266,1.0,6.419404649,1.0
5790,37.938945266,1.0,19.467428092,1.0
5791,37.938945266,1.0,19.694973874,1.0
5792,37.938945266,1.0,8.061526394,1.0
5793,37.938945266,1.0,4.441750842,1.0
5794,37.938945266,1.0,5.02729186,1.0
5795,37.938945266,1.0,7.207826876,1.0
5796,37.938945266,1.0,16.732592538,1.0
5797,37.938945266,1.0,35.503722327,1.0
5798,37.938945266,1.0,5.318928376,1.0
5799,37.938945266,1.0,12.292862519,1.0
5800,37.938945266,1.0,9.74202609,1.0
5801,37.938945266,1.0,5.295070751,1.0
5802,12.715212237,1.0,61.793309267,1.0
5803,12.715212237,1.0,85.602065022,1.0
5804,12.715212237,1.0,9.496850496,1.0
5805,12.715212237,1.0,1.344673725,1.0
5806,12.715212237,1.0,76.104832671,1.0
5807,12.715212237,1.0,14.639793863,1.0
5808,12.715212237,1.0,4.09207587,1.0
5809,12.715212237,1.0,0.214112784,1.0
5810,12.715212237,1.0,46.94762608,1.0
5811,12.715212237,1.0,3.697724209,1.0
5812,12.715212237,1.0,6.63113924,1.0
5813,12.715212237,1.0,21.957598551,1.0
5814,12.715212237,1.0,22.627451627,1.0
5815,12.715212237,1.0,10.561206156,1.0
5816,12.715212237,1.0,16.746607955,1.0
5817,12.715212237,1.0,6.588528896,1.0
5818,12.715212237,1.0,6.063404837,1.0
5819,12.715212237,1.0,29.064479699,1.0
5820,12.715212237,1.0,23.163711763,1.0
5821,12.715212237,1.0,41.816248515,1.0
5822,12.715212237,1.0,49.330409711,1.0
5823,12.715212237,1.0,3.915305063,1.0
5824,12.715212237,1.0,20.779723853,0.0
5825,12.715212237,1.0,1.213586358,1.0
5826,12.715212237,1.0,6.963512648,1.0
5827,12.715212237,1.0,24.186224197,1.0
5828,12.715212237,1.0,18.598069279,1.0
5829,12.715212237,1.0,112.099655851,1.0
5830,12.715212237,1.0,3.581472819,1.0
5831,12.715212237,1.0,8.243241662,1.0
5832,12.715212237,1.0,8.473312072,1.0
5833,12.715212237,1.0,29.988838829,1.0
5834,12.715212237,1.0,26.111237618,1.0
5835,12.715212237,1.0,35.190700103,1.0
5836,12.715212237,1.0,24.65499671,1.0
5837,12.715212237,1.0,6.419404649,1.0
5838,12.715212237,1.0,30.198302233,1.0
5839,12.715212237,1.0,147.947753554,1.0
5840,12.715212237,1.0,25.0116746,1.0
5841,12.715212237,1.0,7.862834024,1.0
5842,38.515792955,1.0,61.793309267,1.0
5843,38.515792955,1.0,59.924864821,1.0
5844,38.515792955,1.0,85.602065022,1.0
5845,38.515792955,1.0,18.011624075,1.0
5846,38.515792955,1.0,9.496850496,1.0
5847,38.515792955,1.0,11.399226471,1.0
5848,38.515792955,1.0,11.958363872,1.0
5849,38.515792955,1.0,9.801194355,1.0
5850,38.515792955,1.0,3.932857026,1.0
5851,38.515792955,1.0,7.095566032,1.0
5852,38.515792955,1.0,0.3451184811,1.0
5853,38.515792955,1.0,18.95354209,1.0
5854,38.515792955,1.0,1.856012985,1.0
5855,38.515792955,1.0,4.09207587,1.0
5856,38.515792955,1.0,6.703281844,1.0
5857,38.515792955,1.0,6.05151979,1.0
5858,38.515792955,1.0,10.900235758,1.0
5859,38.515792955,1.0,10.016669087,1.0
5860,38.515792955,1.0,8.280750395,1.0
5861,38.515792955,1.0,6.125094563,0.0
5862,38.515792955,1.0,4.818425218,1.0
5863,38.515792955,1.0,27.334429574,1.0
5864,38.515792955,1.0,14.075695698,1.0
5865,38.515792955,1.0,3.647826401,1.0
5866,38.515792955,1.0,33.569029236,1.0
5867,38.515792955,1.0,28.598737411,1.0
5868,38.515792955,1.0,19.806237448,1.0
5869,38.515792955,1.0,9.71155112,1.0
5870,38.515792955,1.0,12.314548823,1.0
5871,38.515792955,1.0,6.305349834,1.0
5872,38.515792955,1.0,4.172027313,1.0
5873,38.515792955,1.0,8.663691625,1.0
5874,38.515792955,1.0,134.232246392,1.0
5875,38.515792955,1.0,5.318849241,1.0
5876,38.515792955,1.0,6.257818439,1.0
5877,38.515792955,1.0,7.879326678,1.0
5878,15.18411431,0.0,61.793309267,1.0
5879,8.32811975,1.0,61.793309267,1.0
5880,8.32811975,1.0,13.056317027,1.0
5881,8.32811975,1.0,5.95779745,1.0
5882,8.32811975,1.0,25.698336533,1.0
5883,8.32811975,1.0,20.418653862,1.0
5884,8.32811975,1.0,8.843522305,1.0
5885,8.32811975,1.0,35.503722327,1.0
5886,8.32811975,1.0,15.405753741,1.0
5887,7.888433382,1.0,61.793309267,1.0
5888,7.888433382,1.0,5.843490694,1.0
5889,7.888433382,1.0,40.90551563,1.0
5890,7.888433382,1.0,7.165830305,1.0
5891,7.888433382,1.0,6.5091864,1.0
5892,7.888433382,1.0,3.255616154,1.0
5893,7.888433382,1.0,43.881908864,1.0
5894,7.888433382,1.0,0.7274009746,1.0
5895,7.888433382,1.0,3.164674771,1.0
5896,7.888433382,1.0,16.746607955,1.0
5897,7.888433382,1.0,7.326654522,1.0
5898,7.888433382,1.0,6.588528896,1.0
5899,7.888433382,1.0,4.357638184,1.0
5900,7.888433382,1.0,8.188774877,1.0
5901,7.888433382,1.0,16.986753427,1.0
5902,7.888433382,1.0,3.855461904,1.0
5903,7.888433382,1.0,28.598737411,1.0
5904,7.888433382,1.0,19.806237448,1.0
5905,7.888433382,1.0,9.082305407,1.0
5906,7.888433382,1.0,8.295439778,1.0
5907,7.888433382,1.0,14.040953069,1.0
5908,7.888433382,1.0,7.076362169,1.0
5909,7.888433382,1.0,23.390458917,1.0
5910,7.888433382,1.0,8.068554411,1.0
5911,7.888433382,1.0,2.526151503,1.0
5912,7.888433382,1.0,1.922086858,1.0
5913,7.888433382,1.0,4.066517949,1.0
5914,7.888433382,1.0,18.855302324,1.0
5915,7.888433382,1.0,9.150646684,1.0
5916,7.888433382,1.0,16.979769685,1.0
5917,7.888433382,1.0,1.200808632,1.0
5918,10.487538393,1.0,61.793309267,1.0
5919,10.487538393,1.0,8.938464153,1.0
5920,10.487538393,1.0,4.193289994,1.0
5921,10.487538393,1.0,40.90551563,1.0
5922,10.487538393,1.0,9.643040622,1.0
5923,10.487538393,1.0,2.497470498,1.0
5924,10.487538393,1.0,22.627451627,1.0
5925,10.487538393,1.0,14.040953069,1.0
5926,10.487538393,1.0,6.305349834,1.0
5927,10.487538393,1.0,8.068554411,1.0
5928,10.487538393,1.0,6.23365539,1.0
5929,10.487538393,1.0,23.583721319,1.0
5930,10.487538393,1.0,6.790219312,1.0
5931,10.487538393,1.0,9.150646684,1.0
5932,10.487538393,1.0,9.264678249,1.0
5933,10.487538393,1.0,3.764193323,1.0
5934,10.487538393,1.0,8.334980135,1.0
5935,10.487538393,1.0,84.435994812,0.0
5936,10.487538393,1.0,12.023650799,1.0
5937,46.998665241,1.0,61.793309267,1.0
5938,46.998665241,1.0,8.727444545,1.0
5939,46.998665241,1.0,3.170768537,1.0
5940,46.998665241,1.0,2.3077623,1.0
5941,46.998665241,1.0,14.639793863,1.0
5942,46.998665241,1.0,5.980333505,1.0
5943,46.998665241,1.0,46.94762608,1.0
5944,46.998665241,1.0,17.86679629,1.0
5945,46.998665241,1.0,16.746607955,1.0
5946,46.998665241,1.0,5.816563551,1.0
5947,46.998665241,1.0,16.219736768,1.0
5948,46.998665241,1.0,12.314548823,1.0
5949,46.998665241,1.0,7.135698552,1.0
5950,46.998665241,1.0,11.362555877,1.0
5951,46.998665241,1.0,18.598069279,1.0
5952,46.998665241,1.0,23.583721319,1.0
5953,46.998665241,1.0,5.38214551,1.0
5954,46.998665241,1.0,4.119021003,1.0
5955,46.998665241,1.0,1.393107025,1.0
5956,46.998665241,1.0,2.827742565,1.0
5957,46.998665241,1.0,21.17309223,1.0
5958,4.91927798,1.0,61.793309267,1.0
5959,4.91927798,1.0,11.65146074,1.0
5960,4.91927798,1.0,5.814209188,1.0
5961,4.91927798,1.0,8.893250362,1.0
5962,4.91927798,1.0,3.350238297,1.0
5963,4.91927798,1.0,8.068554411,1.0
5964,4.91927798,1.0,6.963512648,1.0
5965,4.91927798,1.0,4.895174175,1.0
5966,4.91927798,1.0,0.8613647712,1.0
5967,13.53178188,1.0,61.793309267,1.0
5968,13.53178188,1.0,10.57156896,1.0
5969,8.452622339,1.0,61.793309267,1.0
5970,8.452622339,1.0,10.025288705,1.0
5971,8.452622339,1.0,11.574078018,1.0
5972,8.452622339,1.0,203.143738217,0.0
5973,1.186856672,1.0,1.585840096,1.0
5974,1.186856672,1.0,1.114800644,1.0
5975,1.186856672,1.0,97.392731161,1.0
5976,1.186856672,1.0,2.138567555,1.0
5977,0.9994807523,1.0,1.585840096,1.0
5978,0.9994807523,1.0,33.792251101,1.0
5979,0.9994807523,1.0,4.557235008,1.0
5980,0.9994807523,1.0,20.540037372,1.0
5981,0.9994807523,1.0,5.854779429,1.0
5982,0.9994807523,1.0,13.675393622,1.0
5983,15.779551822,1.0,33.792251101,1.0
5984,15.779551822,1.0,4.800438878,1.0
5985,15.779551822,1.0,4.672699676,1.0
5986,15.779551822,1.0,30.017045246,1.0
5987,15.779551822,1.0,2.636539717,1.0
5988,15.779551822,1.0,2.888906621,1.0
5989,15.779551822,1.0,27.334429574,1.0
5990,15.779551822,1.0,1.337015436,1.0
5991,13.86957637,1.0,33.792251101,1.0
5992,13.86957637,1.0,11.232143896,1.0
5993,13.86957637,1.0,13.61728709,1.0
5994,13.86957637,1.0,5.95779745,1.0
5995,13.86957637,1.0,3.292996031,1.0
5996,13.86957637,1.0,1.618033423,1.0
5997,13.86957637,1.0,13.012196231,1.0
5998,13.86957637,1.0,3.494992531,1.0
5999,13.86957637,1.0,3.901493385,1.0
6000,13.86957637,1.0,3.660314357,1.0
6001,13.86957637,1.0,13.88327424,1.0
6002,13.86957637,1.0,12.042848406,1.0
6003,13.86957637,1.0,2.257905961,1.0
6004,13.86957637,1.0,5.971852864,1.0
6005,13.86957637,1.0,1.086237838,1.0
6006,13.86957637,1.0,2.933391683,1.0
6007,13.86957637,1.0,5.756985413,1.0
6008,13.86957637,1.0,18.99975294,1.0
6009,13.86957637,1.0,2.526151503,1.0
6010,13.86957637,1.0,2.138567555,1.0
6011,13.86957637,1.0,24.65499671,1.0
6012,13.86957637,1.0,1.859358022,1.0
6013,13.86957637,1.0,4.046228683,1.0
6014,13.86957637,1.0,4.895174175,1.0
6015,13.86957637,1.0,6.954165906,1.0
6016,13.86957637,1.0,13.675393622,1.0
6017,3.494992531,1.0,33.792251101,1.0
6018,3.494992531,1.0,13.61728709,1.0
6019,3.494992531,1.0,13.86957637,1.0
6020,3.494992531,1.0,5.95779745,1.0
6021,3.494992531,1.0,3.292996031,1.0
6022,3.494992531,1.0,13.012196231,1.0
6023,3.494992531,1.0,3.901493385,1.0
6024,3.494992531,1.0,12.042848406,1.0
6025,3.494992531,1.0,1.186856672,1.0
6026,3.494992531,1.0,3.21699116,1.0
6027,3.494992531,1.0,18.00089822,1.0
6028,3.494992531,1.0,2.526151503,1.0
6029,3.494992531,1.0,2.138567555,1.0
6030,3.494992531,1.0,5.823561992,1.0
6031,3.494992531,1.0,4.895174175,1.0
6032,3.494992531,1.0,6.208512798,1.0
6033,3.660314357,1.0,33.792251101,1.0
6034,3.660314357,1.0,67.285382519,1.0
6035,3.660314357,1.0,6.008978366,1.0
6036,3.660314357,1.0,1.999447028,1.0
6037,3.660314357,1.0,4.817981994,1.0
6038,3.660314357,1.0,5.17795514,1.0
6039,3.660314357,1.0,4.958403349,1.0
6040,3.660314357,1.0,0.1958913398,1.0
6041,3.660314357,1.0,2.189977057,1.0
6042,3.660314357,1.0,3.363732976,1.0
6043,3.660314357,1.0,20.540037372,1.0
6044,3.660314357,1.0,2.661209826,1.0
6045,3.660314357,1.0,7.770027438,1.0
6046,3.660314357,1.0,4.707717502,1.0
6047,3.660314357,1.0,6.17753814,1.0
6048,3.660314357,1.0,11.305962931,1.0
6049,3.660314357,1.0,2.64011891,1.0
6050,3.660314357,1.0,5.306124882,1.0
6051,3.660314357,1.0,6.415927604,1.0
6052,3.660314357,1.0,7.986422452,1.0
6053,3.660314357,1.0,31.467421346,0.0
6054,3.660314357,1.0,134.232246392,1.0
6055,3.660314357,1.0,60.547022425,0.0
6056,5.920090744,1.0,33.792251101,1.0
6057,5.920090744,1.0,6.008978366,1.0
6058,5.920090744,1.0,4.817981994,1.0
6059,5.920090744,1.0,9.557871275,1.0
6060,5.920090744,1.0,8.170173078,1.0
6061,5.920090744,1.0,2.655695629,1.0
6062,5.920090744,1.0,5.554604713,1.0
6063,5.920090744,1.0,10.744893785,0.0
6064,2.115961101,1.0,33.792251101,1.0
6065,2.115961101,1.0,13.88327424,1.0
6066,2.115961101,1.0,4.817981994,1.0
6067,2.115961101,1.0,4.557235008,1.0
6068,2.115961101,1.0,10.845083849,1.0
6069,2.115961101,1.0,0.9994807523,1.0
6070,2.115961101,1.0,0.824881682,1.0
6071,2.115961101,1.0,6.208512798,1.0
6072,1.736117295,1.0,33.792251101,1.0
6073,1.736117295,1.0,13.61728709,1.0
6074,1.736117295,1.0,2.203857633,1.0
6075,1.736117295,1.0,17.625436226,1.0
6076,1.736117295,1.0,4.59696749,1.0
6077,1.736117295,1.0,11.703124553,1.0
6078,20.540037372,1.0,33.792251101,1.0
6079,20.540037372,1.0,13.056317027,1.0
6080,20.540037372,1.0,4.829679098,1.0
6081,20.540037372,1.0,13.61728709,1.0
6082,20.540037372,1.0,3.292996031,1.0
6083,20.540037372,1.0,12.644266328,1.0
6084,20.540037372,1.0,153.378432818,1.0
6085,20.540037372,1.0,8.170173078,1.0
6086,20.540037372,1.0,5.554604713,1.0
6087,20.540037372,1.0,16.210032309,1.0
6088,20.540037372,1.0,12.876687905,1.0
6089,20.540037372,1.0,4.07161481,1.0
6090,20.540037372,1.0,0.9994807523,1.0
6091,20.540037372,1.0,6.141325198,1.0
6092,20.540037372,1.0,21.342876657,1.0
6093,20.540037372,1.0,25.698336533,1.0
6094,20.540037372,1.0,2.138567555,1.0
6095,20.540037372,1.0,17.99554838,0.0
6096,20.540037372,1.0,134.232246392,1.0
6097,20.540037372,1.0,3.24512057,1.0
6098,20.540037372,1.0,26.111237618,1.0
6099,20.540037372,1.0,9.264678249,1.0
6100,20.540037372,1.0,4.895174175,1.0
6101,20.540037372,1.0,15.405753741,1.0
6102,20.540037372,1.0,6.208512798,1.0
6103,11.703124553,1.0,33.792251101,1.0
6104,11.703124553,1.0,2.819656285,1.0
6105,11.703124553,1.0,1.736117295,1.0
6106,11.703124553,1.0,4.860815553,1.0
6107,11.703124553,1.0,5.226182218,1.0
6108,11.703124553,1.0,2.294374038,1.0
6109,11.703124553,1.0,0.6167532631,1.0
6110,11.703124553,1.0,5.450486809,1.0
6111,11.703124553,1.0,23.009498747,1.0
6112,2.694690479,1.0,33.792251101,1.0
6113,2.694690479,1.0,10.025288705,1.0
6114,2.694690479,1.0,12.457716354,1.0
6115,2.694690479,1.0,1.876343911,1.0
6116,2.694690479,1.0,5.226182218,1.0
6117,2.694690479,1.0,1.148863826,1.0
6118,2.694690479,1.0,0.6476473379,1.0
6119,2.694690479,1.0,2.962675292,0.0
6120,1.998908817,1.0,33.792251101,1.0
6121,1.998908817,1.0,3.410190632,1.0
6122,1.998908817,1.0,1.186856672,1.0
6123,1.998908817,1.0,2.784885026,1.0
6124,1.998908817,1.0,6.109671996,1.0
6125,1.998908817,1.0,3.389171977,1.0
6126,21.80995475,1.0,33.792251101,1.0
6127,21.80995475,1.0,18.95354209,1.0
6128,21.80995475,1.0,1.999447028,1.0
6129,21.80995475,1.0,153.378432818,1.0
6130,21.80995475,1.0,1.426097319,1.0
6131,21.80995475,1.0,2.326080633,1.0
6132,21.80995475,1.0,10.349034039,1.0
6133,21.80995475,1.0,6.396409402,1.0
6134,21.80995475,1.0,7.048802068,0.0
6135,21.80995475,1.0,12.314548823,1.0
6136,21.80995475,1.0,2.526151503,1.0
6137,21.80995475,1.0,9.011999131,1.0
6138,21.80995475,1.0,5.844142797,0.0
6139,21.80995475,1.0,3.378924377,1.0
6140,21.80995475,1.0,7.491649438,1.0
6141,21.80995475,1.0,4.627303628,1.0
6142,21.80995475,1.0,9.74202609,1.0
6143,21.80995475,1.0,4.119021003,1.0
6144,21.80995475,1.0,10.397099174,1.0
6145,21.80995475,1.0,39.845944866,1.0
6146,3.441904024,1.0,33.792251101,1.0
6147,3.441904024,1.0,3.757640503,1.0
6148,3.441904024,1.0,7.736976522,1.0
6149,3.441904024,1.0,21.342876657,1.0
6150,3.441904024,1.0,2.326729959,1.0
6151,3.441904024,1.0,5.146293333,1.0
6152,3.441904024,1.0,9.515976293,1.0
6153,3.441904024,1.0,4.995556646,1.0
6154,3.441904024,1.0,2.058667752,1.0
6155,3.441904024,1.0,8.034464228,1.0
6156,3.441904024,1.0,9.74202609,1.0
6157,3.66616111,1.0,33.792251101,1.0
6158,3.66616111,1.0,12.042848406,1.0
6159,3.66616111,1.0,153.378432818,1.0
6160,3.66616111,1.0,15.733724505,1.0
6161,3.66616111,1.0,4.168654522,1.0
6162,3.66616111,1.0,4.860815553,1.0
6163,3.66616111,1.0,12.666276573,1.0
6164,3.66616111,1.0,5.382430013,1.0
6165,3.697724209,1.0,33.792251101,1.0
6166,3.697724209,1.0,13.092587036,1.0
6167,3.697724209,1.0,5.17795514,1.0
6168,3.697724209,1.0,2.257905961,1.0
6169,3.697724209,1.0,2.661209826,1.0
6170,3.697724209,1.0,30.39277946,1.0
6171,3.697724209,1.0,21.342876657,1.0
6172,3.697724209,1.0,3.436895491,1.0
6173,3.697724209,1.0,6.604095251,1.0
6174,3.697724209,1.0,1.807864563,1.0
6175,3.697724209,1.0,6.109671996,1.0
6176,3.697724209,1.0,49.330409711,1.0
6177,3.697724209,1.0,5.996384101,1.0
6178,3.697724209,1.0,4.140323188,1.0
6179,3.697724209,1.0,3.822486041,1.0
6180,3.697724209,1.0,0.3532749374,1.0
6181,3.697724209,1.0,35.190700103,1.0
6182,3.697724209,1.0,10.088455912,1.0
6183,3.697724209,1.0,1.280519931,1.0
6184,18.996217281,1.0,33.792251101,1.0
6185,18.996217281,1.0,106.415627612,1.0
6186,18.996217281,1.0,11.399226471,1.0
6187,18.996217281,1.0,11.770692834,1.0
6188,18.996217281,1.0,5.824984678,1.0
6189,18.996217281,1.0,13.61728709,1.0
6190,18.996217281,1.0,7.600481659,1.0
6191,18.996217281,1.0,10.025288705,1.0
6192,18.996217281,1.0,8.38717511,1.0
6193,18.996217281,1.0,5.113142616,1.0
6194,18.996217281,1.0,21.80995475,1.0
6195,18.996217281,1.0,629.457019025,1.0
6196,18.996217281,1.0,2.2197354,1.0
6197,18.996217281,1.0,22.78146695,1.0
6198,18.996217281,1.0,9.643040622,1.0
6199,18.996217281,1.0,9.442750188,1.0
6200,18.996217281,1.0,8.599022846,1.0
6201,18.996217281,1.0,2.747730392,1.0
6202,18.996217281,1.0,16.219736768,1.0
6203,18.996217281,1.0,49.330409711,1.0
6204,18.996217281,1.0,6.120753644,1.0
6205,18.996217281,1.0,3.389171977,1.0
6206,18.996217281,1.0,15.776847279,1.0
6207,18.996217281,1.0,12.155923652,0.0
6208,18.996217281,1.0,11.809729744,1.0
6209,18.996217281,1.0,6.076137367,1.0
6210,18.996217281,1.0,33.569029236,1.0
6211,18.996217281,1.0,6.394778045,1.0
6212,18.996217281,1.0,28.598737411,1.0
6213,18.996217281,1.0,2.271211233,1.0
6214,18.996217281,1.0,6.884917469,1.0
6215,18.996217281,1.0,19.806237448,1.0
6216,18.996217281,1.0,3.87276971,1.0
6217,18.996217281,1.0,6.396409402,1.0
6218,18.996217281,1.0,20.418653862,1.0
6219,18.996217281,1.0,18.195908064,1.0
6220,18.996217281,1.0,12.671115978,1.0
6221,18.996217281,1.0,8.295439778,1.0
6222,18.996217281,1.0,18.00089822,1.0
6223,18.996217281,1.0,7.076362169,1.0
6224,18.996217281,1.0,11.57419617,1.0
6225,18.996217281,1.0,6.893769984,1.0
6226,18.996217281,1.0,5.506224572,1.0
6227,18.996217281,1.0,5.847750914,1.0
6228,18.996217281,1.0,15.149110824,1.0
6229,18.996217281,1.0,5.996384101,1.0
6230,18.996217281,1.0,5.894179482,1.0
6231,18.996217281,1.0,18.99975294,1.0
6232,18.996217281,1.0,3.836845692,1.0
6233,18.996217281,1.0,4.140323188,1.0
6234,18.996217281,1.0,10.277541211,1.0
6235,18.996217281,1.0,16.462756475,1.0
6236,18.996217281,1.0,9.011999131,1.0
6237,18.996217281,1.0,4.777806825,1.0
6238,18.996217281,1.0,12.780643481,1.0
6239,18.996217281,1.0,134.232246392,1.0
6240,18.996217281,1.0,6.181669579,1.0
6241,18.996217281,1.0,35.190700103,1.0
6242,18.996217281,1.0,24.65499671,1.0
6243,18.996217281,1.0,4.627303628,1.0
6244,18.996217281,1.0,19.467428092,1.0
6245,18.996217281,1.0,7.834900296,1.0
6246,18.996217281,1.0,7.9903188,1.0
6247,18.996217281,1.0,4.047358916,1.0
6248,18.996217281,1.0,1.893593655,1.0
6249,18.996217281,1.0,15.870165456,1.0
6250,18.996217281,1.0,8.070385649,1.0
6251,18.996217281,1.0,91.156961989,1.0
6252,18.195908064,1.0,33.792251101,1.0
6253,18.195908064,1.0,4.800438878,1.0
6254,18.195908064,1.0,14.256756103,1.0
6255,18.195908064,1.0,5.824984678,1.0
6256,18.195908064,1.0,2.2197354,1.0
6257,18.195908064,1.0,9.643040622,1.0
6258,18.195908064,1.0,2.425018168,1.0
6259,18.195908064,1.0,6.120753644,1.0
6260,18.195908064,1.0,5.142898705,1.0
6261,18.195908064,1.0,15.776847279,1.0
6262,18.195908064,1.0,11.809729744,1.0
6263,18.195908064,1.0,0.2951445344,1.0
6264,18.195908064,1.0,6.394778045,1.0
6265,18.195908064,1.0,18.996217281,1.0
6266,18.195908064,1.0,28.598737411,1.0
6267,18.195908064,1.0,6.884917469,1.0
6268,18.195908064,1.0,19.806237448,1.0
6269,18.195908064,1.0,3.87276971,1.0
6270,18.195908064,1.0,20.418653862,1.0
6271,18.195908064,1.0,9.525955471,1.0
6272,18.195908064,1.0,9.082305407,1.0
6273,18.195908064,1.0,12.671115978,1.0
6274,18.195908064,1.0,8.295439778,1.0
6275,18.195908064,1.0,18.00089822,1.0
6276,18.195908064,1.0,3.811754697,1.0
6277,18.195908064,1.0,6.816885683,1.0
6278,18.195908064,1.0,5.506224572,1.0
6279,18.195908064,1.0,5.847750914,1.0
6280,18.195908064,1.0,5.996384101,1.0
6281,18.195908064,1.0,3.767829505,1.0
6282,18.195908064,1.0,5.894179482,1.0
6283,18.195908064,1.0,18.99975294,1.0
6284,18.195908064,1.0,3.836845692,1.0
6285,18.195908064,1.0,5.840658135,1.0
6286,18.195908064,1.0,6.181669579,1.0
6287,18.195908064,1.0,7.491649438,1.0
6288,18.195908064,1.0,6.008748456,1.0
6289,18.195908064,1.0,4.047358916,1.0
6290,4.140323188,1.0,33.792251101,1.0
6291,4.140323188,1.0,67.285382519,1.0
6292,4.140323188,1.0,14.256756103,1.0
6293,4.140323188,1.0,4.193289994,1.0
6294,4.140323188,1.0,22.78146695,1.0
6295,4.140323188,1.0,9.643040622,1.0
6296,4.140323188,1.0,5.142898705,1.0
6297,4.140323188,1.0,6.394778045,1.0
6298,4.140323188,1.0,18.996217281,1.0
6299,4.140323188,1.0,3.87276971,1.0
6300,4.140323188,1.0,12.671115978,1.0
6301,4.140323188,1.0,3.350238297,1.0
6302,4.140323188,1.0,4.045987677,1.0
6303,4.140323188,1.0,5.847750914,1.0
6304,4.140323188,1.0,15.149110824,1.0
6305,4.140323188,1.0,5.996384101,1.0
6306,4.140323188,1.0,7.900750518,1.0
6307,4.140323188,1.0,5.447870108,1.0
6308,4.140323188,1.0,4.207592557,1.0
6309,4.140323188,1.0,18.99975294,1.0
6310,4.140323188,1.0,3.836845692,1.0
6311,4.140323188,1.0,12.307254829,1.0
6312,4.140323188,1.0,12.780643481,1.0
6313,4.140323188,1.0,5.2300594,1.0
6314,10.744893785,0.0,33.792251101,1.0
6315,10.744893785,0.0,13.86957637,1.0
6316,10.744893785,0.0,73.678253805,0.0
6317,10.744893785,0.0,12.155923652,0.0
6318,10.744893785,0.0,7.048802068,0.0
6319,10.744893785,0.0,26.853872834,0.0
6320,10.744893785,0.0,2.962675292,0.0
6321,10.744893785,0.0,6.319002241,0.0
6322,30.150731299,1.0,33.792251101,1.0
6323,30.150731299,1.0,18.011624075,1.0
6324,30.150731299,1.0,52.454679661,1.0
6325,30.150731299,1.0,12.10266456,1.0
6326,30.150731299,1.0,3.660314357,1.0
6327,30.150731299,1.0,46.94762608,1.0
6328,30.150731299,1.0,49.330409711,1.0
6329,30.150731299,1.0,12.307254829,1.0
6330,30.150731299,1.0,24.186224197,1.0
6331,30.150731299,1.0,45.854721033,1.0
6332,30.150731299,1.0,30.637355167,1.0
6333,30.150731299,1.0,112.099655851,1.0
6334,30.150731299,1.0,3.581472819,1.0
6335,30.150731299,1.0,12.715212237,1.0
6336,30.150731299,1.0,29.988838829,1.0
6337,30.150731299,1.0,26.111237618,1.0
6338,30.150731299,1.0,35.190700103,1.0
6339,30.150731299,1.0,27.889315576,1.0
6340,30.150731299,1.0,24.65499671,1.0
6341,30.150731299,1.0,22.38547886,1.0
6342,30.150731299,1.0,6.542005117,1.0
6343,0.5816461023,1.0,33.792251101,1.0
6344,0.5816461023,1.0,13.61728709,1.0
6345,0.5816461023,1.0,2.203857633,1.0
6346,0.5816461023,1.0,4.860815553,1.0
6347,0.5816461023,1.0,2.2197354,1.0
6348,0.5816461023,1.0,46.94762608,1.0
6349,0.5816461023,1.0,22.78146695,1.0
6350,0.5816461023,1.0,21.342876657,1.0
6351,0.5816461023,1.0,49.330409711,1.0
6352,0.5816461023,1.0,3.87276971,1.0
6353,0.5816461023,1.0,18.99975294,1.0
6354,0.5816461023,1.0,30.150731299,1.0
6355,0.5816461023,1.0,8.843522305,1.0
6356,0.5816461023,1.0,112.099655851,1.0
6357,0.5816461023,1.0,3.581472819,1.0
6358,0.5816461023,1.0,0.8518332926,1.0
6359,0.5816461023,1.0,46.769484107,0.0
6360,0.5816461023,1.0,35.190700103,1.0
6361,0.5816461023,1.0,27.889315576,1.0
6362,0.5816461023,1.0,24.65499671,1.0
6363,0.5816461023,1.0,6.419404649,1.0
6364,0.5816461023,1.0,4.627303628,1.0
6365,0.5816461023,1.0,3.094750764,1.0
6366,0.5816461023,1.0,0.9373078574,1.0
6367,0.5816461023,1.0,147.947753554,1.0
6368,0.5816461023,1.0,22.38547886,1.0
6369,0.5816461023,1.0,4035.268876807,0.0
6370,0.5816461023,1.0,2.072367769,1.0
6371,0.5816461023,1.0,7.862834024,1.0
6372,35.190700103,1.0,33.792251101,1.0
6373,35.190700103,1.0,26.456682526,1.0
6374,35.190700103,1.0,85.602065022,1.0
6375,35.190700103,1.0,52.454679661,1.0
6376,35.190700103,1.0,106.415627612,1.0
6377,35.190700103,1.0,9.496850496,1.0
6378,35.190700103,1.0,3.932857026,1.0
6379,35.190700103,1.0,24.479933455,1.0
6380,35.190700103,1.0,14.639793863,1.0
6381,35.190700103,1.0,5.980333505,1.0
6382,35.190700103,1.0,9.98284207,1.0
6383,35.190700103,1.0,46.94762608,1.0
6384,35.190700103,1.0,21.342876657,1.0
6385,35.190700103,1.0,8.280750395,1.0
6386,35.190700103,1.0,3.697724209,1.0
6387,35.190700103,1.0,21.47320625,1.0
6388,35.190700103,1.0,21.957598551,1.0
6389,35.190700103,1.0,16.746607955,1.0
6390,35.190700103,1.0,6.588528896,1.0
6391,35.190700103,1.0,29.064479699,1.0
6392,35.190700103,1.0,23.163711763,1.0
6393,35.190700103,1.0,49.330409711,1.0
6394,35.190700103,1.0,18.996217281,1.0
6395,35.190700103,1.0,5.525326408,1.0
6396,35.190700103,1.0,25.084860848,0.0
6397,35.190700103,1.0,24.186224197,1.0
6398,35.190700103,1.0,134.232246392,1.0
6399,35.190700103,1.0,45.854721033,1.0
6400,35.190700103,1.0,30.637355167,1.0
6401,35.190700103,1.0,7.308146865,1.0
6402,35.190700103,1.0,112.099655851,1.0
6403,35.190700103,1.0,3.581472819,1.0
6404,35.190700103,1.0,0.5816461023,1.0
6405,35.190700103,1.0,12.715212237,1.0
6406,35.190700103,1.0,8.243241662,1.0
6407,35.190700103,1.0,8.473312072,1.0
6408,35.190700103,1.0,29.988838829,1.0
6409,35.190700103,1.0,26.111237618,1.0
6410,35.190700103,1.0,27.889315576,1.0
6411,35.190700103,1.0,24.65499671,1.0
6412,35.190700103,1.0,6.419404649,1.0
6413,35.190700103,1.0,6.169691432,1.0
6414,35.190700103,1.0,35.503722327,1.0
6415,35.190700103,1.0,39.375745086,1.0
6416,35.190700103,1.0,16.979769685,1.0
6417,35.190700103,1.0,7.834900296,1.0
6418,35.190700103,1.0,147.947753554,1.0
6419,35.190700103,1.0,14.45689817,1.0
6420,35.190700103,1.0,11.778400279,1.0
6421,35.190700103,1.0,22.38547886,1.0
6422,35.190700103,1.0,2.072367769,1.0
6423,35.190700103,1.0,7.862834024,1.0
6424,27.889315576,1.0,33.792251101,1.0
6425,27.889315576,1.0,49.330409711,1.0
6426,27.889315576,1.0,8.45860943,1.0
6427,27.889315576,1.0,18.996217281,1.0
6428,27.889315576,1.0,20.418653862,1.0
6429,27.889315576,1.0,14.040953069,1.0
6430,27.889315576,1.0,7.076362169,1.0
6431,27.889315576,1.0,24.186224197,1.0
6432,27.889315576,1.0,45.854721033,1.0
6433,27.889315576,1.0,30.150731299,1.0
6434,27.889315576,1.0,30.637355167,1.0
6435,27.889315576,1.0,8.243241662,1.0
6436,27.889315576,1.0,46.769484107,0.0
6437,27.889315576,1.0,35.190700103,1.0
6438,27.889315576,1.0,24.65499671,1.0
6439,27.889315576,1.0,0.8613647712,1.0
6440,24.65499671,1.0,33.792251101,1.0
6441,24.65499671,1.0,85.602065022,1.0
6442,24.65499671,1.0,52.454679661,1.0
6443,24.65499671,1.0,13.092587036,1.0
6444,24.65499671,1.0,3.292996031,1.0
6445,24.65499671,1.0,3.660314357,1.0
6446,24.65499671,1.0,4.817981994,1.0
6447,24.65499671,1.0,23.127912882,1.0
6448,24.65499671,1.0,3.062796437,1.0
6449,24.65499671,1.0,5.971852864,1.0
6450,24.65499671,1.0,2.933391683,1.0
6451,24.65499671,1.0,0.7072698146,1.0
6452,24.65499671,1.0,46.94762608,1.0
6453,24.65499671,1.0,1.64516445,1.0
6454,24.65499671,1.0,3.780783189,1.0
6455,24.65499671,1.0,3.749242153,1.0
6456,24.65499671,1.0,25.698336533,1.0
6457,24.65499671,1.0,2.942608565,1.0
6458,24.65499671,1.0,5.466959489,1.0
6459,24.65499671,1.0,6.588528896,1.0
6460,24.65499671,1.0,9.515976293,1.0
6461,24.65499671,1.0,49.330409711,1.0
6462,24.65499671,1.0,10.349034039,1.0
6463,24.65499671,1.0,18.996217281,1.0
6464,24.65499671,1.0,6.396409402,1.0
6465,24.65499671,1.0,2.49777588,1.0
6466,24.65499671,1.0,1.237786255,1.0
6467,24.65499671,1.0,5.105516935,1.0
6468,24.65499671,1.0,2.028386934,1.0
6469,24.65499671,1.0,4.047135063,0.0
6470,24.65499671,1.0,6.321361477,1.0
6471,24.65499671,1.0,23.450551653,1.0
6472,24.65499671,1.0,6.878149792,1.0
6473,24.65499671,1.0,6.415927604,1.0
6474,24.65499671,1.0,10.41981138,1.0
6475,24.65499671,1.0,41.055354934,1.0
6476,24.65499671,1.0,45.854721033,1.0
6477,24.65499671,1.0,30.150731299,1.0
6478,24.65499671,1.0,30.637355167,1.0
6479,24.65499671,1.0,60.547022425,0.0
6480,24.65499671,1.0,112.099655851,1.0
6481,24.65499671,1.0,3.581472819,1.0
6482,24.65499671,1.0,0.8518332926,1.0
6483,24.65499671,1.0,0.5816461023,1.0
6484,24.65499671,1.0,12.715212237,1.0
6485,24.65499671,1.0,8.243241662,1.0
6486,24.65499671,1.0,8.473312072,1.0
6487,24.65499671,1.0,29.988838829,1.0
6488,24.65499671,1.0,46.769484107,0.0
6489,24.65499671,1.0,26.111237618,1.0
6490,24.65499671,1.0,35.190700103,1.0
6491,24.65499671,1.0,27.889315576,1.0
6492,24.65499671,1.0,6.419404649,1.0
6493,24.65499671,1.0,2.947136582,1.0
6494,24.65499671,1.0,30.198302233,1.0
6495,24.65499671,1.0,147.947753554,1.0
6496,24.65499671,1.0,1.400644306,1.0
6497,24.65499671,1.0,205.461120806,1.0
6498,24.65499671,1.0,11.778400279,1.0
6499,24.65499671,1.0,22.38547886,1.0
6500,24.65499671,1.0,2.072367769,1.0
6501,4.895174175,1.0,33.792251101,1.0
6502,4.895174175,1.0,13.61728709,1.0
6503,4.895174175,1.0,13.86957637,1.0
6504,4.895174175,1.0,5.95779745,1.0
6505,4.895174175,1.0,3.292996031,1.0
6506,4.895174175,1.0,1.618033423,1.0
6507,4.895174175,1.0,13.012196231,1.0
6508,4.895174175,1.0,3.494992531,1.0
6509,4.895174175,1.0,3.901493385,1.0
6510,4.895174175,1.0,10.845083849,1.0
6511,4.895174175,1.0,33.529472225,1.0
6512,4.895174175,1.0,2.526151503,1.0
6513,4.895174175,1.0,2.138567555,1.0
6514,4.895174175,1.0,6.205428816,1.0
6515,4.895174175,1.0,5.096383561,1.0
6516,22.38547886,1.0,33.792251101,1.0
6517,22.38547886,1.0,85.602065022,1.0
6518,22.38547886,1.0,46.94762608,1.0
6519,22.38547886,1.0,23.163711763,1.0
6520,22.38547886,1.0,49.330409711,1.0
6521,22.38547886,1.0,18.996217281,1.0
6522,22.38547886,1.0,24.186224197,1.0
6523,22.38547886,1.0,45.854721033,1.0
6524,22.38547886,1.0,112.099655851,1.0
6525,22.38547886,1.0,3.581472819,1.0
6526,22.38547886,1.0,8.473312072,1.0
6527,22.38547886,1.0,29.988838829,1.0
6528,22.38547886,1.0,35.190700103,1.0
6529,22.38547886,1.0,24.65499671,1.0
6530,22.38547886,1.0,6.419404649,1.0
6531,22.38547886,1.0,80.515084524,1.0
6532,22.38547886,1.0,147.947753554,1.0
6533,22.38547886,1.0,14.45689817,1.0
6534,22.38547886,1.0,11.778400279,1.0
6535,22.38547886,1.0,13.219212113,1.0
6536,6.208512798,1.0,33.792251101,1.0
6537,6.208512798,1.0,18.95354209,1.0
6538,6.208512798,1.0,1.516380213,1.0
6539,6.208512798,1.0,17.625436226,1.0
6540,6.208512798,1.0,8.170173078,1.0
6541,6.208512798,1.0,15.733724505,1.0
6542,6.208512798,1.0,2.018705924,1.0
6543,6.208512798,1.0,20.540037372,1.0
6544,6.208512798,1.0,12.876687905,1.0
6545,6.208512798,1.0,0.9994807523,1.0
6546,6.208512798,1.0,2.982104604,1.0
6547,6.208512798,1.0,6.17753814,1.0
6548,6.208512798,1.0,13.675393622,1.0
6549,13.61728709,1.0,13.056317027,1.0
6550,13.61728709,1.0,67.285382519,1.0
6551,13.61728709,1.0,52.454679661,1.0
6552,13.61728709,1.0,13.86957637,1.0
6553,13.61728709,1.0,5.95779745,1.0
6554,13.61728709,1.0,3.292996031,1.0
6555,13.61728709,1.0,1.618033423,1.0
6556,13.61728709,1.0,13.012196231,1.0
6557,13.61728709,1.0,3.494992531,1.0
6558,13.61728709,1.0,3.901493385,1.0
6559,13.61728709,1.0,40.880111633,0.0
6560,13.61728709,1.0,40.90551563,1.0
6561,13.61728709,1.0,7.500010293,1.0
6562,13.61728709,1.0,9.557871275,1.0
6563,13.61728709,1.0,4.557235008,1.0
6564,13.61728709,1.0,10.845083849,1.0
6565,13.61728709,1.0,0.9830764551,1.0
6566,13.61728709,1.0,15.733724505,1.0
6567,13.61728709,1.0,4.168654522,1.0
6568,13.61728709,1.0,8.177023242,0.0
6569,13.61728709,1.0,2.257905961,1.0
6570,13.61728709,1.0,5.971852864,1.0
6571,13.61728709,1.0,22.78146695,1.0
6572,13.61728709,1.0,17.926035137,0.0
6573,13.61728709,1.0,7.748182289,1.0
6574,13.61728709,1.0,8.295439778,1.0
6575,13.61728709,1.0,8.068554411,1.0
6576,13.61728709,1.0,2.526151503,1.0
6577,13.61728709,1.0,2.138567555,1.0
6578,13.61728709,1.0,6.205428816,1.0
6579,13.61728709,1.0,16.462756475,1.0
6580,13.61728709,1.0,9.011999131,1.0
6581,13.61728709,1.0,0.4257586632,1.0
6582,13.61728709,1.0,37.938945266,1.0
6583,13.61728709,1.0,29.988838829,1.0
6584,13.61728709,1.0,4.627303628,1.0
6585,13.61728709,1.0,4.818576649,1.0
6586,13.61728709,1.0,8.32811975,1.0
6587,13.61728709,1.0,5.648012104,1.0
6588,13.61728709,1.0,9.74202609,1.0
6589,13.61728709,1.0,2.045388125,1.0
6590,13.61728709,1.0,10.397099174,1.0
6591,13.61728709,1.0,4.895174175,1.0
6592,13.61728709,1.0,6.954165906,1.0
6593,13.61728709,1.0,19.300014971,1.0
6594,13.61728709,1.0,13.675393622,1.0
6595,5.078284966,1.0,13.056317027,1.0
6596,5.078284966,1.0,0.6476473379,1.0
6597,5.078284966,1.0,22.431469976,0.0
6598,6.394778045,1.0,13.056317027,1.0
6599,6.394778045,1.0,9.400666164,1.0
6600,6.394778045,1.0,12.876687905,1.0
6601,6.394778045,1.0,5.951084905,1.0
6602,6.394778045,1.0,2.2197354,1.0
6603,6.394778045,1.0,9.643040622,1.0
6604,6.394778045,1.0,5.142898705,1.0
6605,6.394778045,1.0,15.776847279,1.0
6606,6.394778045,1.0,33.569029236,1.0
6607,6.394778045,1.0,18.996217281,1.0
6608,6.394778045,1.0,6.884917469,1.0
6609,6.394778045,1.0,3.87276971,1.0
6610,6.394778045,1.0,18.195908064,1.0
6611,6.394778045,1.0,12.671115978,1.0
6612,6.394778045,1.0,6.782565889,1.0
6613,6.394778045,1.0,9.71155112,1.0
6614,6.394778045,1.0,18.00089822,1.0
6615,6.394778045,1.0,11.57419617,1.0
6616,6.394778045,1.0,5.506224572,1.0
6617,6.394778045,1.0,5.847750914,1.0
6618,6.394778045,1.0,5.996384101,1.0
6619,6.394778045,1.0,3.559635685,1.0
6620,6.394778045,1.0,3.767829505,1.0
6621,6.394778045,1.0,3.191550099,1.0
6622,6.394778045,1.0,18.99975294,1.0
6623,6.394778045,1.0,3.836845692,1.0
6624,6.394778045,1.0,9.011999131,1.0
6625,6.394778045,1.0,19.845513323,1.0
6626,6.394778045,1.0,3.094750764,1.0
6627,6.394778045,1.0,7.834900296,1.0
6628,6.394778045,1.0,3.923454175,1.0
6629,3.87276971,1.0,13.056317027,1.0
6630,3.87276971,1.0,2.2197354,1.0
6631,3.87276971,1.0,9.643040622,1.0
6632,3.87276971,1.0,5.142898705,1.0
6633,3.87276971,1.0,11.809729744,1.0
6634,3.87276971,1.0,33.569029236,1.0
6635,3.87276971,1.0,6.394778045,1.0
6636,3.87276971,1.0,18.996217281,1.0
6637,3.87276971,1.0,19.806237448,1.0
6638,3.87276971,1.0,20.418653862,1.0
6639,3.87276971,1.0,18.195908064,1.0
6640,3.87276971,1.0,3.350238297,1.0
6641,3.87276971,1.0,5.506224572,1.0
6642,3.87276971,1.0,5.847750914,1.0
6643,3.87276971,1.0,15.149110824,1.0
6644,3.87276971,1.0,5.996384101,1.0
6645,3.87276971,1.0,18.341066883,1.0
6646,3.87276971,1.0,3.961920632,1.0
6647,3.87276971,1.0,13.574966657,1.0
6648,3.87276971,1.0,5.447870108,1.0
6649,3.87276971,1.0,3.560045955,1.0
6650,3.87276971,1.0,18.99975294,1.0
6651,3.87276971,1.0,3.836845692,1.0
6652,3.87276971,1.0,5.840658135,1.0
6653,3.87276971,1.0,16.462756475,1.0
6654,3.87276971,1.0,9.011999131,1.0
6655,3.87276971,1.0,134.232246392,1.0
6656,3.87276971,1.0,4.018046527,1.0
6657,3.87276971,1.0,91.156961989,1.0
6658,5.382430013,1.0,13.056317027,1.0
6659,5.382430013,1.0,24.16940176,1.0
6660,5.382430013,1.0,2.294374038,1.0
6661,5.382430013,1.0,3.66616111,1.0
6662,7.9903188,1.0,13.056317027,1.0
6663,7.9903188,1.0,18.95354209,1.0
6664,7.9903188,1.0,0.6024504423,1.0
6665,7.9903188,1.0,6.05151979,1.0
6666,7.9903188,1.0,22.680958327,1.0
6667,7.9903188,1.0,6.696029248,1.0
6668,7.9903188,1.0,8.188774877,1.0
6669,7.9903188,1.0,28.598737411,1.0
6670,7.9903188,1.0,6.884917469,1.0
6671,7.9903188,1.0,19.806237448,1.0
6672,7.9903188,1.0,1.461947367,1.0
6673,7.9903188,1.0,20.418653862,1.0
6674,7.9903188,1.0,6.086591474,1.0
6675,7.9903188,1.0,8.295439778,1.0
6676,7.9903188,1.0,14.040953069,1.0
6677,7.9903188,1.0,5.237392338,1.0
6678,7.9903188,1.0,12.314548823,1.0
6679,7.9903188,1.0,23.390458917,1.0
6680,7.9903188,1.0,18.341066883,1.0
6681,7.9903188,1.0,3.177860741,1.0
6682,7.9903188,1.0,8.068554411,1.0
6683,7.9903188,1.0,10.861725655,1.0
6684,7.9903188,1.0,4.207592557,1.0
6685,7.9903188,1.0,4.76171626,1.0
6686,7.9903188,1.0,18.855302324,1.0
6687,7.9903188,1.0,8.988959255,1.0
6688,7.9903188,1.0,0.8613647712,1.0
6689,7.9903188,1.0,1.200808632,1.0
6690,7.9903188,1.0,7.954241052,1.0
6691,7.605207699,0.0,24.393075621,0.0
6692,7.605207699,0.0,6.396811195,0.0
6693,7.605207699,0.0,9.211966518,0.0
6694,7.605207699,0.0,35.374851173,0.0
6695,7.605207699,0.0,26.668067758,0.0
6696,7.605207699,0.0,6.247337911,0.0
6697,7.605207699,0.0,8.149136421,0.0
6698,7.605207699,0.0,8.394491298,0.0
6699,26.964553761,0.0,24.393075621,0.0
6700,26.964553761,0.0,13.731164167,0.0
6701,26.964553761,0.0,29.277283858,0.0
6702,26.964553761,0.0,25.448562517,0.0
6703,26.964553761,0.0,25.282307688,0.0
6704,26.964553761,0.0,233.692864157,0.0
6705,26.964553761,0.0,25.388131117,0.0
6706,26.964553761,0.0,16.171154926,0.0
6707,26.964553761,0.0,2.937167089,0.0
6708,26.964553761,0.0,5.810539423,0.0
6709,26.964553761,0.0,4.453474372,0.0
6710,26.964553761,0.0,3.738556716,0.0
6711,26.964553761,0.0,4.20148694,0.0
6712,26.964553761,0.0,10.545807272,0.0
6713,26.964553761,0.0,39.186740427,0.0
6714,26.964553761,0.0,5.943829326,0.0
6715,26.964553761,0.0,26.951913011,0.0
6716,26.964553761,0.0,87.232541053,0.0
6717,26.964553761,0.0,11.725027097,0.0
6718,26.964553761,0.0,18.425664971,0.0
6719,26.964553761,0.0,76.190513876,0.0
6720,26.964553761,0.0,166.229730993,0.0
6721,26.964553761,0.0,7.228822587,1.0
6722,26.964553761,0.0,6.29389923,0.0
6723,26.964553761,0.0,149.102088463,0.0
6724,26.964553761,0.0,13.40154723,0.0
6725,26.964553761,0.0,13.463816358,0.0
6726,26.964553761,0.0,27.455093588,0.0
6727,26.964553761,0.0,8.149810633,0.0
6728,26.964553761,0.0,7.574758381,0.0
6729,0.4707752792,0.0,24.393075621,0.0
6730,16.860865597,0.0,24.393075621,0.0
6731,16.860865597,0.0,40.806273654,0.0
6732,16.860865597,0.0,59.079085118,0.0
6733,16.860865597,0.0,16.222318711,0.0
6734,16.860865597,0.0,41.586679644,0.0
6735,16.860865597,0.0,11.111467247,0.0
6736,16.860865597,0.0,4.149862316,0.0
6737,16.860865597,0.0,6.832421315,0.0
6738,16.860865597,0.0,35.296213123,0.0
6739,16.860865597,0.0,10.566632909,0.0
6740,16.860865597,0.0,14.272640522,0.0
6741,6.008748456,1.0,24.393075621,0.0
6742,6.008748456,1.0,1.681462384,1.0
6743,6.008748456,1.0,153.378432818,1.0
6744,6.008748456,1.0,15.733724505,1.0
6745,6.008748456,1.0,9.515976293,1.0
6746,6.008748456,1.0,18.521265883,1.0
6747,6.008748456,1.0,6.396409402,1.0
6748,6.008748456,1.0,30.150731299,1.0
6749,6.008748456,1.0,3.24512057,1.0
6750,6.008748456,1.0,9.74202609,1.0
6751,6.008748456,1.0,5.538429016,1.0
6752,6.008748456,1.0,39.845944866,1.0
6753,10.85465712,0.0,7.827958431,0.0
6754,10.85465712,0.0,25.448562517,0.0
6755,10.85465712,0.0,16.171154926,0.0
6756,10.85465712,0.0,4.20148694,0.0
6757,10.85465712,0.0,3.530931163,0.0
6758,10.85465712,0.0,39.186740427,0.0
6759,10.85465712,0.0,9.231275489,0.0
6760,10.85465712,0.0,19.802798823,0.0
6761,10.85465712,0.0,5.943829326,0.0
6762,10.85465712,0.0,8.543727113,0.0
6763,10.85465712,0.0,4.419433878,0.0
6764,10.85465712,0.0,26.951913011,0.0
6765,10.85465712,0.0,76.190513876,0.0
6766,10.85465712,0.0,166.229730993,0.0
6767,10.85465712,0.0,13.463816358,0.0
6768,10.85465712,0.0,9.5496673,0.0
6769,2.747009708,0.0,16.845346518,0.0
6770,2.747009708,0.0,40.806273654,0.0
6771,2.747009708,0.0,7.975307176,0.0
6772,2.747009708,0.0,5.646775288,0.0
6773,2.747009708,0.0,28.217529498,0.0
6774,2.747009708,0.0,8.127332825,0.0
6775,2.747009708,0.0,25.448562517,0.0
6776,2.747009708,0.0,13.248713101,0.0
6777,2.747009708,0.0,6.182939494,0.0
6778,2.747009708,0.0,16.287463056,0.0
6779,2.747009708,0.0,12.978928314,0.0
6780,2.747009708,0.0,2.484388825,0.0
6781,2.747009708,0.0,13.897177181,0.0
6782,2.747009708,0.0,4.149862316,0.0
6783,2.747009708,0.0,9.026330067,0.0
6784,2.747009708,0.0,11.725027097,0.0
6785,2.747009708,0.0,18.425664971,0.0
6786,2.747009708,0.0,76.190513876,0.0
6787,2.747009708,0.0,12.509848057,0.0
6788,2.747009708,0.0,2.430209341,0.0
6789,2.747009708,0.0,9.807544254,0.0
6790,2.747009708,0.0,1.263600825,0.0
6791,2.747009708,0.0,23.987825038,0.0
6792,11.880284756,0.0,16.845346518,0.0
6793,11.880284756,0.0,160.643460126,0.0
6794,11.880284756,0.0,58.498875788,0.0
6795,11.880284756,0.0,54.060981584,0.0
6796,11.880284756,0.0,6.622420641,0.0
6797,11.880284756,0.0,76.793154575,0.0
6798,11.880284756,0.0,10.097082761,0.0
6799,11.880284756,0.0,295.16389399,0.0
6800,11.880284756,0.0,0.6388509744,0.0
6801,11.880284756,0.0,16.145555989,0.0
6802,11.880284756,0.0,5.45868123,0.0
6803,11.880284756,0.0,4.596529154,0.0
6804,11.880284756,0.0,42.366921432,0.0
6805,11.880284756,0.0,1.397456493,0.0
6806,11.880284756,0.0,5.017394453,0.0
6807,11.880284756,0.0,17.826140434,0.0
6808,11.880284756,0.0,10.748929206,0.0
6809,2.193332663,0.0,16.845346518,0.0
6810,9.806029991,0.0,16.845346518,0.0
6811,9.806029991,0.0,6.832421315,0.0
6812,9.806029991,0.0,28.221062884,0.0
6813,9.806029991,0.0,55.798294359,0.0
6814,9.806029991,0.0,15.731819137,0.0
6815,8.655831002,0.0,40.806273654,0.0
6816,8.655831002,0.0,9.727860711,0.0
6817,8.655831002,0.0,10.603153598,0.0
6818,8.655831002,0.0,6.182939494,0.0
6819,8.655831002,0.0,17.926035137,0.0
6820,8.655831002,0.0,4.149862316,0.0
6821,8.655831002,0.0,23.009498747,1.0
6822,8.655831002,0.0,2.747009708,0.0
6823,8.655831002,0.0,55.798294359,0.0
6824,7.975307176,0.0,40.806273654,0.0
6825,7.975307176,0.0,5.501297319,0.0
6826,7.975307176,0.0,28.8446437,0.0
6827,7.975307176,0.0,18.037301542,0.0
6828,7.975307176,0.0,20.958528648,0.0
6829,7.975307176,0.0,2.484388825,0.0
6830,7.975307176,0.0,4.149862316,0.0
6831,7.975307176,0.0,11.802286831,0.0
6832,7.975307176,0.0,9.026330067,0.0
6833,7.975307176,0.0,166.229730993,0.0
6834,5.646775288,0.0,40.806273654,0.0
6835,5.646775288,0.0,13.731164167,0.0
6836,5.646775288,0.0,7.975307176,0.0
6837,5.646775288,0.0,23.004257875,0.0
6838,5.646775288,0.0,28.8446437,0.0
6839,5.646775288,0.0,6.182939494,0.0
6840,5.646775288,0.0,2.643690724,0.0
6841,5.646775288,0.0,2.484388825,0.0
6842,5.646775288,0.0,4.149862316,0.0
6843,5.646775288,0.0,11.802286831,0.0
6844,5.646775288,0.0,3.372868411,0.0
6845,5.646775288,0.0,19.142118001,1.0
6846,5.646775288,0.0,2.747009708,0.0
6847,5.646775288,0.0,12.509848057,0.0
6848,5.646775288,0.0,13.387590061,0.0
6849,5.646775288,0.0,35.296213123,0.0
6850,5.646775288,0.0,55.798294359,0.0
6851,5.646775288,0.0,6.783354446,0.0
6852,19.860000042,0.0,40.806273654,0.0
6853,19.860000042,0.0,8.506738594,0.0
6854,19.860000042,0.0,22.81080816,0.0
6855,19.860000042,0.0,25.361404636,0.0
6856,19.860000042,0.0,13.352047978,0.0
6857,19.860000042,0.0,32.512744515,0.0
6858,6.182939494,0.0,40.806273654,0.0
6859,6.182939494,0.0,8.655831002,0.0
6860,6.182939494,0.0,82.132467318,0.0
6861,6.182939494,0.0,5.646775288,0.0
6862,6.182939494,0.0,2.484388825,0.0
6863,6.182939494,0.0,2.57837258,0.0
6864,6.182939494,0.0,4.149862316,0.0
6865,6.182939494,0.0,233.692864157,0.0
6866,6.182939494,0.0,166.229730993,0.0
6867,6.182939494,0.0,2.747009708,0.0
6868,6.182939494,0.0,12.509848057,0.0
6869,6.182939494,0.0,13.352047978,0.0
6870,6.182939494,0.0,11.453611597,0.0
6871,2.484388825,0.0,40.806273654,0.0
6872,2.484388825,0.0,5.646775288,0.0
6873,2.484388825,0.0,23.004257875,0.0
6874,2.484388825,0.0,6.182939494,0.0
6875,2.484388825,0.0,8.825953266,0.0
6876,2.484388825,0.0,5.876945072,0.0
6877,2.484388825,0.0,4.149862316,0.0
6878,2.484388825,0.0,36.885952822,0.0
6879,2.484388825,0.0,6.832421315,0.0
6880,2.484388825,0.0,18.425664971,0.0
6881,2.484388825,0.0,2.747009708,0.0
6882,2.484388825,0.0,11.453611597,0.0
6883,2.484388825,0.0,69.232611588,0.0
6884,2.484388825,0.0,15.731819137,0.0
6885,2.484388825,0.0,9.807544254,0.0
6886,2.484388825,0.0,1.263600825,0.0
6887,2.484388825,0.0,23.987825038,0.0
6888,8.825953266,0.0,40.806273654,0.0
6889,8.825953266,0.0,5.501297319,0.0
6890,8.825953266,0.0,16.222318711,0.0
6891,8.825953266,0.0,28.217529498,0.0
6892,8.825953266,0.0,17.956236976,0.0
6893,8.825953266,0.0,8.506738594,0.0
6894,8.825953266,0.0,3.826735763,0.0
6895,8.825953266,0.0,8.892842635,0.0
6896,8.825953266,0.0,15.731819137,0.0
6897,8.825953266,0.0,9.807544254,0.0
6898,2.57837258,0.0,40.806273654,0.0
6899,2.57837258,0.0,5.695326751,0.0
6900,2.57837258,0.0,6.856312521,0.0
6901,2.57837258,0.0,23.004257875,0.0
6902,2.57837258,0.0,17.926035137,0.0
6903,2.57837258,0.0,56.948170242,0.0
6904,2.57837258,0.0,4.149862316,0.0
6905,11.111467247,0.0,40.806273654,0.0
6906,11.111467247,0.0,2.643690724,0.0
6907,11.111467247,0.0,14.773132849,0.0
6908,11.111467247,0.0,63.666383596,0.0
6909,11.111467247,0.0,41.586679644,0.0
6910,11.111467247,0.0,11.174951279,0.0
6911,11.111467247,0.0,6.832421315,0.0
6912,11.111467247,0.0,10.566632909,0.0
6913,11.111467247,0.0,4.440663079,0.0
6914,22.81080816,0.0,40.806273654,0.0
6915,22.81080816,0.0,25.361404636,0.0
6916,22.81080816,0.0,13.352047978,0.0
6917,4.149862316,0.0,40.806273654,0.0
6918,4.149862316,0.0,5.695326751,0.0
6919,4.149862316,0.0,5.646775288,0.0
6920,4.149862316,0.0,28.217529498,0.0
6921,4.149862316,0.0,6.182939494,0.0
6922,4.149862316,0.0,17.926035137,0.0
6923,4.149862316,0.0,14.773132849,0.0
6924,4.149862316,0.0,2.484388825,0.0
6925,4.149862316,0.0,2.57837258,0.0
6926,4.149862316,0.0,27.886746336,0.0
6927,4.149862316,0.0,11.025930702,0.0
6928,4.149862316,0.0,9.722560875,0.0
6929,4.149862316,0.0,3.826735763,0.0
6930,4.149862316,0.0,2.747009708,0.0
6931,4.149862316,0.0,12.509848057,0.0
6932,4.149862316,0.0,4.609646425,0.0
6933,4.149862316,0.0,13.352047978,0.0
6934,4.149862316,0.0,9.807544254,0.0
6935,4.149862316,0.0,10.526478734,0.0
6936,4.149862316,0.0,21.722429847,0.0
6937,4.65900742,0.0,40.806273654,0.0
6938,4.65900742,0.0,11.174951279,0.0
6939,4.65900742,0.0,22.81080816,0.0
6940,34.599385905,0.0,40.806273654,0.0
6941,34.599385905,0.0,59.079085118,0.0
6942,34.599385905,0.0,82.132467318,0.0
6943,34.599385905,0.0,31.940000062,0.0
6944,34.599385905,0.0,6.125094563,0.0
6945,34.599385905,0.0,63.666383596,0.0
6946,34.599385905,0.0,9.236775305,0.0
6947,34.599385905,0.0,10.85465712,0.0
6948,34.599385905,0.0,166.229730993,0.0
6949,34.599385905,0.0,9.567472154,0.0
6950,34.599385905,0.0,13.387590061,0.0
6951,34.599385905,0.0,28.141081071,0.0
6952,34.599385905,0.0,8.470417781,0.0
6953,34.599385905,0.0,20.12950993,0.0
6954,10.566632909,0.0,40.806273654,0.0
6955,10.566632909,0.0,59.079085118,0.0
6956,10.566632909,0.0,8.372930307,0.0
6957,10.566632909,0.0,11.111467247,0.0
6958,10.566632909,0.0,27.886746336,0.0
6959,10.566632909,0.0,10.939069804,0.0
6960,10.566632909,0.0,8.149810633,0.0
6961,10.566632909,0.0,15.731819137,0.0
6962,10.566632909,0.0,21.722429847,0.0
6963,6.783354446,0.0,40.806273654,0.0
6964,6.783354446,0.0,16.174970412,0.0
6965,6.783354446,0.0,10.278703297,0.0
6966,6.783354446,0.0,6.29389923,0.0
6967,6.783354446,0.0,16.471802076,0.0
6968,6.783354446,0.0,5.995095603,0.0
6969,6.783354446,0.0,56.533506932,0.0
6970,6.783354446,0.0,15.731819137,0.0
6971,9.807544254,0.0,40.806273654,0.0
6972,9.807544254,0.0,9.727860711,0.0
6973,9.807544254,0.0,13.731164167,0.0
6974,9.807544254,0.0,52.842355823,0.0
6975,9.807544254,0.0,28.217529498,0.0
6976,9.807544254,0.0,2.747009708,0.0
6977,9.807544254,0.0,13.352047978,0.0
6978,9.807544254,0.0,5.168069309,0.0
6979,9.807544254,0.0,17.030533555,0.0
6980,9.807544254,0.0,21.568777428,0.0
6981,9.807544254,0.0,15.731819137,0.0
6982,9.807544254,0.0,11.223514879,0.0
6983,9.807544254,0.0,10.526478734,0.0
6984,9.807544254,0.0,11.769430661,0.0
6985,9.807544254,0.0,1.263600825,0.0
6986,11.223514879,0.0,40.806273654,0.0
6987,11.223514879,0.0,8.372930307,0.0
6988,11.223514879,0.0,17.167266676,0.0
6989,11.223514879,0.0,17.635672416,0.0
6990,11.223514879,0.0,9.807544254,0.0
6991,11.223514879,0.0,10.526478734,0.0
6992,11.223514879,0.0,21.722429847,0.0
6993,11.223514879,0.0,4.440663079,0.0
6994,11.223514879,0.0,1.263600825,0.0
6995,11.223514879,0.0,37.446974395,0.0
6996,12.142662257,0.0,59.079085118,0.0
6997,12.142662257,0.0,13.731164167,0.0
6998,12.142662257,0.0,5.695326751,0.0
6999,12.142662257,0.0,7.975307176,0.0
7000,12.142662257,0.0,20.30924553,0.0
7001,12.142662257,0.0,1.263600825,0.0
7002,28.8446437,0.0,59.079085118,0.0
7003,28.8446437,0.0,13.731164167,0.0
7004,28.8446437,0.0,7.975307176,0.0
7005,28.8446437,0.0,9.048977587,0.0
7006,28.8446437,0.0,24.747524022,0.0
7007,28.8446437,0.0,10.005926663,0.0
7008,28.8446437,0.0,233.692864157,0.0
7009,28.8446437,0.0,37.446974395,0.0
7010,3.793613388,0.0,59.079085118,0.0
7011,3.793613388,0.0,5.564357532,0.0
7012,70.32919481,0.0,59.079085118,0.0
7013,70.32919481,0.0,82.132467318,0.0
7014,70.32919481,0.0,41.586679644,0.0
7015,70.32919481,0.0,10.321111206,0.0
7016,61.033765457,0.0,59.079085118,0.0
7017,61.033765457,0.0,11.958363872,1.0
7018,61.033765457,0.0,17.546131361,1.0
7019,61.033765457,0.0,75.77402169,0.0
7020,61.033765457,0.0,34.366867977,0.0
7021,61.033765457,0.0,31.803689946,0.0
7022,61.033765457,0.0,8.552039371,0.0
7023,61.033765457,0.0,52.842355823,0.0
7024,61.033765457,0.0,233.692864157,0.0
7025,61.033765457,0.0,76.190513876,0.0
7026,61.033765457,0.0,5.216691528,0.0
7027,61.033765457,0.0,35.374851173,0.0
7028,61.033765457,0.0,8.149136421,0.0
7029,61.033765457,0.0,8.394491298,0.0
7030,61.033765457,0.0,8.888795637,0.0
7031,61.033765457,0.0,137.59031023,0.0
7032,61.033765457,0.0,2.910530256,0.0
7033,61.033765457,0.0,2.999128797,0.0
7034,61.033765457,0.0,28.141081071,0.0
7035,61.033765457,0.0,27.455093588,0.0
7036,61.033765457,0.0,10.51791993,0.0
7037,61.033765457,0.0,8.445477148,0.0
7038,61.033765457,0.0,0.3965622529,0.0
7039,110.667774495,0.0,59.079085118,0.0
7040,110.667774495,0.0,0.6876478961,0.0
7041,110.667774495,0.0,15.731819137,0.0
7042,110.667774495,0.0,8.762733745,0.0
7043,20.12950993,0.0,59.079085118,0.0
7044,20.12950993,0.0,13.731164167,0.0
7045,20.12950993,0.0,29.277283858,0.0
7046,20.12950993,0.0,28.217529498,0.0
7047,20.12950993,0.0,15.92488598,0.0
7048,20.12950993,0.0,16.174970412,0.0
7049,20.12950993,0.0,27.886746336,0.0
7050,20.12950993,0.0,149.102088463,0.0
7051,20.12950993,0.0,34.599385905,0.0
7052,20.12950993,0.0,56.533506932,0.0
7053,20.12950993,0.0,16.065606367,0.0
7054,20.12950993,0.0,10.937040822,0.0
7055,20.12950993,0.0,87.372172325,0.0
7056,10.939069804,0.0,59.079085118,0.0
7057,10.939069804,0.0,24.747524022,0.0
7058,10.939069804,0.0,69.232611588,0.0
7059,10.939069804,0.0,15.245224461,0.0
7060,10.939069804,0.0,10.566632909,0.0
7061,10.939069804,0.0,16.860865597,0.0
7062,10.939069804,0.0,14.272640522,0.0
7063,10.939069804,0.0,10.321111206,0.0
7064,6.56006233,0.0,59.079085118,0.0
7065,6.56006233,0.0,0.04929124894,0.0
7066,6.56006233,0.0,28.217529498,0.0
7067,6.56006233,0.0,2.51585858,0.0
7068,6.56006233,0.0,34.599385905,0.0
7069,6.56006233,0.0,19.854018686,0.0
7070,6.56006233,0.0,21.568777428,0.0
7071,6.56006233,0.0,56.533506932,0.0
7072,6.56006233,0.0,10.135838774,0.0
7073,10.135838774,0.0,59.079085118,0.0
7074,10.135838774,0.0,13.248713101,0.0
7075,10.135838774,0.0,15.245224461,0.0
7076,10.135838774,0.0,32.512744515,0.0
7077,10.135838774,0.0,56.533506932,0.0
7078,10.135838774,0.0,4.043467304,0.0
7079,16.261504351,0.0,59.079085118,0.0
7080,16.261504351,0.0,12.142662257,0.0
7081,16.261504351,0.0,15.92488598,0.0
7082,16.261504351,0.0,16.174970412,0.0
7083,16.261504351,0.0,24.870561513,0.0
7084,16.261504351,0.0,15.245224461,0.0
7085,16.261504351,0.0,6.887378238,0.0
7086,16.261504351,0.0,19.854018686,0.0
7087,16.261504351,0.0,21.568777428,0.0
7088,16.261504351,0.0,10.135838774,0.0
7089,16.261504351,0.0,14.272640522,0.0
7090,4.795216828,0.0,112.566095387,0.0
7091,271.31125928,0.0,64.419018463,0.0
7092,271.31125928,0.0,168.492426194,0.0
7093,271.31125928,0.0,416.541829837,0.0
7094,271.31125928,0.0,1206.595111947,0.0
7095,271.31125928,0.0,1154.453958246,0.0
7096,1.863536665,1.0,6.932043301,1.0
7097,1.863536665,1.0,5.843490694,1.0
7098,1.863536665,1.0,2.809630333,1.0
7099,1.863536665,1.0,7.735346804,1.0
7100,1.863536665,1.0,7.095566032,1.0
7101,1.863536665,1.0,12.457716354,1.0
7102,1.863536665,1.0,6.503926579,1.0
7103,1.863536665,1.0,6.5091864,1.0
7104,1.863536665,1.0,29.064479699,1.0
7105,1.863536665,1.0,41.816248515,1.0
7106,1.863536665,1.0,4.449113565,1.0
7107,1.863536665,1.0,17.888502667,1.0
7108,1.863536665,1.0,7.012375128,1.0
7109,1.863536665,1.0,17.275100495,1.0
7110,6.181101777,1.0,6.932043301,1.0
7111,6.181101777,1.0,5.843490694,1.0
7112,6.181101777,1.0,4.800438878,1.0
7113,6.181101777,1.0,11.770692834,1.0
7114,6.181101777,1.0,5.638247624,1.0
7115,6.181101777,1.0,3.909467109,1.0
7116,6.181101777,1.0,12.457716354,1.0
7117,6.181101777,1.0,40.90551563,1.0
7118,6.181101777,1.0,1.55955744,1.0
7119,6.181101777,1.0,8.187427692,1.0
7120,6.181101777,1.0,8.077203943,1.0
7121,6.181101777,1.0,5.951084905,1.0
7122,6.181101777,1.0,4.357638184,1.0
7123,6.181101777,1.0,7.076362169,1.0
7124,6.181101777,1.0,6.218754449,1.0
7125,6.181101777,1.0,4.172027313,1.0
7126,6.181101777,1.0,18.598069279,1.0
7127,6.181101777,1.0,10.056347203,1.0
7128,6.181101777,1.0,5.38214551,1.0
7129,6.181101777,1.0,4.91908351,1.0
7130,6.181101777,1.0,8.063670476,1.0
7131,6.181101777,1.0,0.8053114143,1.0
7132,7.095566032,1.0,6.932043301,1.0
7133,7.095566032,1.0,5.843490694,1.0
7134,7.095566032,1.0,11.770692834,1.0
7135,7.095566032,1.0,3.170768537,1.0
7136,7.095566032,1.0,6.181101777,1.0
7137,7.095566032,1.0,3.321907625,1.0
7138,7.095566032,1.0,1.685633058,1.0
7139,7.095566032,1.0,5.824984678,1.0
7140,7.095566032,1.0,12.10266456,1.0
7141,7.095566032,1.0,12.457716354,1.0
7142,7.095566032,1.0,8.501191644,1.0
7143,7.095566032,1.0,40.90551563,1.0
7144,7.095566032,1.0,14.430824224,1.0
7145,7.095566032,1.0,47.858770666,1.0
7146,7.095566032,1.0,8.187427692,1.0
7147,7.095566032,1.0,12.338558256,1.0
7148,7.095566032,1.0,6.703281844,1.0
7149,7.095566032,1.0,2.666798276,1.0
7150,7.095566032,1.0,4.695983704,1.0
7151,7.095566032,1.0,6.865690139,1.0
7152,7.095566032,1.0,7.674939651,1.0
7153,7.095566032,1.0,2.497470498,1.0
7154,7.095566032,1.0,4.357638184,1.0
7155,7.095566032,1.0,8.123570646,1.0
7156,7.095566032,1.0,11.57419617,1.0
7157,7.095566032,1.0,5.525326408,1.0
7158,7.095566032,1.0,0.7074212895,1.0
7159,7.095566032,1.0,5.38214551,1.0
7160,7.095566032,1.0,17.275100495,1.0
7161,1.685633058,1.0,6.932043301,1.0
7162,1.685633058,1.0,5.843490694,1.0
7163,1.685633058,1.0,11.770692834,1.0
7164,1.685633058,1.0,1.85862259,1.0
7165,1.685633058,1.0,7.095566032,1.0
7166,1.685633058,1.0,5.824984678,1.0
7167,1.685633058,1.0,3.414323425,1.0
7168,1.685633058,1.0,8.501191644,1.0
7169,1.685633058,1.0,6.5091864,1.0
7170,1.685633058,1.0,2.497470498,1.0
7171,1.685633058,1.0,8.988959255,1.0
7172,5.824984678,1.0,6.932043301,1.0
7173,5.824984678,1.0,5.843490694,1.0
7174,5.824984678,1.0,11.770692834,1.0
7175,5.824984678,1.0,6.83799714,1.0
7176,5.824984678,1.0,7.095566032,1.0
7177,5.824984678,1.0,1.685633058,1.0
7178,5.824984678,1.0,12.10266456,1.0
7179,5.824984678,1.0,8.501191644,1.0
7180,5.824984678,1.0,6.703281844,1.0
7181,5.824984678,1.0,5.951084905,1.0
7182,5.824984678,1.0,2.497470498,1.0
7183,5.824984678,1.0,8.020350441,1.0
7184,5.824984678,1.0,22.680958327,1.0
7185,5.824984678,1.0,6.884917469,1.0
7186,5.824984678,1.0,2.401768348,1.0
7187,5.824984678,1.0,4.05226854,1.0
7188,5.824984678,1.0,7.012375128,1.0
7189,5.824984678,1.0,2.531792876,1.0
7190,5.824984678,1.0,1.800603616,1.0
7191,5.824984678,1.0,8.988959255,1.0
7192,5.824984678,1.0,8.612110379,1.0
7193,5.824984678,1.0,17.275100495,1.0
7194,12.10266456,1.0,6.932043301,1.0
7195,12.10266456,1.0,1.863536665,1.0
7196,12.10266456,1.0,5.843490694,1.0
7197,12.10266456,1.0,9.801194355,1.0
7198,12.10266456,1.0,11.770692834,1.0
7199,12.10266456,1.0,7.735346804,1.0
7200,12.10266456,1.0,3.170768537,1.0
7201,12.10266456,1.0,7.095566032,1.0
7202,12.10266456,1.0,7.453538482,0.0
7203,12.10266456,1.0,5.824984678,1.0
7204,12.10266456,1.0,76.104832671,1.0
7205,12.10266456,1.0,14.639793863,1.0
7206,12.10266456,1.0,40.90551563,1.0
7207,12.10266456,1.0,8.187427692,1.0
7208,12.10266456,1.0,12.338558256,1.0
7209,12.10266456,1.0,6.703281844,1.0
7210,12.10266456,1.0,2.666798276,1.0
7211,12.10266456,1.0,6.5091864,1.0
7212,12.10266456,1.0,7.674939651,1.0
7213,12.10266456,1.0,4.357638184,1.0
7214,12.10266456,1.0,8.123570646,1.0
7215,12.10266456,1.0,6.963512648,1.0
7216,12.10266456,1.0,18.598069279,1.0
7217,12.10266456,1.0,10.50722291,1.0
7218,12.10266456,1.0,7.308146865,1.0
7219,12.10266456,1.0,8.32811975,1.0
7220,12.10266456,1.0,5.38214551,1.0
7221,12.10266456,1.0,7.879326678,1.0
7222,12.10266456,1.0,17.275100495,1.0
7223,12.10266456,1.0,54.237297373,1.0
7224,12.10266456,1.0,8.063670476,1.0
7225,12.457716354,1.0,6.932043301,1.0
7226,12.457716354,1.0,85.602065022,1.0
7227,12.457716354,1.0,11.770692834,1.0
7228,12.457716354,1.0,7.735346804,1.0
7229,12.457716354,1.0,3.170768537,1.0
7230,12.457716354,1.0,7.095566032,1.0
7231,12.457716354,1.0,5.824984678,1.0
7232,12.457716354,1.0,12.10266456,1.0
7233,12.457716354,1.0,8.501191644,1.0
7234,12.457716354,1.0,40.90551563,1.0
7235,12.457716354,1.0,30.257567237,1.0
7236,12.457716354,1.0,8.187427692,1.0
7237,12.457716354,1.0,12.338558256,1.0
7238,12.457716354,1.0,2.666798276,1.0
7239,12.457716354,1.0,8.077203943,1.0
7240,12.457716354,1.0,7.674939651,1.0
7241,12.457716354,1.0,2.497470498,1.0
7242,12.457716354,1.0,4.357638184,1.0
7243,12.457716354,1.0,3.492015655,1.0
7244,12.457716354,1.0,6.782565889,1.0
7245,12.457716354,1.0,8.663691625,1.0
7246,12.457716354,1.0,19.845513323,1.0
7247,12.457716354,1.0,17.888502667,1.0
7248,12.457716354,1.0,23.583721319,1.0
7249,12.457716354,1.0,7.308146865,1.0
7250,12.457716354,1.0,8.988959255,1.0
7251,12.457716354,1.0,5.38214551,1.0
7252,12.457716354,1.0,46.998665241,1.0
7253,3.414323425,1.0,6.932043301,1.0
7254,3.414323425,1.0,11.770692834,1.0
7255,3.414323425,1.0,3.604027164,1.0
7256,3.414323425,1.0,11.232143896,1.0
7257,3.414323425,1.0,8.338097174,1.0
7258,3.414323425,1.0,12.457716354,1.0
7259,3.414323425,1.0,5.594596397,1.0
7260,3.414323425,1.0,8.501191644,1.0
7261,3.414323425,1.0,40.90551563,1.0
7262,3.414323425,1.0,4.672699676,1.0
7263,3.414323425,1.0,6.703281844,1.0
7264,3.414323425,1.0,2.497470498,1.0
7265,3.414323425,1.0,4.357638184,1.0
7266,3.414323425,1.0,8.188774877,1.0
7267,3.414323425,1.0,28.598737411,1.0
7268,3.414323425,1.0,4.137506743,1.0
7269,3.414323425,1.0,12.314548823,1.0
7270,3.414323425,1.0,63.569424162,1.0
7271,3.414323425,1.0,8.988959255,1.0
7272,40.90551563,1.0,6.932043301,1.0
7273,40.90551563,1.0,67.285382519,1.0
7274,40.90551563,1.0,59.924864821,1.0
7275,40.90551563,1.0,5.843490694,1.0
7276,40.90551563,1.0,4.800438878,1.0
7277,40.90551563,1.0,7.735346804,1.0
7278,40.90551563,1.0,3.170768537,1.0
7279,40.90551563,1.0,6.181101777,1.0
7280,40.90551563,1.0,3.321907625,1.0
7281,40.90551563,1.0,7.095566032,1.0
7282,40.90551563,1.0,5.824984678,1.0
7283,40.90551563,1.0,4.628131298,1.0
7284,40.90551563,1.0,3.545406837,1.0
7285,40.90551563,1.0,13.61728709,1.0
7286,40.90551563,1.0,76.104832671,1.0
7287,40.90551563,1.0,12.10266456,1.0
7288,40.90551563,1.0,12.457716354,1.0
7289,40.90551563,1.0,3.414323425,1.0
7290,40.90551563,1.0,11.574078018,1.0
7291,40.90551563,1.0,8.38717511,1.0
7292,40.90551563,1.0,5.971852864,1.0
7293,40.90551563,1.0,8.187427692,1.0
7294,40.90551563,1.0,6.703281844,1.0
7295,40.90551563,1.0,2.666798276,1.0
7296,40.90551563,1.0,8.077203943,1.0
7297,40.90551563,1.0,5.114191242,1.0
7298,40.90551563,1.0,46.571690966,1.0
7299,40.90551563,1.0,7.674939651,1.0
7300,40.90551563,1.0,4.91953619,1.0
7301,40.90551563,1.0,36.089846175,1.0
7302,40.90551563,1.0,6.904083149,1.0
7303,40.90551563,1.0,53.620745395,1.0
7304,40.90551563,1.0,15.925449164,1.0
7305,40.90551563,1.0,15.066753188,1.0
7306,40.90551563,1.0,6.588528896,1.0
7307,40.90551563,1.0,4.357638184,1.0
7308,40.90551563,1.0,7.094763502,1.0
7309,40.90551563,1.0,9.903488889,1.0
7310,40.90551563,1.0,12.671115978,1.0
7311,40.90551563,1.0,8.295439778,1.0
7312,40.90551563,1.0,6.305349834,1.0
7313,40.90551563,1.0,13.297675544,1.0
7314,40.90551563,1.0,4.76171626,1.0
7315,40.90551563,1.0,2.482229293,1.0
7316,40.90551563,1.0,24.186224197,1.0
7317,40.90551563,1.0,0.07754331243,0.0
7318,40.90551563,1.0,4.109783623,1.0
7319,40.90551563,1.0,10.50722291,1.0
7320,40.90551563,1.0,11.535903549,1.0
7321,40.90551563,1.0,23.583721319,1.0
7322,40.90551563,1.0,8.105857013,1.0
7323,40.90551563,1.0,6.026101551,1.0
7324,40.90551563,1.0,7.012375128,1.0
7325,40.90551563,1.0,6.52281174,1.0
7326,40.90551563,1.0,10.487538393,1.0
7327,40.90551563,1.0,9.74202609,1.0
7328,40.90551563,1.0,5.38214551,1.0
7329,40.90551563,1.0,25.0116746,1.0
7330,40.90551563,1.0,17.275100495,1.0
7331,40.90551563,1.0,8.063670476,1.0
7332,6.703281844,1.0,6.932043301,1.0
7333,6.703281844,1.0,67.285382519,1.0
7334,6.703281844,1.0,85.602065022,1.0
7335,6.703281844,1.0,3.170768537,1.0
7336,6.703281844,1.0,14.744961584,1.0
7337,6.703281844,1.0,12.10266456,1.0
7338,6.703281844,1.0,14.639793863,1.0
7339,6.703281844,1.0,8.501191644,1.0
7340,6.703281844,1.0,40.90551563,1.0
7341,6.703281844,1.0,7.227508895,1.0
7342,6.703281844,1.0,8.187427692,1.0
7343,6.703281844,1.0,12.338558256,1.0
7344,6.703281844,1.0,2.666798276,1.0
7345,6.703281844,1.0,8.077203943,1.0
7346,6.703281844,1.0,6.5091864,1.0
7347,6.703281844,1.0,7.674939651,1.0
7348,6.703281844,1.0,4.357638184,1.0
7349,6.703281844,1.0,19.806237448,1.0
7350,6.703281844,1.0,18.598069279,1.0
7351,6.703281844,1.0,10.50722291,1.0
7352,6.703281844,1.0,5.38214551,1.0
7353,6.703281844,1.0,17.275100495,1.0
7354,6.5091864,1.0,6.932043301,1.0
7355,6.5091864,1.0,1.863536665,1.0
7356,6.5091864,1.0,7.735346804,1.0
7357,6.5091864,1.0,6.83799714,1.0
7358,6.5091864,1.0,1.685633058,1.0
7359,6.5091864,1.0,12.10266456,1.0
7360,6.5091864,1.0,14.639793863,1.0
7361,6.5091864,1.0,8.501191644,1.0
7362,6.5091864,1.0,8.187427692,1.0
7363,6.5091864,1.0,12.338558256,1.0
7364,6.5091864,1.0,6.703281844,1.0
7365,6.5091864,1.0,1.930209873,1.0
7366,6.5091864,1.0,5.951084905,1.0
7367,6.5091864,1.0,7.076362169,1.0
7368,6.5091864,1.0,3.559635685,1.0
7369,6.5091864,1.0,3.177860741,1.0
7370,6.5091864,1.0,14.597938965,1.0
7371,6.5091864,1.0,5.648012104,1.0
7372,6.5091864,1.0,10.487538393,1.0
7373,6.5091864,1.0,8.063670476,1.0
7374,7.674939651,1.0,6.932043301,1.0
7375,7.674939651,1.0,5.843490694,1.0
7376,7.674939651,1.0,11.770692834,1.0
7377,7.674939651,1.0,3.170768537,1.0
7378,7.674939651,1.0,6.181101777,1.0
7379,7.674939651,1.0,7.095566032,1.0
7380,7.674939651,1.0,5.824984678,1.0
7381,7.674939651,1.0,12.10266456,1.0
7382,7.674939651,1.0,12.457716354,1.0
7383,7.674939651,1.0,40.90551563,1.0
7384,7.674939651,1.0,8.187427692,1.0
7385,7.674939651,1.0,12.338558256,1.0
7386,7.674939651,1.0,6.703281844,1.0
7387,7.674939651,1.0,8.077203943,1.0
7388,7.674939651,1.0,6.5091864,1.0
7389,7.674939651,1.0,54.832733215,1.0
7390,7.674939651,1.0,10.510975334,1.0
7391,7.674939651,1.0,2.497470498,1.0
7392,7.674939651,1.0,29.064479699,1.0
7393,7.674939651,1.0,23.163711763,1.0
7394,7.674939651,1.0,4.357638184,1.0
7395,7.674939651,1.0,3.961920632,1.0
7396,7.674939651,1.0,10.198167248,1.0
7397,7.674939651,1.0,18.598069279,1.0
7398,7.674939651,1.0,10.50722291,1.0
7399,7.674939651,1.0,7.012375128,1.0
7400,7.674939651,1.0,7.888433382,1.0
7401,7.674939651,1.0,9.537564947,1.0
7402,7.674939651,1.0,5.38214551,1.0
7403,7.674939651,1.0,17.275100495,1.0
7404,29.064479699,1.0,6.932043301,1.0
7405,29.064479699,1.0,106.415627612,1.0
7406,29.064479699,1.0,5.843490694,1.0
7407,29.064479699,1.0,76.104832671,1.0
7408,29.064479699,1.0,4.669409215,1.0
7409,29.064479699,1.0,46.94762608,1.0
7410,29.064479699,1.0,6.904083149,1.0
7411,29.064479699,1.0,21.47320625,1.0
7412,29.064479699,1.0,21.957598551,1.0
7413,29.064479699,1.0,22.627451627,1.0
7414,29.064479699,1.0,10.561206156,1.0
7415,29.064479699,1.0,16.746607955,1.0
7416,29.064479699,1.0,15.189863814,1.0
7417,29.064479699,1.0,7.440375649,1.0
7418,29.064479699,1.0,8.327704218,1.0
7419,29.064479699,1.0,15.066753188,1.0
7420,29.064479699,1.0,6.588528896,1.0
7421,29.064479699,1.0,23.163711763,1.0
7422,29.064479699,1.0,5.521065503,1.0
7423,29.064479699,1.0,14.075695698,1.0
7424,29.064479699,1.0,11.133808458,1.0
7425,29.064479699,1.0,5.899303052,1.0
7426,29.064479699,1.0,4.063647561,1.0
7427,29.064479699,1.0,41.816248515,1.0
7428,29.064479699,1.0,16.219736768,1.0
7429,29.064479699,1.0,442.31224115,0.0
7430,29.064479699,1.0,8.123570646,1.0
7431,29.064479699,1.0,15.776847279,1.0
7432,29.064479699,1.0,6.963512648,1.0
7433,29.064479699,1.0,10.277541211,1.0
7434,29.064479699,1.0,7.228822587,1.0
7435,29.064479699,1.0,4.995556646,1.0
7436,29.064479699,1.0,24.186224197,1.0
7437,29.064479699,1.0,7.135698552,1.0
7438,29.064479699,1.0,7.373882175,1.0
7439,29.064479699,1.0,2.197170175,1.0
7440,29.064479699,1.0,18.598069279,1.0
7441,29.064479699,1.0,10.50722291,1.0
7442,29.064479699,1.0,11.253524316,1.0
7443,29.064479699,1.0,45.854721033,1.0
7444,29.064479699,1.0,112.099655851,1.0
7445,29.064479699,1.0,3.581472819,1.0
7446,29.064479699,1.0,8.243241662,1.0
7447,29.064479699,1.0,26.111237618,1.0
7448,29.064479699,1.0,35.190700103,1.0
7449,29.064479699,1.0,7.012375128,1.0
7450,29.064479699,1.0,14.45689817,1.0
7451,29.064479699,1.0,22.38547886,1.0
7452,29.064479699,1.0,17.275100495,1.0
7453,29.064479699,1.0,8.063670476,1.0
7454,4.357638184,1.0,6.932043301,1.0
7455,4.357638184,1.0,1.863536665,1.0
7456,4.357638184,1.0,5.843490694,1.0
7457,4.357638184,1.0,11.770692834,1.0
7458,4.357638184,1.0,3.170768537,1.0
7459,4.357638184,1.0,6.181101777,1.0
7460,4.357638184,1.0,7.095566032,1.0
7461,4.357638184,1.0,5.824984678,1.0
7462,4.357638184,1.0,12.10266456,1.0
7463,4.357638184,1.0,12.457716354,1.0
7464,4.357638184,1.0,3.414323425,1.0
7465,4.357638184,1.0,8.501191644,1.0
7466,4.357638184,1.0,40.90551563,1.0
7467,4.357638184,1.0,8.187427692,1.0
7468,4.357638184,1.0,12.338558256,1.0
7469,4.357638184,1.0,8.077203943,1.0
7470,4.357638184,1.0,9.98284207,1.0
7471,4.357638184,1.0,21.47320625,1.0
7472,4.357638184,1.0,6.063404837,1.0
7473,4.357638184,1.0,8.078335378,1.0
7474,4.357638184,1.0,41.816248515,1.0
7475,4.357638184,1.0,3.267694974,1.0
7476,4.357638184,1.0,19.806237448,1.0
7477,4.357638184,1.0,14.040953069,1.0
7478,4.357638184,1.0,6.963512648,1.0
7479,4.357638184,1.0,8.243241662,1.0
7480,4.357638184,1.0,6.026101551,1.0
7481,4.357638184,1.0,7.012375128,1.0
7482,4.357638184,1.0,17.275100495,1.0
7483,4.357638184,1.0,3.367582976,1.0
7484,41.816248515,1.0,6.932043301,1.0
7485,41.816248515,1.0,1.863536665,1.0
7486,41.816248515,1.0,67.285382519,1.0
7487,41.816248515,1.0,85.602065022,1.0
7488,41.816248515,1.0,5.843490694,1.0
7489,41.816248515,1.0,2.809630333,1.0
7490,41.816248515,1.0,76.104832671,1.0
7491,41.816248515,1.0,5.971852864,1.0
7492,41.816248515,1.0,1.213275618,1.0
7493,41.816248515,1.0,9.98284207,1.0
7494,41.816248515,1.0,5.995996753,1.0
7495,41.816248515,1.0,6.904083149,1.0
7496,41.816248515,1.0,53.620745395,1.0
7497,41.816248515,1.0,6.057768872,1.0
7498,41.816248515,1.0,21.47320625,1.0
7499,41.816248515,1.0,6.63113924,1.0
7500,41.816248515,1.0,21.957598551,1.0
7501,41.816248515,1.0,22.627451627,1.0
7502,41.816248515,1.0,10.561206156,1.0
7503,41.816248515,1.0,15.189863814,1.0
7504,41.816248515,1.0,7.440375649,1.0
7505,41.816248515,1.0,8.020350441,1.0
7506,41.816248515,1.0,8.327704218,1.0
7507,41.816248515,1.0,15.066753188,1.0
7508,41.816248515,1.0,7.326654522,1.0
7509,41.816248515,1.0,6.588528896,1.0
7510,41.816248515,1.0,6.063404837,1.0
7511,41.816248515,1.0,29.064479699,1.0
7512,41.816248515,1.0,23.163711763,1.0
7513,41.816248515,1.0,8.629651598,1.0
7514,41.816248515,1.0,7.748182289,1.0
7515,41.816248515,1.0,8.078335378,1.0
7516,41.816248515,1.0,11.133808458,1.0
7517,41.816248515,1.0,5.899303052,1.0
7518,41.816248515,1.0,4.063647561,1.0
7519,41.816248515,1.0,16.219736768,1.0
7520,41.816248515,1.0,8.123570646,1.0
7521,41.816248515,1.0,22.680958327,1.0
7522,41.816248515,1.0,14.040953069,1.0
7523,41.816248515,1.0,6.963512648,1.0
7524,41.816248515,1.0,10.277541211,1.0
7525,41.816248515,1.0,1.922086858,1.0
7526,41.816248515,1.0,7.228822587,1.0
7527,41.816248515,1.0,4.995556646,1.0
7528,41.816248515,1.0,9.636824939,1.0
7529,41.816248515,1.0,12.715212237,1.0
7530,41.816248515,1.0,38.515792955,1.0
7531,41.816248515,1.0,14.597938965,1.0
7532,41.816248515,1.0,8.070385649,1.0
7533,11.438577134,1.0,6.932043301,1.0
7534,12.715301257,1.0,6.932043301,1.0
7535,8.243241662,1.0,6.932043301,1.0
7536,8.243241662,1.0,26.456682526,1.0
7537,8.243241662,1.0,85.602065022,1.0
7538,8.243241662,1.0,52.454679661,1.0
7539,8.243241662,1.0,76.104832671,1.0
7540,8.243241662,1.0,46.94762608,1.0
7541,8.243241662,1.0,5.189647153,1.0
7542,8.243241662,1.0,16.746607955,1.0
7543,8.243241662,1.0,7.440375649,1.0
7544,8.243241662,1.0,6.063404837,1.0
7545,8.243241662,1.0,29.064479699,1.0
7546,8.243241662,1.0,49.330409711,1.0
7547,8.243241662,1.0,6.963512648,1.0
7548,8.243241662,1.0,24.186224197,1.0
7549,8.243241662,1.0,18.598069279,1.0
7550,8.243241662,1.0,112.099655851,1.0
7551,8.243241662,1.0,3.581472819,1.0
7552,8.243241662,1.0,0.5816461023,1.0
7553,8.243241662,1.0,12.715212237,1.0
7554,8.243241662,1.0,8.473312072,1.0
7555,8.243241662,1.0,29.988838829,1.0
7556,8.243241662,1.0,26.111237618,1.0
7557,8.243241662,1.0,35.190700103,1.0
7558,8.243241662,1.0,24.65499671,1.0
7559,8.243241662,1.0,6.419404649,1.0
7560,8.243241662,1.0,25.0116746,1.0
7561,17.275100495,1.0,6.932043301,1.0
7562,17.275100495,1.0,52.454679661,1.0
7563,17.275100495,1.0,9.496850496,1.0
7564,17.275100495,1.0,11.770692834,1.0
7565,17.275100495,1.0,3.170768537,1.0
7566,17.275100495,1.0,7.095566032,1.0
7567,17.275100495,1.0,12.10266456,1.0
7568,17.275100495,1.0,12.457716354,1.0
7569,17.275100495,1.0,8.501191644,1.0
7570,17.275100495,1.0,40.90551563,1.0
7571,17.275100495,1.0,6.703281844,1.0
7572,17.275100495,1.0,8.077203943,1.0
7573,17.275100495,1.0,4.357638184,1.0
7574,17.275100495,1.0,41.816248515,1.0
7575,17.275100495,1.0,4.76171626,1.0
7576,17.275100495,1.0,10.50722291,1.0
7577,17.275100495,1.0,5.38214551,1.0
7578,17.275100495,1.0,4.91908351,1.0
7579,21.47320625,1.0,1.863536665,1.0
7580,21.47320625,1.0,52.454679661,1.0
7581,21.47320625,1.0,6.980209921,1.0
7582,21.47320625,1.0,20.540037372,1.0
7583,21.47320625,1.0,12.666276573,1.0
7584,21.47320625,1.0,9.98284207,1.0
7585,21.47320625,1.0,6.904083149,1.0
7586,21.47320625,1.0,6.057768872,1.0
7587,21.47320625,1.0,5.173046124,1.0
7588,21.47320625,1.0,6.63113924,1.0
7589,21.47320625,1.0,21.957598551,1.0
7590,21.47320625,1.0,22.627451627,1.0
7591,21.47320625,1.0,10.561206156,1.0
7592,21.47320625,1.0,16.746607955,1.0
7593,21.47320625,1.0,6.588528896,1.0
7594,21.47320625,1.0,6.063404837,1.0
7595,21.47320625,1.0,23.163711763,1.0
7596,21.47320625,1.0,7.748182289,1.0
7597,21.47320625,1.0,2.825110966,1.0
7598,21.47320625,1.0,14.075695698,1.0
7599,21.47320625,1.0,8.599022846,1.0
7600,21.47320625,1.0,11.133808458,1.0
7601,21.47320625,1.0,5.899303052,1.0
7602,21.47320625,1.0,4.357638184,1.0
7603,21.47320625,1.0,4.063647561,1.0
7604,21.47320625,1.0,41.816248515,1.0
7605,21.47320625,1.0,16.219736768,1.0
7606,21.47320625,1.0,8.123570646,1.0
7607,21.47320625,1.0,3.492015655,1.0
7608,21.47320625,1.0,6.963512648,1.0
7609,21.47320625,1.0,10.277541211,1.0
7610,21.47320625,1.0,7.228822587,1.0
7611,21.47320625,1.0,24.186224197,1.0
7612,21.47320625,1.0,3.208916221,1.0
7613,21.47320625,1.0,7.373882175,1.0
7614,21.47320625,1.0,13.070268138,1.0
7615,21.47320625,1.0,12.715212237,1.0
7616,21.47320625,1.0,8.243241662,1.0
7617,21.47320625,1.0,35.190700103,1.0
7618,21.47320625,1.0,6.419404649,1.0
7619,21.47320625,1.0,5.648012104,1.0
7620,21.47320625,1.0,7.879326678,1.0
7621,21.47320625,1.0,18.013532299,1.0
7622,8.123570646,1.0,1.863536665,1.0
7623,8.123570646,1.0,59.924864821,1.0
7624,8.123570646,1.0,8.727444545,1.0
7625,8.123570646,1.0,49.446131829,0.0
7626,8.123570646,1.0,9.98284207,1.0
7627,8.123570646,1.0,0.7274009746,1.0
7628,8.123570646,1.0,6.904083149,1.0
7629,8.123570646,1.0,6.057768872,1.0
7630,8.123570646,1.0,4.818425218,1.0
7631,8.123570646,1.0,5.173046124,1.0
7632,8.123570646,1.0,5.189647153,1.0
7633,8.123570646,1.0,22.627451627,1.0
7634,8.123570646,1.0,2.326729959,1.0
7635,8.123570646,1.0,15.066753188,1.0
7636,8.123570646,1.0,6.063404837,1.0
7637,8.123570646,1.0,29.064479699,1.0
7638,8.123570646,1.0,23.163711763,1.0
7639,8.123570646,1.0,8.078335378,1.0
7640,8.123570646,1.0,8.599022846,1.0
7641,8.123570646,1.0,11.133808458,1.0
7642,8.123570646,1.0,5.899303052,1.0
7643,8.123570646,1.0,41.816248515,1.0
7644,8.123570646,1.0,3.177860741,1.0
7645,8.123570646,1.0,4.995556646,1.0
7646,8.123570646,1.0,7.135698552,1.0
7647,8.123570646,1.0,4.165395202,1.0
7648,8.123570646,1.0,9.150646684,1.0
7649,8.123570646,1.0,7.888433382,1.0
7650,8.123570646,1.0,4.594228449,1.0
7651,8.123570646,1.0,5.38214551,1.0
7652,8.123570646,1.0,11.778400279,1.0
7653,8.123570646,1.0,7.879326678,1.0
7654,106.415627612,1.0,67.285382519,1.0
7655,106.415627612,1.0,59.924864821,1.0
7656,106.415627612,1.0,26.456682526,1.0
7657,106.415627612,1.0,85.602065022,1.0
7658,106.415627612,1.0,18.011624075,1.0
7659,106.415627612,1.0,52.454679661,1.0
7660,106.415627612,1.0,14.256756103,1.0
7661,106.415627612,1.0,3.170768537,1.0
7662,106.415627612,1.0,10.181441025,1.0
7663,106.415627612,1.0,40.90551563,1.0
7664,106.415627612,1.0,30.257567237,1.0
7665,106.415627612,1.0,12.666276573,1.0
7666,106.415627612,1.0,6.049206712,1.0
7667,106.415627612,1.0,3.255616154,1.0
7668,106.415627612,1.0,629.457019025,1.0
7669,106.415627612,1.0,46.94762608,1.0
7670,106.415627612,1.0,10.016669087,1.0
7671,106.415627612,1.0,21.342876657,1.0
7672,106.415627612,1.0,25.698336533,1.0
7673,106.415627612,1.0,23.163711763,1.0
7674,106.415627612,1.0,6.120753644,1.0
7675,106.415627612,1.0,0.2951445344,1.0
7676,106.415627612,1.0,19.806237448,1.0
7677,106.415627612,1.0,9.082305407,1.0
7678,106.415627612,1.0,3.73091468,1.0
7679,106.415627612,1.0,7.076362169,1.0
7680,106.415627612,1.0,23.390458917,1.0
7681,106.415627612,1.0,18.341066883,1.0
7682,106.415627612,1.0,7.950666232,1.0
7683,106.415627612,1.0,13.297675544,1.0
7684,106.415627612,1.0,7.228822587,1.0
7685,106.415627612,1.0,8.995419211,1.0
7686,106.415627612,1.0,10.50722291,1.0
7687,106.415627612,1.0,6.23365539,1.0
7688,106.415627612,1.0,7.308146865,1.0
7689,106.415627612,1.0,112.099655851,1.0
7690,106.415627612,1.0,8.516840935,1.0
7691,106.415627612,1.0,35.190700103,1.0
7692,106.415627612,1.0,9.820527386,1.0
7693,106.415627612,1.0,30.198302233,1.0
7694,106.415627612,1.0,147.947753554,1.0
7695,106.415627612,1.0,17.057716689,1.0
7696,106.415627612,1.0,11.778400279,1.0
7697,106.415627612,1.0,43.160315667,1.0
7698,106.415627612,1.0,25.0116746,1.0
7699,106.415627612,1.0,12.023650799,1.0
7700,3.321907625,1.0,67.285382519,1.0
7701,3.321907625,1.0,59.924864821,1.0
7702,3.321907625,1.0,2.857419731,1.0
7703,3.321907625,1.0,11.399226471,1.0
7704,3.321907625,1.0,4.800438878,1.0
7705,3.321907625,1.0,9.801194355,1.0
7706,3.321907625,1.0,7.735346804,1.0
7707,3.321907625,1.0,13.61728709,1.0
7708,3.321907625,1.0,4.672699676,1.0
7709,3.321907625,1.0,30.257567237,1.0
7710,3.321907625,1.0,7.500010293,1.0
7711,3.321907625,1.0,11.284623998,1.0
7712,3.321907625,1.0,13.41431181,1.0
7713,3.321907625,1.0,2.888906621,1.0
7714,3.321907625,1.0,53.620745395,1.0
7715,3.321907625,1.0,3.164674771,1.0
7716,3.321907625,1.0,4.818425218,1.0
7717,3.321907625,1.0,6.588528896,1.0
7718,3.321907625,1.0,8.123570646,1.0
7719,3.321907625,1.0,9.903488889,1.0
7720,3.321907625,1.0,8.295439778,1.0
7721,3.321907625,1.0,8.068554411,1.0
7722,3.321907625,1.0,3.560045955,1.0
7723,3.321907625,1.0,8.995419211,1.0
7724,3.321907625,1.0,3.822486041,1.0
7725,3.321907625,1.0,8.843522305,1.0
7726,3.321907625,1.0,17.888502667,1.0
7727,3.321907625,1.0,4.066517949,1.0
7728,3.321907625,1.0,4.818576649,1.0
7729,3.321907625,1.0,5.257523475,1.0
7730,3.321907625,1.0,4.537477814,1.0
7731,5.95779745,1.0,67.285382519,1.0
7732,5.95779745,1.0,13.61728709,1.0
7733,5.95779745,1.0,13.86957637,1.0
7734,5.95779745,1.0,3.292996031,1.0
7735,5.95779745,1.0,13.012196231,1.0
7736,5.95779745,1.0,3.494992531,1.0
7737,5.95779745,1.0,3.901493385,1.0
7738,5.95779745,1.0,6.008978366,1.0
7739,5.95779745,1.0,7.500010293,1.0
7740,5.95779745,1.0,0.1958913398,1.0
7741,5.95779745,1.0,5.971852864,1.0
7742,5.95779745,1.0,5.206241117,0.0
7743,5.95779745,1.0,9.442750188,1.0
7744,5.95779745,1.0,12.671115978,1.0
7745,5.95779745,1.0,2.526151503,1.0
7746,5.95779745,1.0,2.138567555,1.0
7747,5.95779745,1.0,4.895174175,1.0
7748,5.95779745,1.0,19.300014971,1.0
7749,13.012196231,1.0,67.285382519,1.0
7750,13.012196231,1.0,13.61728709,1.0
7751,13.012196231,1.0,13.86957637,1.0
7752,13.012196231,1.0,5.95779745,1.0
7753,13.012196231,1.0,3.292996031,1.0
7754,13.012196231,1.0,1.618033423,1.0
7755,13.012196231,1.0,3.494992531,1.0
7756,13.012196231,1.0,3.901493385,1.0
7757,13.012196231,1.0,10.845083849,1.0
7758,13.012196231,1.0,4.168654522,1.0
7759,13.012196231,1.0,5.554604713,1.0
7760,13.012196231,1.0,20.540037372,1.0
7761,13.012196231,1.0,10.510975334,1.0
7762,13.012196231,1.0,2.606985069,1.0
7763,13.012196231,1.0,3.280174261,1.0
7764,13.012196231,1.0,10.123192269,1.0
7765,13.012196231,1.0,2.526151503,1.0
7766,13.012196231,1.0,2.138567555,1.0
7767,13.012196231,1.0,0.4257586632,1.0
7768,13.012196231,1.0,112.099655851,1.0
7769,13.012196231,1.0,1.859358022,1.0
7770,13.012196231,1.0,9.820527386,1.0
7771,13.012196231,1.0,4.895174175,1.0
7772,13.012196231,1.0,7.954241052,1.0
7773,13.012196231,1.0,6.954165906,1.0
7774,13.012196231,1.0,12.023650799,1.0
7775,4.09207587,1.0,67.285382519,1.0
7776,4.09207587,1.0,26.456682526,1.0
7777,4.09207587,1.0,11.399226471,1.0
7778,4.09207587,1.0,11.770692834,1.0
7779,4.09207587,1.0,21.661954263,1.0
7780,4.09207587,1.0,7.930824421,1.0
7781,4.09207587,1.0,8.38717511,1.0
7782,4.09207587,1.0,10.582231785,1.0
7783,4.09207587,1.0,4.669409215,1.0
7784,4.09207587,1.0,4.134774924,1.0
7785,4.09207587,1.0,27.334429574,1.0
7786,4.09207587,1.0,28.598737411,1.0
7787,4.09207587,1.0,5.525326408,1.0
7788,4.09207587,1.0,4.777806825,1.0
7789,4.09207587,1.0,134.232246392,1.0
7790,4.09207587,1.0,38.515792955,1.0
7791,12.644266328,1.0,67.285382519,1.0
7792,12.644266328,1.0,2.869133341,1.0
7793,12.644266328,1.0,5.424393042,1.0
7794,12.644266328,1.0,3.280174261,1.0
7795,12.644266328,1.0,21.342876657,1.0
7796,12.644266328,1.0,2.726007976,1.0
7797,12.644266328,1.0,6.109671996,1.0
7798,12.644266328,1.0,9.515976293,1.0
7799,12.644266328,1.0,2.747730392,1.0
7800,12.644266328,1.0,4.049552408,1.0
7801,12.644266328,1.0,1.113769575,1.0
7802,12.644266328,1.0,49.330409711,1.0
7803,12.644266328,1.0,5.096361501,1.0
7804,12.644266328,1.0,4.046228683,1.0
7805,12.644266328,1.0,39.845944866,1.0
7806,15.733724505,1.0,67.285382519,1.0
7807,15.733724505,1.0,13.092587036,1.0
7808,15.733724505,1.0,13.61728709,1.0
7809,15.733724505,1.0,13.86957637,1.0
7810,15.733724505,1.0,5.95779745,1.0
7811,15.733724505,1.0,3.660314357,1.0
7812,15.733724505,1.0,13.88327424,1.0
7813,15.733724505,1.0,12.122598978,1.0
7814,15.733724505,1.0,9.557871275,1.0
7815,15.733724505,1.0,17.625436226,1.0
7816,15.733724505,1.0,153.378432818,1.0
7817,15.733724505,1.0,4.168654522,1.0
7818,15.733724505,1.0,0.1958913398,1.0
7819,15.733724505,1.0,4.04841049,1.0
7820,15.733724505,1.0,3.363732976,1.0
7821,15.733724505,1.0,10.695111153,1.0
7822,15.733724505,1.0,23.449607505,1.0
7823,15.733724505,1.0,3.173404453,1.0
7824,15.733724505,1.0,8.804730121,1.0
7825,15.733724505,1.0,644.303257967,0.0
7826,15.733724505,1.0,3.341894097,1.0
7827,15.733724505,1.0,2.326080633,1.0
7828,15.733724505,1.0,15.776847279,1.0
7829,15.733724505,1.0,2.271211233,1.0
7830,15.733724505,1.0,3.378924377,1.0
7831,15.733724505,1.0,7.491649438,1.0
7832,15.733724505,1.0,4.627303628,1.0
7833,15.733724505,1.0,1.455553639,1.0
7834,15.733724505,1.0,6.008748456,1.0
7835,15.733724505,1.0,6.511716027,1.0
7836,15.733724505,1.0,6.208512798,1.0
7837,5.328803376,1.0,67.285382519,1.0
7838,5.328803376,1.0,11.574078018,1.0
7839,5.328803376,1.0,4.210712808,1.0
7840,5.328803376,1.0,12.666276573,1.0
7841,5.328803376,1.0,6.503926579,1.0
7842,5.328803376,1.0,6.049206712,1.0
7843,5.328803376,1.0,2.636539717,1.0
7844,5.328803376,1.0,5.775634328,1.0
7845,5.328803376,1.0,7.253592044,1.0
7846,5.328803376,1.0,3.911933591,1.0
7847,5.328803376,1.0,12.509848057,0.0
7848,5.328803376,1.0,137.59031023,0.0
7849,5.328803376,1.0,46.998665241,1.0
7850,54.832733215,1.0,67.285382519,1.0
7851,54.832733215,1.0,8.727444545,1.0
7852,54.832733215,1.0,11.399226471,1.0
7853,54.832733215,1.0,4.800438878,1.0
7854,54.832733215,1.0,9.801194355,1.0
7855,54.832733215,1.0,11.770692834,1.0
7856,54.832733215,1.0,3.170768537,1.0
7857,54.832733215,1.0,11.232143896,1.0
7858,54.832733215,1.0,3.321907625,1.0
7859,54.832733215,1.0,3.497293236,1.0
7860,54.832733215,1.0,6.72801545,1.0
7861,54.832733215,1.0,4.457214021,1.0
7862,54.832733215,1.0,10.900235758,1.0
7863,54.832733215,1.0,8.280750395,1.0
7864,54.832733215,1.0,7.41032757,1.0
7865,54.832733215,1.0,4.134774924,1.0
7866,54.832733215,1.0,6.604095251,1.0
7867,54.832733215,1.0,23.009498747,1.0
7868,54.832733215,1.0,4.818425218,1.0
7869,54.832733215,1.0,12.056255196,1.0
7870,54.832733215,1.0,6.257818439,1.0
7871,54.832733215,1.0,4.066517949,1.0
7872,54.832733215,1.0,8.617819401,1.0
7873,54.832733215,1.0,4.427730716,1.0
7874,4.046800418,1.0,67.285382519,1.0
7875,4.046800418,1.0,9.801194355,1.0
7876,4.046800418,1.0,5.118084663,1.0
7877,4.046800418,1.0,4.632907015,1.0
7878,4.046800418,1.0,4.669409215,1.0
7879,4.046800418,1.0,21.342876657,1.0
7880,4.046800418,1.0,1.213586358,1.0
7881,4.046800418,1.0,4.172027313,1.0
7882,4.046800418,1.0,4.036846382,1.0
7883,22.78146695,1.0,67.285382519,1.0
7884,22.78146695,1.0,14.256756103,1.0
7885,22.78146695,1.0,3.321907625,1.0
7886,22.78146695,1.0,13.61728709,1.0
7887,22.78146695,1.0,5.95779745,1.0
7888,22.78146695,1.0,7.500010293,1.0
7889,22.78146695,1.0,1.681462384,1.0
7890,22.78146695,1.0,5.113142616,1.0
7891,22.78146695,1.0,15.733724505,1.0
7892,22.78146695,1.0,2.257905961,1.0
7893,22.78146695,1.0,5.971852864,1.0
7894,22.78146695,1.0,5.328803376,1.0
7895,22.78146695,1.0,5.671940738,1.0
7896,22.78146695,1.0,6.795597285,1.0
7897,22.78146695,1.0,43.881908864,1.0
7898,22.78146695,1.0,10.038287437,1.0
7899,22.78146695,1.0,629.457019025,1.0
7900,22.78146695,1.0,3.341894097,1.0
7901,22.78146695,1.0,23.004257875,0.0
7902,22.78146695,1.0,10.561206156,1.0
7903,22.78146695,1.0,6.109671996,1.0
7904,22.78146695,1.0,6.588528896,1.0
7905,22.78146695,1.0,5.899303052,1.0
7906,22.78146695,1.0,49.330409711,1.0
7907,22.78146695,1.0,6.120753644,1.0
7908,22.78146695,1.0,10.349034039,1.0
7909,22.78146695,1.0,6.076137367,1.0
7910,22.78146695,1.0,6.394778045,1.0
7911,22.78146695,1.0,18.996217281,1.0
7912,22.78146695,1.0,28.598737411,1.0
7913,22.78146695,1.0,6.884917469,1.0
7914,22.78146695,1.0,19.806237448,1.0
7915,22.78146695,1.0,20.418653862,1.0
7916,22.78146695,1.0,9.525955471,1.0
7917,22.78146695,1.0,8.295439778,1.0
7918,22.78146695,1.0,14.040953069,1.0
7919,22.78146695,1.0,18.00089822,1.0
7920,22.78146695,1.0,6.893769984,1.0
7921,22.78146695,1.0,6.305349834,1.0
7922,22.78146695,1.0,2.733967464,1.0
7923,22.78146695,1.0,6.963512648,1.0
7924,22.78146695,1.0,18.99975294,1.0
7925,22.78146695,1.0,3.836845692,1.0
7926,22.78146695,1.0,8.995419211,1.0
7927,22.78146695,1.0,16.462756475,1.0
7928,22.78146695,1.0,9.011999131,1.0
7929,22.78146695,1.0,2.390961954,1.0
7930,22.78146695,1.0,11.253524316,1.0
7931,22.78146695,1.0,4.621428657,1.0
7932,22.78146695,1.0,4.627303628,1.0
7933,22.78146695,1.0,4.818576649,1.0
7934,22.78146695,1.0,9.150646684,1.0
7935,22.78146695,1.0,4.119021003,1.0
7936,22.78146695,1.0,6.208512798,1.0
7937,22.78146695,1.0,21.17309223,1.0
7938,6.404713703,1.0,67.285382519,1.0
7939,6.404713703,1.0,40.880111633,0.0
7940,6.404713703,1.0,20.540037372,1.0
7941,6.404713703,1.0,7.08934858,1.0
7942,34.366867977,0.0,67.285382519,1.0
7943,34.366867977,0.0,106.415627612,1.0
7944,34.366867977,0.0,18.584471439,0.0
7945,34.366867977,0.0,75.77402169,0.0
7946,34.366867977,0.0,31.803689946,0.0
7947,34.366867977,0.0,4.729220073,0.0
7948,34.366867977,0.0,5.206241117,0.0
7949,34.366867977,0.0,52.842355823,0.0
7950,34.366867977,0.0,9.009779617,0.0
7951,34.366867977,0.0,35.374851173,0.0
7952,34.366867977,0.0,12.564957342,0.0
7953,34.366867977,0.0,20.051027715,0.0
7954,34.366867977,0.0,5.65764652,0.0
7955,34.366867977,0.0,12.618480026,0.0
7956,34.366867977,0.0,61.033765457,0.0
7957,34.366867977,0.0,10.51791993,0.0
7958,34.366867977,0.0,0.3965622529,0.0
7959,34.366867977,0.0,7.832676172,0.0
7960,13.248713101,0.0,67.285382519,1.0
7961,13.248713101,0.0,49.446131829,0.0
7962,13.248713101,0.0,644.303257967,0.0
7963,13.248713101,0.0,4.183351832,0.0
7964,13.248713101,0.0,2.807714948,0.0
7965,13.248713101,0.0,9.070312157,0.0
7966,13.248713101,0.0,233.692864157,0.0
7967,13.248713101,0.0,13.188256381,0.0
7968,13.248713101,0.0,10.545807272,0.0
7969,13.248713101,0.0,166.229730993,0.0
7970,13.248713101,0.0,17.167266676,0.0
7971,13.248713101,0.0,21.4673368,0.0
7972,13.248713101,0.0,25.471798052,0.0
7973,13.248713101,0.0,7.596552305,0.0
7974,4.134774924,1.0,67.285382519,1.0
7975,4.134774924,1.0,59.924864821,1.0
7976,4.134774924,1.0,3.604027164,1.0
7977,4.134774924,1.0,11.232143896,1.0
7978,4.134774924,1.0,1.85862259,1.0
7979,4.134774924,1.0,5.638247624,1.0
7980,4.134774924,1.0,0.2336933914,1.0
7981,4.134774924,1.0,0.03889010165,1.0
7982,4.134774924,1.0,2.888906621,1.0
7983,4.134774924,1.0,4.818425218,1.0
7984,4.134774924,1.0,0.2951445344,1.0
7985,4.134774924,1.0,5.412612741,1.0
7986,4.134774924,1.0,23.390458917,1.0
7987,4.134774924,1.0,6.218754449,1.0
7988,4.134774924,1.0,6.205428816,1.0
7989,4.134774924,1.0,63.569424162,1.0
7990,4.134774924,1.0,5.450804765,1.0
7991,4.134774924,1.0,35.190700103,1.0
7992,4.134774924,1.0,9.537564947,1.0
7993,4.134774924,1.0,4.119021003,1.0
7994,4.134774924,1.0,4.427730716,1.0
7995,5.189647153,1.0,67.285382519,1.0
7996,5.189647153,1.0,6.106868048,1.0
7997,5.189647153,1.0,6.049206712,1.0
7998,5.189647153,1.0,6.057768872,1.0
7999,5.189647153,1.0,5.173046124,1.0
8000,5.189647153,1.0,21.47320625,1.0
8001,5.189647153,1.0,22.627451627,1.0
8002,5.189647153,1.0,10.561206156,1.0
8003,5.189647153,1.0,16.746607955,1.0
8004,5.189647153,1.0,5.816563551,1.0
8005,5.189647153,1.0,15.066753188,1.0
8006,5.189647153,1.0,7.326654522,1.0
8007,5.189647153,1.0,5.913494239,1.0
8008,5.189647153,1.0,29.064479699,1.0
8009,5.189647153,1.0,8.078335378,1.0
8010,5.189647153,1.0,8.599022846,1.0
8011,5.189647153,1.0,4.063647561,1.0
8012,5.189647153,1.0,41.816248515,1.0
8013,5.189647153,1.0,16.219736768,1.0
8014,5.189647153,1.0,13.445185063,1.0
8015,5.189647153,1.0,6.884917469,1.0
8016,5.189647153,1.0,1.461947367,1.0
8017,5.189647153,1.0,4.137506743,1.0
8018,5.189647153,1.0,24.186224197,1.0
8019,5.189647153,1.0,11.362555877,1.0
8020,5.189647153,1.0,6.257818439,1.0
8021,5.189647153,1.0,12.715212237,1.0
8022,5.189647153,1.0,8.243241662,1.0
8023,5.189647153,1.0,35.190700103,1.0
8024,5.189647153,1.0,4.537477814,1.0
8025,5.189647153,1.0,11.778400279,1.0
8026,5.189647153,1.0,41.790035293,1.0
8027,2.726007976,1.0,67.285382519,1.0
8028,2.726007976,1.0,5.113142616,1.0
8029,2.726007976,1.0,12.644266328,1.0
8030,2.726007976,1.0,153.378432818,1.0
8031,2.726007976,1.0,20.540037372,1.0
8032,2.726007976,1.0,4.092789708,1.0
8033,2.726007976,1.0,5.424393042,1.0
8034,2.726007976,1.0,30.39277946,1.0
8035,2.726007976,1.0,3.280174261,1.0
8036,2.726007976,1.0,21.342876657,1.0
8037,2.726007976,1.0,1.807864563,1.0
8038,2.726007976,1.0,8.495133609,1.0
8039,2.726007976,1.0,6.109671996,1.0
8040,2.726007976,1.0,2.326729959,1.0
8041,2.726007976,1.0,7.748182289,1.0
8042,2.726007976,1.0,5.146293333,1.0
8043,2.726007976,1.0,9.515976293,1.0
8044,2.726007976,1.0,2.747730392,1.0
8045,2.726007976,1.0,14.467004793,1.0
8046,2.726007976,1.0,3.261338689,1.0
8047,2.726007976,1.0,2.043936169,1.0
8048,2.726007976,1.0,2.058667752,1.0
8049,2.726007976,1.0,8.034464228,1.0
8050,2.726007976,1.0,4.829505682,1.0
8051,15.066753188,1.0,67.285382519,1.0
8052,15.066753188,1.0,59.924864821,1.0
8053,15.066753188,1.0,6.106868048,1.0
8054,15.066753188,1.0,3.321907625,1.0
8055,15.066753188,1.0,76.104832671,1.0
8056,15.066753188,1.0,12.457716354,1.0
8057,15.066753188,1.0,40.90551563,1.0
8058,15.066753188,1.0,7.500010293,1.0
8059,15.066753188,1.0,10.038287437,1.0
8060,15.066753188,1.0,6.904083149,1.0
8061,15.066753188,1.0,53.620745395,1.0
8062,15.066753188,1.0,6.057768872,1.0
8063,15.066753188,1.0,5.173046124,1.0
8064,15.066753188,1.0,21.47320625,1.0
8065,15.066753188,1.0,5.189647153,1.0
8066,15.066753188,1.0,21.957598551,1.0
8067,15.066753188,1.0,10.561206156,1.0
8068,15.066753188,1.0,8.327704218,1.0
8069,15.066753188,1.0,5.816563551,1.0
8070,15.066753188,1.0,7.326654522,1.0
8071,15.066753188,1.0,5.913494239,1.0
8072,15.066753188,1.0,29.064479699,1.0
8073,15.066753188,1.0,8.599022846,1.0
8074,15.066753188,1.0,4.063647561,1.0
8075,15.066753188,1.0,41.816248515,1.0
8076,15.066753188,1.0,8.295439778,1.0
8077,15.066753188,1.0,6.893769984,1.0
8078,15.066753188,1.0,6.305349834,1.0
8079,15.066753188,1.0,10.198167248,1.0
8080,15.066753188,1.0,19.845513323,1.0
8081,15.066753188,1.0,17.888502667,1.0
8082,15.066753188,1.0,8.988959255,1.0
8083,7.748182289,1.0,67.285382519,1.0
8084,7.748182289,1.0,2.869133341,1.0
8085,7.748182289,1.0,12.644266328,1.0
8086,7.748182289,1.0,6.749450958,1.0
8087,7.748182289,1.0,30.39277946,1.0
8088,7.748182289,1.0,3.280174261,1.0
8089,7.748182289,1.0,21.342876657,1.0
8090,7.748182289,1.0,17.86679629,1.0
8091,7.748182289,1.0,1.807864563,1.0
8092,7.748182289,1.0,2.726007976,1.0
8093,7.748182289,1.0,6.109671996,1.0
8094,7.748182289,1.0,5.146293333,1.0
8095,7.748182289,1.0,9.442750188,1.0
8096,7.748182289,1.0,2.982104604,1.0
8097,7.748182289,1.0,2.747730392,1.0
8098,7.748182289,1.0,6.288576781,1.0
8099,7.748182289,1.0,1.341409792,1.0
8100,7.748182289,1.0,49.330409711,1.0
8101,7.748182289,1.0,1.61505013,1.0
8102,7.748182289,1.0,6.055020615,1.0
8103,7.748182289,1.0,4.115432502,1.0
8104,7.748182289,1.0,3.191550099,1.0
8105,7.748182289,1.0,4.995556646,1.0
8106,7.748182289,1.0,2.723601479,1.0
8107,7.748182289,1.0,3.799529216,1.0
8108,7.748182289,1.0,3.316393044,1.0
8109,7.748182289,1.0,2.058667752,1.0
8110,7.748182289,1.0,4.046228683,1.0
8111,7.748182289,1.0,4.829505682,1.0
8112,16.219736768,1.0,67.285382519,1.0
8113,16.219736768,1.0,5.843490694,1.0
8114,16.219736768,1.0,9.496850496,1.0
8115,16.219736768,1.0,6.5091864,1.0
8116,16.219736768,1.0,5.980333505,1.0
8117,16.219736768,1.0,1.930209873,1.0
8118,16.219736768,1.0,5.995996753,1.0
8119,16.219736768,1.0,629.457019025,1.0
8120,16.219736768,1.0,5.547187136,1.0
8121,16.219736768,1.0,1.462530536,1.0
8122,16.219736768,1.0,5.173046124,1.0
8123,16.219736768,1.0,21.47320625,1.0
8124,16.219736768,1.0,6.63113924,1.0
8125,16.219736768,1.0,16.746607955,1.0
8126,16.219736768,1.0,15.189863814,1.0
8127,16.219736768,1.0,8.020350441,1.0
8128,16.219736768,1.0,8.327704218,1.0
8129,16.219736768,1.0,6.063404837,1.0
8130,16.219736768,1.0,29.064479699,1.0
8131,16.219736768,1.0,23.163711763,1.0
8132,16.219736768,1.0,8.078335378,1.0
8133,16.219736768,1.0,8.599022846,1.0
8134,16.219736768,1.0,4.357638184,1.0
8135,16.219736768,1.0,4.063647561,1.0
8136,16.219736768,1.0,41.816248515,1.0
8137,16.219736768,1.0,10.277541211,1.0
8138,16.219736768,1.0,7.228822587,1.0
8139,16.219736768,1.0,6.205428816,1.0
8140,16.219736768,1.0,7.989855372,0.0
8141,16.219736768,1.0,7.135698552,1.0
8142,16.219736768,1.0,2.197170175,1.0
8143,16.219736768,1.0,13.070268138,1.0
8144,16.219736768,1.0,112.099655851,1.0
8145,16.219736768,1.0,1.393107025,1.0
8146,16.219736768,1.0,11.778400279,1.0
8147,49.330409711,1.0,67.285382519,1.0
8148,49.330409711,1.0,26.456682526,1.0
8149,49.330409711,1.0,1.758055141,1.0
8150,49.330409711,1.0,4.860815553,1.0
8151,49.330409711,1.0,5.971852864,1.0
8152,49.330409711,1.0,3.441904024,1.0
8153,49.330409711,1.0,46.94762608,1.0
8154,49.330409711,1.0,21.342876657,1.0
8155,49.330409711,1.0,10.478257015,1.0
8156,49.330409711,1.0,7.41032757,1.0
8157,49.330409711,1.0,3.697724209,1.0
8158,49.330409711,1.0,76.190513876,0.0
8159,49.330409711,1.0,2.942608565,1.0
8160,49.330409711,1.0,16.746607955,1.0
8161,49.330409711,1.0,2.726007976,1.0
8162,49.330409711,1.0,2.326729959,1.0
8163,49.330409711,1.0,6.588528896,1.0
8164,49.330409711,1.0,29.064479699,1.0
8165,49.330409711,1.0,2.982104604,1.0
8166,49.330409711,1.0,41.816248515,1.0
8167,49.330409711,1.0,8.123570646,1.0
8168,49.330409711,1.0,11.305962931,1.0
8169,49.330409711,1.0,3.915305063,1.0
8170,49.330409711,1.0,6.076137367,1.0
8171,49.330409711,1.0,20.418653862,1.0
8172,49.330409711,1.0,5.847750914,1.0
8173,49.330409711,1.0,13.574966657,1.0
8174,49.330409711,1.0,5.447870108,1.0
8175,49.330409711,1.0,6.963512648,1.0
8176,49.330409711,1.0,2.632581182,0.0
8177,49.330409711,1.0,7.228822587,1.0
8178,49.330409711,1.0,24.186224197,1.0
8179,49.330409711,1.0,13.070268138,1.0
8180,49.330409711,1.0,8.102589681,1.0
8181,49.330409711,1.0,0.3532749374,1.0
8182,49.330409711,1.0,45.854721033,1.0
8183,49.330409711,1.0,30.150731299,1.0
8184,49.330409711,1.0,30.637355167,1.0
8185,49.330409711,1.0,8.843522305,1.0
8186,49.330409711,1.0,3.101439572,1.0
8187,49.330409711,1.0,112.099655851,1.0
8188,49.330409711,1.0,3.581472819,1.0
8189,49.330409711,1.0,0.8518332926,1.0
8190,49.330409711,1.0,0.5816461023,1.0
8191,49.330409711,1.0,12.715212237,1.0
8192,49.330409711,1.0,8.243241662,1.0
8193,49.330409711,1.0,8.473312072,1.0
8194,49.330409711,1.0,29.988838829,1.0
8195,49.330409711,1.0,46.769484107,0.0
8196,49.330409711,1.0,26.111237618,1.0
8197,49.330409711,1.0,35.190700103,1.0
8198,49.330409711,1.0,27.889315576,1.0
8199,49.330409711,1.0,24.65499671,1.0
8200,49.330409711,1.0,6.419404649,1.0
8201,49.330409711,1.0,0.3344836215,1.0
8202,49.330409711,1.0,5.257523475,1.0
8203,49.330409711,1.0,147.947753554,1.0
8204,49.330409711,1.0,205.461120806,1.0
8205,49.330409711,1.0,14.45689817,1.0
8206,49.330409711,1.0,11.778400279,1.0
8207,49.330409711,1.0,22.38547886,1.0
8208,49.330409711,1.0,2.072367769,1.0
8209,49.330409711,1.0,39.845944866,1.0
8210,49.330409711,1.0,15.870165456,1.0
8211,49.330409711,1.0,7.862834024,1.0
8212,49.330409711,1.0,12.023650799,1.0
8213,6.120753644,1.0,67.285382519,1.0
8214,6.120753644,1.0,5.113142616,1.0
8215,6.120753644,1.0,2.2197354,1.0
8216,6.120753644,1.0,13.445185063,1.0
8217,6.120753644,1.0,6.394778045,1.0
8218,6.120753644,1.0,18.996217281,1.0
8219,6.120753644,1.0,28.598737411,1.0
8220,6.120753644,1.0,12.671115978,1.0
8221,6.120753644,1.0,5.506224572,1.0
8222,6.120753644,1.0,15.149110824,1.0
8223,6.120753644,1.0,5.996384101,1.0
8224,6.120753644,1.0,5.894179482,1.0
8225,6.120753644,1.0,18.99975294,1.0
8226,6.120753644,1.0,4.140323188,1.0
8227,6.120753644,1.0,5.840658135,1.0
8228,6.120753644,1.0,8.995419211,1.0
8229,6.120753644,1.0,5.318849241,1.0
8230,6.120753644,1.0,4.408001027,1.0
8231,6.120753644,1.0,25.0116746,1.0
8232,6.696029248,1.0,67.285382519,1.0
8233,6.696029248,1.0,13.012196231,1.0
8234,6.696029248,1.0,4.359083834,1.0
8235,6.696029248,1.0,10.635386245,1.0
8236,6.696029248,1.0,2.726007976,1.0
8237,6.696029248,1.0,4.193583381,1.0
8238,6.696029248,1.0,1.21352677,1.0
8239,6.696029248,1.0,0.2951445344,1.0
8240,6.696029248,1.0,8.45860943,1.0
8241,6.696029248,1.0,6.884917469,1.0
8242,6.696029248,1.0,19.806237448,1.0
8243,6.696029248,1.0,6.782565889,1.0
8244,6.696029248,1.0,5.412612741,1.0
8245,6.696029248,1.0,9.71155112,1.0
8246,6.696029248,1.0,8.295439778,1.0
8247,6.696029248,1.0,3.177860741,1.0
8248,6.696029248,1.0,8.068554411,1.0
8249,6.696029248,1.0,6.218754449,1.0
8250,6.696029248,1.0,4.207592557,1.0
8251,6.696029248,1.0,2.390961954,1.0
8252,6.696029248,1.0,7.9903188,1.0
8253,8.45860943,1.0,67.285382519,1.0
8254,8.45860943,1.0,8.501191644,1.0
8255,8.45860943,1.0,20.540037372,1.0
8256,8.45860943,1.0,3.365340535,1.0
8257,8.45860943,1.0,9.141805687,1.0
8258,8.45860943,1.0,7.41032757,1.0
8259,8.45860943,1.0,9.643040622,1.0
8260,8.45860943,1.0,27.334429574,1.0
8261,8.45860943,1.0,15.189863814,1.0
8262,8.45860943,1.0,8.123570646,1.0
8263,8.45860943,1.0,4.193583381,1.0
8264,8.45860943,1.0,5.142898705,1.0
8265,8.45860943,1.0,3.389171977,1.0
8266,8.45860943,1.0,17.059242232,1.0
8267,8.45860943,1.0,8.188774877,1.0
8268,8.45860943,1.0,7.253592044,1.0
8269,8.45860943,1.0,19.806237448,1.0
8270,8.45860943,1.0,1.461947367,1.0
8271,8.45860943,1.0,4.137506743,1.0
8272,8.45860943,1.0,6.086591474,1.0
8273,8.45860943,1.0,5.412612741,1.0
8274,8.45860943,1.0,1.213586358,1.0
8275,8.45860943,1.0,15.149110824,1.0
8276,8.45860943,1.0,18.341066883,1.0
8277,8.45860943,1.0,3.559635685,1.0
8278,8.45860943,1.0,13.574966657,1.0
8279,8.45860943,1.0,3.177860741,1.0
8280,8.45860943,1.0,5.542460168,1.0
8281,8.45860943,1.0,8.068554411,1.0
8282,8.45860943,1.0,10.861725655,1.0
8283,8.45860943,1.0,4.207592557,1.0
8284,8.45860943,1.0,6.963512648,1.0
8285,8.45860943,1.0,6.205428816,1.0
8286,8.45860943,1.0,3.738174695,1.0
8287,8.45860943,1.0,8.516840935,1.0
8288,8.45860943,1.0,6.026101551,1.0
8289,8.45860943,1.0,3.094750764,1.0
8290,8.45860943,1.0,80.515084524,1.0
8291,8.45860943,1.0,8.196082118,1.0
8292,8.45860943,1.0,5.872903346,1.0
8293,8.45860943,1.0,8.070385649,1.0
8294,2.271211233,1.0,67.285382519,1.0
8295,2.271211233,1.0,3.660314357,1.0
8296,2.271211233,1.0,5.17795514,1.0
8297,2.271211233,1.0,1.681462384,1.0
8298,2.271211233,1.0,3.341894097,1.0
8299,2.271211233,1.0,1.64516445,1.0
8300,2.271211233,1.0,2.043936169,1.0
8301,2.271211233,1.0,6.17753814,1.0
8302,2.271211233,1.0,11.305962931,1.0
8303,2.271211233,1.0,3.071931185,1.0
8304,2.271211233,1.0,5.306124882,1.0
8305,2.271211233,1.0,4.743119874,1.0
8306,2.271211233,1.0,63.569424162,1.0
8307,2.271211233,1.0,35.190700103,1.0
8308,2.271211233,1.0,6.477636474,1.0
8309,2.271211233,1.0,2.148455503,1.0
8310,2.271211233,1.0,7.834900296,1.0
8311,2.271211233,1.0,1.400644306,1.0
8312,2.271211233,1.0,5.538429016,1.0
8313,2.271211233,1.0,10.397099174,1.0
8314,2.271211233,1.0,19.300014971,1.0
8315,6.396409402,1.0,67.285382519,1.0
8316,6.396409402,1.0,9.643040622,1.0
8317,6.396409402,1.0,8.495133609,1.0
8318,6.396409402,1.0,14.075695698,1.0
8319,6.396409402,1.0,10.349034039,1.0
8320,6.396409402,1.0,11.305962931,1.0
8321,6.396409402,1.0,5.722009525,0.0
8322,6.396409402,1.0,18.996217281,1.0
8323,6.396409402,1.0,2.271211233,1.0
8324,6.396409402,1.0,1.419281651,1.0
8325,6.396409402,1.0,3.238436483,1.0
8326,6.396409402,1.0,16.330971967,1.0
8327,6.396409402,1.0,7.758727092,1.0
8328,6.396409402,1.0,4.743119874,1.0
8329,6.396409402,1.0,4.621428657,1.0
8330,6.396409402,1.0,24.65499671,1.0
8331,6.396409402,1.0,5.648012104,1.0
8332,6.396409402,1.0,39.845944866,1.0
8333,12.671115978,1.0,67.285382519,1.0
8334,12.671115978,1.0,17.546131361,1.0
8335,12.671115978,1.0,13.61728709,1.0
8336,12.671115978,1.0,8.358868309,1.0
8337,12.671115978,1.0,2.2197354,1.0
8338,12.671115978,1.0,3.341894097,1.0
8339,12.671115978,1.0,10.016669087,1.0
8340,12.671115978,1.0,22.78146695,1.0
8341,12.671115978,1.0,21.342876657,1.0
8342,12.671115978,1.0,9.643040622,1.0
8343,12.671115978,1.0,2.747730392,1.0
8344,12.671115978,1.0,6.120753644,1.0
8345,12.671115978,1.0,4.193583381,1.0
8346,12.671115978,1.0,5.142898705,1.0
8347,12.671115978,1.0,3.389171977,1.0
8348,12.671115978,1.0,17.059242232,1.0
8349,12.671115978,1.0,6.696029248,1.0
8350,12.671115978,1.0,10.349034039,1.0
8351,12.671115978,1.0,11.809729744,1.0
8352,12.671115978,1.0,33.569029236,1.0
8353,12.671115978,1.0,6.394778045,1.0
8354,12.671115978,1.0,18.996217281,1.0
8355,12.671115978,1.0,18.195908064,1.0
8356,12.671115978,1.0,9.525955471,1.0
8357,12.671115978,1.0,18.00089822,1.0
8358,12.671115978,1.0,5.506224572,1.0
8359,12.671115978,1.0,5.847750914,1.0
8360,12.671115978,1.0,15.149110824,1.0
8361,12.671115978,1.0,5.996384101,1.0
8362,12.671115978,1.0,18.99975294,1.0
8363,12.671115978,1.0,3.836845692,1.0
8364,12.671115978,1.0,16.462756475,1.0
8365,12.671115978,1.0,12.780643481,1.0
8366,12.671115978,1.0,3.822486041,1.0
8367,12.671115978,1.0,3.101439572,1.0
8368,12.671115978,1.0,5.823561992,1.0
8369,8.295439778,1.0,67.285382519,1.0
8370,8.295439778,1.0,3.321907625,1.0
8371,8.295439778,1.0,0.03889010165,1.0
8372,8.295439778,1.0,5.362171947,1.0
8373,8.295439778,1.0,40.90551563,1.0
8374,8.295439778,1.0,6.795597285,1.0
8375,8.295439778,1.0,6.05151979,1.0
8376,8.295439778,1.0,0.4262515307,1.0
8377,8.295439778,1.0,22.78146695,1.0
8378,8.295439778,1.0,7.41032757,1.0
8379,8.295439778,1.0,16.219736768,1.0
8380,8.295439778,1.0,6.696029248,1.0
8381,8.295439778,1.0,8.188774877,1.0
8382,8.295439778,1.0,3.915305063,1.0
8383,8.295439778,1.0,0.2951445344,1.0
8384,8.295439778,1.0,28.598737411,1.0
8385,8.295439778,1.0,6.884917469,1.0
8386,8.295439778,1.0,1.380324536,1.0
8387,8.295439778,1.0,19.806237448,1.0
8388,8.295439778,1.0,1.461947367,1.0
8389,8.295439778,1.0,12.671115978,1.0
8390,8.295439778,1.0,6.782565889,1.0
8391,8.295439778,1.0,5.412612741,1.0
8392,8.295439778,1.0,9.71155112,1.0
8393,8.295439778,1.0,8.573559835,0.0
8394,8.295439778,1.0,14.040953069,1.0
8395,8.295439778,1.0,3.811754697,1.0
8396,8.295439778,1.0,18.341066883,1.0
8397,8.295439778,1.0,3.767829505,1.0
8398,8.295439778,1.0,13.574966657,1.0
8399,8.295439778,1.0,3.177860741,1.0
8400,8.295439778,1.0,5.542460168,1.0
8401,8.295439778,1.0,6.305349834,1.0
8402,8.295439778,1.0,6.218754449,1.0
8403,8.295439778,1.0,4.207592557,1.0
8404,8.295439778,1.0,10.198167248,1.0
8405,8.295439778,1.0,11.253524316,1.0
8406,8.295439778,1.0,2.931256178,1.0
8407,8.295439778,1.0,7.025923962,1.0
8408,8.295439778,1.0,1.793332891,1.0
8409,8.295439778,1.0,18.855302324,1.0
8410,8.295439778,1.0,6.026101551,1.0
8411,8.295439778,1.0,7.9903188,1.0
8412,14.040953069,1.0,67.285382519,1.0
8413,14.040953069,1.0,26.456682526,1.0
8414,14.040953069,1.0,9.496850496,1.0
8415,14.040953069,1.0,14.256756103,1.0
8416,14.040953069,1.0,14.744961584,1.0
8417,14.040953069,1.0,1.344673725,1.0
8418,14.040953069,1.0,10.181441025,1.0
8419,14.040953069,1.0,7.600481659,1.0
8420,14.040953069,1.0,20.540037372,1.0
8421,14.040953069,1.0,3.255616154,1.0
8422,14.040953069,1.0,5.951084905,1.0
8423,14.040953069,1.0,629.457019025,1.0
8424,14.040953069,1.0,36.089846175,1.0
8425,14.040953069,1.0,10.016669087,1.0
8426,14.040953069,1.0,5.075006428,1.0
8427,14.040953069,1.0,5.068988668,1.0
8428,14.040953069,1.0,17.059242232,1.0
8429,14.040953069,1.0,5.292400948,1.0
8430,14.040953069,1.0,4.381866605,1.0
8431,14.040953069,1.0,6.179985299,1.0
8432,14.040953069,1.0,0.2951445344,1.0
8433,14.040953069,1.0,33.569029236,1.0
8434,14.040953069,1.0,8.45860943,1.0
8435,14.040953069,1.0,28.598737411,1.0
8436,14.040953069,1.0,6.884917469,1.0
8437,14.040953069,1.0,7.253592044,1.0
8438,14.040953069,1.0,19.806237448,1.0
8439,14.040953069,1.0,1.461947367,1.0
8440,14.040953069,1.0,9.082305407,1.0
8441,14.040953069,1.0,9.71155112,1.0
8442,14.040953069,1.0,8.295439778,1.0
8443,14.040953069,1.0,9.850920108,0.0
8444,14.040953069,1.0,5.237392338,1.0
8445,14.040953069,1.0,18.00089822,1.0
8446,14.040953069,1.0,7.076362169,1.0
8447,14.040953069,1.0,23.390458917,1.0
8448,14.040953069,1.0,18.341066883,1.0
8449,14.040953069,1.0,3.559635685,1.0
8450,14.040953069,1.0,3.961920632,1.0
8451,14.040953069,1.0,13.574966657,1.0
8452,14.040953069,1.0,7.659051738,1.0
8453,14.040953069,1.0,5.542460168,1.0
8454,14.040953069,1.0,6.305349834,1.0
8455,14.040953069,1.0,8.068554411,1.0
8456,14.040953069,1.0,6.963512648,1.0
8457,14.040953069,1.0,13.297675544,1.0
8458,14.040953069,1.0,5.840658135,1.0
8459,14.040953069,1.0,7.750732528,1.0
8460,14.040953069,1.0,2.390961954,1.0
8461,14.040953069,1.0,10.198167248,1.0
8462,14.040953069,1.0,19.845513323,1.0
8463,14.040953069,1.0,11.253524316,1.0
8464,14.040953069,1.0,8.516840935,1.0
8465,14.040953069,1.0,29.988838829,1.0
8466,14.040953069,1.0,18.855302324,1.0
8467,14.040953069,1.0,8.334980135,1.0
8468,14.040953069,1.0,5.219724345,1.0
8469,14.040953069,1.0,8.196082118,1.0
8470,14.040953069,1.0,25.0116746,1.0
8471,14.040953069,1.0,6.254853155,1.0
8472,14.040953069,1.0,91.156961989,1.0
8473,5.237392338,1.0,67.285382519,1.0
8474,5.237392338,1.0,11.770692834,1.0
8475,5.237392338,1.0,14.256756103,1.0
8476,5.237392338,1.0,14.639793863,1.0
8477,5.237392338,1.0,5.951084905,1.0
8478,5.237392338,1.0,10.016669087,1.0
8479,5.237392338,1.0,28.598737411,1.0
8480,5.237392338,1.0,7.253592044,1.0
8481,5.237392338,1.0,19.806237448,1.0
8482,5.237392338,1.0,1.461947367,1.0
8483,5.237392338,1.0,9.082305407,1.0
8484,5.237392338,1.0,6.782565889,1.0
8485,5.237392338,1.0,23.390458917,1.0
8486,5.237392338,1.0,5.506224572,1.0
8487,5.237392338,1.0,18.341066883,1.0
8488,5.237392338,1.0,3.177860741,1.0
8489,5.237392338,1.0,5.542460168,1.0
8490,5.237392338,1.0,6.963512648,1.0
8491,5.237392338,1.0,2.390961954,1.0
8492,5.237392338,1.0,18.855302324,1.0
8493,5.237392338,1.0,7.9903188,1.0
8494,5.237392338,1.0,3.923454175,1.0
8495,5.237392338,1.0,21.17309223,1.0
8496,12.314548823,1.0,67.285382519,1.0
8497,12.314548823,1.0,11.65146074,1.0
8498,12.314548823,1.0,9.900612688,1.0
8499,12.314548823,1.0,12.776298295,1.0
8500,12.314548823,1.0,8.187427692,1.0
8501,12.314548823,1.0,4.051893071,1.0
8502,12.314548823,1.0,10.016669087,1.0
8503,12.314548823,1.0,5.075006428,1.0
8504,12.314548823,1.0,4.678165374,1.0
8505,12.314548823,1.0,7.41032757,1.0
8506,12.314548823,1.0,8.629651598,1.0
8507,12.314548823,1.0,15.776847279,1.0
8508,12.314548823,1.0,6.076137367,1.0
8509,12.314548823,1.0,33.569029236,1.0
8510,12.314548823,1.0,8.45860943,1.0
8511,12.314548823,1.0,5.000374071,0.0
8512,12.314548823,1.0,6.086591474,1.0
8513,12.314548823,1.0,9.082305407,1.0
8514,12.314548823,1.0,18.341066883,1.0
8515,12.314548823,1.0,3.559635685,1.0
8516,12.314548823,1.0,10.9074083,1.0
8517,12.314548823,1.0,13.574966657,1.0
8518,12.314548823,1.0,4.167107991,0.0
8519,12.314548823,1.0,6.305349834,1.0
8520,12.314548823,1.0,8.068554411,1.0
8521,12.314548823,1.0,6.218754449,1.0
8522,12.314548823,1.0,10.861725655,1.0
8523,12.314548823,1.0,4.491154076,1.0
8524,12.314548823,1.0,4.172027313,1.0
8525,12.314548823,1.0,6.205428816,1.0
8526,12.314548823,1.0,9.011999131,1.0
8527,12.314548823,1.0,10.198167248,1.0
8528,12.314548823,1.0,11.535903549,1.0
8529,12.314548823,1.0,4.621428657,1.0
8530,12.314548823,1.0,5.318849241,1.0
8531,12.314548823,1.0,3.637886738,1.0
8532,12.314548823,1.0,6.790219312,1.0
8533,12.314548823,1.0,38.515792955,1.0
8534,12.314548823,1.0,18.855302324,1.0
8535,12.314548823,1.0,19.467428092,1.0
8536,12.314548823,1.0,5.648012104,1.0
8537,12.314548823,1.0,8.334980135,1.0
8538,12.314548823,1.0,5.219724345,1.0
8539,12.314548823,1.0,7.362360638,1.0
8540,12.314548823,1.0,9.565858774,1.0
8541,18.00089822,1.0,67.285382519,1.0
8542,18.00089822,1.0,18.95354209,1.0
8543,18.00089822,1.0,1.681462384,1.0
8544,18.00089822,1.0,2.257905961,1.0
8545,18.00089822,1.0,12.666276573,1.0
8546,18.00089822,1.0,4.051893071,1.0
8547,18.00089822,1.0,0.4760886682,1.0
8548,18.00089822,1.0,21.342876657,1.0
8549,18.00089822,1.0,9.643040622,1.0
8550,18.00089822,1.0,29.064479699,1.0
8551,18.00089822,1.0,4.193583381,1.0
8552,18.00089822,1.0,5.142898705,1.0
8553,18.00089822,1.0,3.389171977,1.0
8554,18.00089822,1.0,6.696029248,1.0
8555,18.00089822,1.0,8.188774877,1.0
8556,18.00089822,1.0,11.809729744,1.0
8557,18.00089822,1.0,0.2951445344,1.0
8558,18.00089822,1.0,18.996217281,1.0
8559,18.00089822,1.0,19.806237448,1.0
8560,18.00089822,1.0,20.418653862,1.0
8561,18.00089822,1.0,18.195908064,1.0
8562,18.00089822,1.0,15.453245152,0.0
8563,18.00089822,1.0,23.390458917,1.0
8564,18.00089822,1.0,5.506224572,1.0
8565,18.00089822,1.0,5.996384101,1.0
8566,18.00089822,1.0,18.341066883,1.0
8567,18.00089822,1.0,3.767829505,1.0
8568,18.00089822,1.0,5.894179482,1.0
8569,18.00089822,1.0,5.447870108,1.0
8570,18.00089822,1.0,6.305349834,1.0
8571,18.00089822,1.0,10.861725655,1.0
8572,18.00089822,1.0,3.191550099,1.0
8573,18.00089822,1.0,18.99975294,1.0
8574,18.00089822,1.0,3.836845692,1.0
8575,18.00089822,1.0,16.462756475,1.0
8576,18.00089822,1.0,10.198167248,1.0
8577,18.00089822,1.0,10.639342998,0.0
8578,18.00089822,1.0,7.491649438,1.0
8579,18.00089822,1.0,1.280519931,1.0
8580,18.00089822,1.0,7.834900296,1.0
8581,18.00089822,1.0,15.870165456,1.0
8582,18.00089822,1.0,91.156961989,1.0
8583,3.73091468,1.0,67.285382519,1.0
8584,3.73091468,1.0,11.958363872,1.0
8585,3.73091468,1.0,7.326654522,1.0
8586,3.73091468,1.0,5.068988668,1.0
8587,3.73091468,1.0,17.059242232,1.0
8588,3.73091468,1.0,11.863979571,1.0
8589,3.73091468,1.0,15.776847279,1.0
8590,3.73091468,1.0,5.814209188,1.0
8591,3.73091468,1.0,16.986753427,1.0
8592,3.73091468,1.0,3.855461904,1.0
8593,3.73091468,1.0,5.97652199,1.0
8594,3.73091468,1.0,6.480753385,1.0
8595,3.73091468,1.0,7.469166361,1.0
8596,3.73091468,1.0,4.513045268,1.0
8597,3.73091468,1.0,3.811754697,1.0
8598,3.73091468,1.0,7.659051738,1.0
8599,3.73091468,1.0,13.297675544,1.0
8600,3.73091468,1.0,8.107437704,1.0
8601,3.73091468,1.0,10.235504409,1.0
8602,3.73091468,1.0,6.790219312,1.0
8603,3.73091468,1.0,21.17309223,1.0
8604,6.816885683,1.0,67.285382519,1.0
8605,6.816885683,1.0,106.415627612,1.0
8606,6.816885683,1.0,6.980209921,1.0
8607,6.816885683,1.0,37.98547584,1.0
8608,6.816885683,1.0,130.865646049,1.0
8609,6.816885683,1.0,10.013880072,1.0
8610,6.816885683,1.0,3.255616154,1.0
8611,6.816885683,1.0,10.510975334,1.0
8612,6.816885683,1.0,2.2197354,1.0
8613,6.816885683,1.0,7.41032757,1.0
8614,6.816885683,1.0,23.009498747,1.0
8615,6.816885683,1.0,4.193583381,1.0
8616,6.816885683,1.0,1.21352677,1.0
8617,6.816885683,1.0,15.776847279,1.0
8618,6.816885683,1.0,6.179985299,1.0
8619,6.816885683,1.0,16.986753427,1.0
8620,6.816885683,1.0,19.806237448,1.0
8621,6.816885683,1.0,20.418653862,1.0
8622,6.816885683,1.0,3.72542787,1.0
8623,6.816885683,1.0,8.295439778,1.0
8624,6.816885683,1.0,12.314548823,1.0
8625,6.816885683,1.0,18.00089822,1.0
8626,6.816885683,1.0,3.811754697,1.0
8627,6.816885683,1.0,6.893769984,1.0
8628,6.816885683,1.0,5.996384101,1.0
8629,6.816885683,1.0,18.341066883,1.0
8630,6.816885683,1.0,6.305349834,1.0
8631,6.816885683,1.0,3.560045955,1.0
8632,6.816885683,1.0,6.218754449,1.0
8633,6.816885683,1.0,4.172027313,1.0
8634,6.816885683,1.0,4.177580885,1.0
8635,6.816885683,1.0,6.23365539,1.0
8636,6.816885683,1.0,7.308146865,1.0
8637,6.816885683,1.0,25.0116746,1.0
8638,6.305349834,1.0,67.285382519,1.0
8639,6.305349834,1.0,11.65146074,1.0
8640,6.305349834,1.0,9.900612688,1.0
8641,6.305349834,1.0,10.181441025,1.0
8642,6.305349834,1.0,40.90551563,1.0
8643,6.305349834,1.0,7.500010293,1.0
8644,6.305349834,1.0,2.666798276,1.0
8645,6.305349834,1.0,4.614399465,1.0
8646,6.305349834,1.0,10.038287437,1.0
8647,6.305349834,1.0,46.94762608,1.0
8648,6.305349834,1.0,22.78146695,1.0
8649,6.305349834,1.0,53.620745395,1.0
8650,6.305349834,1.0,7.41032757,1.0
8651,6.305349834,1.0,15.066753188,1.0
8652,6.305349834,1.0,6.588528896,1.0
8653,6.305349834,1.0,6.696029248,1.0
8654,6.305349834,1.0,3.331422192,1.0
8655,6.305349834,1.0,6.086591474,1.0
8656,6.305349834,1.0,14.040953069,1.0
8657,6.305349834,1.0,8.068554411,1.0
8658,6.305349834,1.0,4.177580885,1.0
8659,6.305349834,1.0,3.238436483,1.0
8660,6.305349834,1.0,5.800114647,1.0
8661,6.305349834,1.0,63.569424162,1.0
8662,6.305349834,1.0,8.105857013,1.0
8663,6.305349834,1.0,4.818576649,1.0
8664,6.305349834,1.0,6.477636474,1.0
8665,6.305349834,1.0,3.764193323,1.0
8666,6.305349834,1.0,5.648012104,1.0
8667,6.305349834,1.0,8.988959255,1.0
8668,6.305349834,1.0,4.537477814,1.0
8669,6.305349834,1.0,7.9903188,1.0
8670,6.305349834,1.0,0.8613647712,1.0
8671,6.305349834,1.0,1.200808632,1.0
8672,6.218754449,1.0,67.285382519,1.0
8673,6.218754449,1.0,4.359083834,1.0
8674,6.218754449,1.0,4.051893071,1.0
8675,6.218754449,1.0,5.951084905,1.0
8676,6.218754449,1.0,5.075006428,1.0
8677,6.218754449,1.0,7.41032757,1.0
8678,6.218754449,1.0,15.776847279,1.0
8679,6.218754449,1.0,3.62084223,1.0
8680,6.218754449,1.0,0.2951445344,1.0
8681,6.218754449,1.0,8.45860943,1.0
8682,6.218754449,1.0,6.884917469,1.0
8683,6.218754449,1.0,9.71155112,1.0
8684,6.218754449,1.0,8.295439778,1.0
8685,6.218754449,1.0,12.314548823,1.0
8686,6.218754449,1.0,3.811754697,1.0
8687,6.218754449,1.0,6.816885683,1.0
8688,6.218754449,1.0,3.559635685,1.0
8689,6.218754449,1.0,3.177860741,1.0
8690,6.218754449,1.0,5.542460168,1.0
8691,6.218754449,1.0,6.963512648,1.0
8692,6.218754449,1.0,13.297675544,1.0
8693,6.218754449,1.0,6.205428816,1.0
8694,6.218754449,1.0,4.449113565,1.0
8695,6.218754449,1.0,19.845513323,1.0
8696,6.218754449,1.0,6.257818439,1.0
8697,6.218754449,1.0,6.790219312,1.0
8698,6.218754449,1.0,18.855302324,1.0
8699,6.218754449,1.0,9.565858774,1.0
8700,6.218754449,1.0,1.200808632,1.0
8701,3.836845692,1.0,67.285382519,1.0
8702,3.836845692,1.0,5.971852864,1.0
8703,3.836845692,1.0,2.2197354,1.0
8704,3.836845692,1.0,9.643040622,1.0
8705,3.836845692,1.0,6.120753644,1.0
8706,3.836845692,1.0,5.142898705,1.0
8707,3.836845692,1.0,15.776847279,1.0
8708,3.836845692,1.0,8.893250362,1.0
8709,3.836845692,1.0,18.996217281,1.0
8710,3.836845692,1.0,20.418653862,1.0
8711,3.836845692,1.0,18.195908064,1.0
8712,3.836845692,1.0,9.082305407,1.0
8713,3.836845692,1.0,12.671115978,1.0
8714,3.836845692,1.0,5.506224572,1.0
8715,3.836845692,1.0,15.149110824,1.0
8716,3.836845692,1.0,5.996384101,1.0
8717,3.836845692,1.0,3.767829505,1.0
8718,3.836845692,1.0,3.961920632,1.0
8719,3.836845692,1.0,5.894179482,1.0
8720,3.836845692,1.0,18.99975294,1.0
8721,3.836845692,1.0,4.140323188,1.0
8722,3.836845692,1.0,5.840658135,1.0
8723,3.836845692,1.0,16.462756475,1.0
8724,3.836845692,1.0,2.058667752,1.0
8725,3.836845692,1.0,45.854721033,1.0
8726,3.836845692,1.0,8.334980135,1.0
8727,2.138567555,1.0,67.285382519,1.0
8728,2.138567555,1.0,13.61728709,1.0
8729,2.138567555,1.0,13.86957637,1.0
8730,2.138567555,1.0,5.95779745,1.0
8731,2.138567555,1.0,3.292996031,1.0
8732,2.138567555,1.0,13.012196231,1.0
8733,2.138567555,1.0,3.494992531,1.0
8734,2.138567555,1.0,3.901493385,1.0
8735,2.138567555,1.0,18.95354209,1.0
8736,2.138567555,1.0,12.042848406,1.0
8737,2.138567555,1.0,1.114800644,1.0
8738,2.138567555,1.0,2.189977057,1.0
8739,2.138567555,1.0,3.0029365,1.0
8740,2.138567555,1.0,2.526151503,1.0
8741,2.138567555,1.0,9.885977802,1.0
8742,2.138567555,1.0,1.859358022,1.0
8743,2.138567555,1.0,5.538429016,1.0
8744,2.138567555,1.0,4.895174175,1.0
8745,63.569424162,1.0,67.285382519,1.0
8746,63.569424162,1.0,9.400666164,1.0
8747,63.569424162,1.0,3.320043803,1.0
8748,63.569424162,1.0,0.2336933914,1.0
8749,63.569424162,1.0,8.338097174,1.0
8750,63.569424162,1.0,0.03889010165,1.0
8751,63.569424162,1.0,5.362171947,1.0
8752,63.569424162,1.0,0.147742687,1.0
8753,63.569424162,1.0,13.61728709,1.0
8754,63.569424162,1.0,40.90551563,1.0
8755,63.569424162,1.0,3.529590431,1.0
8756,63.569424162,1.0,4.359083834,1.0
8757,63.569424162,1.0,629.457019025,1.0
8758,63.569424162,1.0,4.818425218,1.0
8759,63.569424162,1.0,15.189863814,1.0
8760,63.569424162,1.0,6.696029248,1.0
8761,63.569424162,1.0,3.331422192,1.0
8762,63.569424162,1.0,6.076137367,1.0
8763,63.569424162,1.0,8.295439778,1.0
8764,63.569424162,1.0,12.314548823,1.0
8765,63.569424162,1.0,4.207592557,1.0
8766,63.569424162,1.0,35.374851173,0.0
8767,63.569424162,1.0,6.205428816,1.0
8768,63.569424162,1.0,10.557429856,1.0
8769,63.569424162,1.0,8.843522305,1.0
8770,63.569424162,1.0,5.90562304,1.0
8771,63.569424162,1.0,7.025923962,1.0
8772,63.569424162,1.0,38.515792955,1.0
8773,63.569424162,1.0,18.855302324,1.0
8774,63.569424162,1.0,5.872903346,1.0
8775,63.569424162,1.0,4.119021003,1.0
8776,63.569424162,1.0,12.023650799,1.0
8777,10.198167248,1.0,67.285382519,1.0
8778,10.198167248,1.0,14.256756103,1.0
8779,10.198167248,1.0,9.900612688,1.0
8780,10.198167248,1.0,15.109444709,1.0
8781,10.198167248,1.0,11.232143896,1.0
8782,10.198167248,1.0,1.344673725,1.0
8783,10.198167248,1.0,1.758055141,1.0
8784,10.198167248,1.0,12.457716354,1.0
8785,10.198167248,1.0,2.620228609,1.0
8786,10.198167248,1.0,5.980333505,1.0
8787,10.198167248,1.0,10.016669087,1.0
8788,10.198167248,1.0,5.075006428,1.0
8789,10.198167248,1.0,5.816563551,1.0
8790,10.198167248,1.0,15.066753188,1.0
8791,10.198167248,1.0,3.389171977,1.0
8792,10.198167248,1.0,17.059242232,1.0
8793,10.198167248,1.0,3.331422192,1.0
8794,10.198167248,1.0,8.188774877,1.0
8795,10.198167248,1.0,8.45860943,1.0
8796,10.198167248,1.0,8.295439778,1.0
8797,10.198167248,1.0,18.00089822,1.0
8798,10.198167248,1.0,23.390458917,1.0
8799,10.198167248,1.0,6.893769984,1.0
8800,10.198167248,1.0,3.961920632,1.0
8801,10.198167248,1.0,5.447870108,1.0
8802,10.198167248,1.0,3.177860741,1.0
8803,10.198167248,1.0,6.305349834,1.0
8804,10.198167248,1.0,8.167861668,1.0
8805,10.198167248,1.0,7.025923962,1.0
8806,10.198167248,1.0,18.855302324,1.0
8807,10.198167248,1.0,6.026101551,1.0
8808,10.198167248,1.0,5.38214551,1.0
8809,2.931256178,1.0,67.285382519,1.0
8810,6.181669579,1.0,67.285382519,1.0
8811,6.181669579,1.0,5.824984678,1.0
8812,6.181669579,1.0,3.350238297,1.0
8813,6.181669579,1.0,3.191550099,1.0
8814,17.888502667,1.0,67.285382519,1.0
8815,17.888502667,1.0,106.415627612,1.0
8816,17.888502667,1.0,7.930824421,1.0
8817,17.888502667,1.0,12.338558256,1.0
8818,17.888502667,1.0,10.016669087,1.0
8819,17.888502667,1.0,21.47320625,1.0
8820,17.888502667,1.0,16.746607955,1.0
8821,17.888502667,1.0,15.066753188,1.0
8822,17.888502667,1.0,3.915305063,1.0
8823,17.888502667,1.0,12.314548823,1.0
8824,17.888502667,1.0,3.177860741,1.0
8825,17.888502667,1.0,6.218754449,1.0
8826,17.888502667,1.0,13.297675544,1.0
8827,17.888502667,1.0,5.306124882,1.0
8828,17.888502667,1.0,6.205428816,1.0
8829,17.888502667,1.0,19.845513323,1.0
8830,17.888502667,1.0,8.843522305,1.0
8831,17.888502667,1.0,4.621428657,1.0
8832,17.888502667,1.0,5.318849241,1.0
8833,17.888502667,1.0,6.257818439,1.0
8834,17.888502667,1.0,6.23365539,1.0
8835,17.888502667,1.0,3.637886738,1.0
8836,17.888502667,1.0,23.583721319,1.0
8837,17.888502667,1.0,5.450804765,1.0
8838,17.888502667,1.0,7.025923962,1.0
8839,17.888502667,1.0,7.308146865,1.0
8840,17.888502667,1.0,6.790219312,1.0
8841,17.888502667,1.0,8.334980135,1.0
8842,17.888502667,1.0,46.998665241,1.0
8843,17.888502667,1.0,8.063670476,1.0
8844,60.547022425,0.0,67.285382519,1.0
8845,60.547022425,0.0,26.456682526,1.0
8846,60.547022425,0.0,46.94762608,1.0
8847,60.547022425,0.0,6.588528896,1.0
8848,60.547022425,0.0,0.6877712514,0.0
8849,60.547022425,0.0,14.597938965,1.0
8850,7.491649438,1.0,67.285382519,1.0
8851,7.491649438,1.0,9.900612688,1.0
8852,7.491649438,1.0,5.101340986,1.0
8853,7.491649438,1.0,8.680223289,1.0
8854,7.491649438,1.0,1.681462384,1.0
8855,7.491649438,1.0,21.80995475,1.0
8856,7.491649438,1.0,2.661209826,1.0
8857,7.491649438,1.0,3.436895491,1.0
8858,7.491649438,1.0,2.938644066,1.0
8859,7.491649438,1.0,2.129545428,1.0
8860,7.491649438,1.0,11.305962931,1.0
8861,7.491649438,1.0,3.696128234,1.0
8862,7.491649438,1.0,3.372868411,0.0
8863,7.491649438,1.0,2.271211233,1.0
8864,7.491649438,1.0,18.195908064,1.0
8865,7.491649438,1.0,12.671115978,1.0
8866,7.491649438,1.0,4.045987677,1.0
8867,7.491649438,1.0,4.140323188,1.0
8868,7.491649438,1.0,1.93329749,1.0
8869,7.491649438,1.0,5.306124882,1.0
8870,7.491649438,1.0,3.252543863,1.0
8871,7.491649438,1.0,2.49253761,1.0
8872,7.491649438,1.0,7.036139984,1.0
8873,4.818576649,1.0,67.285382519,1.0
8874,4.818576649,1.0,3.909467109,1.0
8875,4.818576649,1.0,7.500010293,1.0
8876,4.818576649,1.0,4.092789708,1.0
8877,4.818576649,1.0,5.424393042,1.0
8878,4.818576649,1.0,53.620745395,1.0
8879,4.818576649,1.0,8.295439778,1.0
8880,4.818576649,1.0,6.305349834,1.0
8881,4.818576649,1.0,63.569424162,1.0
8882,4.818576649,1.0,4.621428657,1.0
8883,4.818576649,1.0,3.378924377,1.0
8884,4.818576649,1.0,9.820527386,1.0
8885,4.818576649,1.0,5.257523475,1.0
8886,4.818576649,1.0,9.74202609,1.0
8887,4.818576649,1.0,6.008748456,1.0
8888,7.114465426,0.0,67.285382519,1.0
8889,5.219724345,1.0,67.285382519,1.0
8890,5.219724345,1.0,11.232143896,1.0
8891,5.219724345,1.0,0.03889010165,1.0
8892,5.219724345,1.0,3.909467109,1.0
8893,5.219724345,1.0,4.134774924,1.0
8894,5.219724345,1.0,6.884917469,1.0
8895,5.219724345,1.0,9.71155112,1.0
8896,5.219724345,1.0,8.295439778,1.0
8897,5.219724345,1.0,4.449113565,1.0
8898,5.219724345,1.0,11.253524316,1.0
8899,5.219724345,1.0,38.515792955,1.0
8900,5.219724345,1.0,9.264678249,1.0
8901,5.219724345,1.0,12.023650799,1.0
8902,1.503732411,1.0,67.285382519,1.0
8903,1.503732411,1.0,5.638247624,1.0
8904,1.503732411,1.0,1.856012985,1.0
8905,1.503732411,1.0,2.888906621,1.0
8906,1.503732411,1.0,7.008746013,1.0
8907,1.503732411,1.0,7.170901694,1.0
8908,39.375745086,1.0,67.285382519,1.0
8909,39.375745086,1.0,12.314548823,1.0
8910,39.375745086,1.0,7.308146865,1.0
8911,39.375745086,1.0,29.988838829,1.0
8912,39.375745086,1.0,5.257523475,1.0
8913,4.988862425,1.0,67.285382519,1.0
8914,4.988862425,1.0,1.807864563,1.0
8915,4.988862425,1.0,2.982104604,1.0
8916,4.988862425,1.0,4.995556646,1.0
8917,4.988862425,1.0,2.345714065,1.0
8918,4.988862425,1.0,8.034464228,1.0
8919,5.872903346,1.0,67.285382519,1.0
8920,5.872903346,1.0,106.415627612,1.0
8921,5.872903346,1.0,7.600481659,1.0
8922,5.872903346,1.0,8.077203943,1.0
8923,5.872903346,1.0,6.884917469,1.0
8924,5.872903346,1.0,7.253592044,1.0
8925,5.872903346,1.0,8.068554411,1.0
8926,5.872903346,1.0,6.218754449,1.0
8927,5.872903346,1.0,10.861725655,1.0
8928,5.872903346,1.0,8.995419211,1.0
8929,5.872903346,1.0,25.0116746,1.0
8930,9.74202609,1.0,67.285382519,1.0
8931,9.74202609,1.0,13.092587036,1.0
8932,9.74202609,1.0,13.61728709,1.0
8933,9.74202609,1.0,1.999447028,1.0
8934,9.74202609,1.0,0.628537223,1.0
8935,9.74202609,1.0,1.681462384,1.0
8936,9.74202609,1.0,153.378432818,1.0
8937,9.74202609,1.0,2.257905961,1.0
8938,9.74202609,1.0,22.78146695,1.0
8939,9.74202609,1.0,53.620745395,1.0
8940,9.74202609,1.0,5.206241117,0.0
8941,9.74202609,1.0,49.330409711,1.0
8942,9.74202609,1.0,6.396409402,1.0
8943,9.74202609,1.0,4.167107991,0.0
8944,9.74202609,1.0,5.306124882,1.0
8945,9.74202609,1.0,5.257523475,1.0
8946,9.74202609,1.0,10.132620344,1.0
8947,9.74202609,1.0,6.008748456,1.0
8948,9.74202609,1.0,5.538429016,1.0
8949,9.74202609,1.0,10.397099174,1.0
8950,9.74202609,1.0,5.096383561,1.0
8951,14.45689817,1.0,67.285382519,1.0
8952,14.45689817,1.0,85.602065022,1.0
8953,14.45689817,1.0,76.104832671,1.0
8954,14.45689817,1.0,46.94762608,1.0
8955,14.45689817,1.0,29.064479699,1.0
8956,14.45689817,1.0,49.330409711,1.0
8957,14.45689817,1.0,6.782565889,1.0
8958,14.45689817,1.0,134.232246392,1.0
8959,14.45689817,1.0,112.099655851,1.0
8960,14.45689817,1.0,3.581472819,1.0
8961,14.45689817,1.0,8.243241662,1.0
8962,14.45689817,1.0,29.988838829,1.0
8963,14.45689817,1.0,26.111237618,1.0
8964,14.45689817,1.0,35.190700103,1.0
8965,14.45689817,1.0,24.65499671,1.0
8966,14.45689817,1.0,27.455093588,0.0
8967,14.45689817,1.0,30.198302233,1.0
8968,14.45689817,1.0,147.947753554,1.0
8969,14.45689817,1.0,205.461120806,1.0
8970,14.45689817,1.0,22.38547886,1.0
8971,14.45689817,1.0,2.072367769,1.0
8972,14.45689817,1.0,6.542005117,1.0
8973,25.0116746,1.0,67.285382519,1.0
8974,25.0116746,1.0,59.924864821,1.0
8975,25.0116746,1.0,26.456682526,1.0
8976,25.0116746,1.0,85.602065022,1.0
8977,25.0116746,1.0,52.454679661,1.0
8978,25.0116746,1.0,106.415627612,1.0
8979,25.0116746,1.0,14.256756103,1.0
8980,25.0116746,1.0,3.170768537,1.0
8981,25.0116746,1.0,12.666276573,1.0
8982,25.0116746,1.0,4.614399465,1.0
8983,25.0116746,1.0,629.457019025,1.0
8984,25.0116746,1.0,10.016669087,1.0
8985,25.0116746,1.0,7.41032757,1.0
8986,25.0116746,1.0,2.497470498,1.0
8987,25.0116746,1.0,16.746607955,1.0
8988,25.0116746,1.0,6.588528896,1.0
8989,25.0116746,1.0,29.064479699,1.0
8990,25.0116746,1.0,23.163711763,1.0
8991,25.0116746,1.0,7.214621746,1.0
8992,25.0116746,1.0,4.193583381,1.0
8993,25.0116746,1.0,4.381866605,1.0
8994,25.0116746,1.0,16.986753427,1.0
8995,25.0116746,1.0,33.569029236,1.0
8996,25.0116746,1.0,6.394778045,1.0
8997,25.0116746,1.0,28.598737411,1.0
8998,25.0116746,1.0,6.884917469,1.0
8999,25.0116746,1.0,19.806237448,1.0
9000,25.0116746,1.0,18.195908064,1.0
9001,25.0116746,1.0,9.082305407,1.0
9002,25.0116746,1.0,5.412612741,1.0
9003,25.0116746,1.0,14.040953069,1.0
9004,25.0116746,1.0,5.237392338,1.0
9005,25.0116746,1.0,12.314548823,1.0
9006,25.0116746,1.0,18.00089822,1.0
9007,25.0116746,1.0,23.390458917,1.0
9008,25.0116746,1.0,18.341066883,1.0
9009,25.0116746,1.0,3.559635685,1.0
9010,25.0116746,1.0,13.574966657,1.0
9011,25.0116746,1.0,3.177860741,1.0
9012,25.0116746,1.0,5.542460168,1.0
9013,25.0116746,1.0,3.560045955,1.0
9014,25.0116746,1.0,6.218754449,1.0
9015,25.0116746,1.0,4.207592557,1.0
9016,25.0116746,1.0,6.963512648,1.0
9017,25.0116746,1.0,3.836845692,1.0
9018,25.0116746,1.0,5.306124882,1.0
9019,25.0116746,1.0,7.750732528,1.0
9020,25.0116746,1.0,24.186224197,1.0
9021,25.0116746,1.0,2.390961954,1.0
9022,25.0116746,1.0,18.598069279,1.0
9023,25.0116746,1.0,6.23365539,1.0
9024,25.0116746,1.0,1.793332891,1.0
9025,25.0116746,1.0,3.581472819,1.0
9026,25.0116746,1.0,8.243241662,1.0
9027,25.0116746,1.0,8.473312072,1.0
9028,25.0116746,1.0,6.419404649,1.0
9029,25.0116746,1.0,7.888433382,1.0
9030,25.0116746,1.0,9.537564947,1.0
9031,25.0116746,1.0,5.872903346,1.0
9032,25.0116746,1.0,6.254853155,1.0
9033,25.0116746,1.0,91.156961989,1.0
9034,12.023650799,1.0,67.285382519,1.0
9035,12.023650799,1.0,26.456682526,1.0
9036,12.023650799,1.0,52.454679661,1.0
9037,12.023650799,1.0,106.415627612,1.0
9038,12.023650799,1.0,24.479933455,1.0
9039,12.023650799,1.0,13.012196231,1.0
9040,12.023650799,1.0,15.611347975,1.0
9041,12.023650799,1.0,41.816248515,1.0
9042,12.023650799,1.0,49.330409711,1.0
9043,12.023650799,1.0,10.123192269,1.0
9044,12.023650799,1.0,3.331422192,1.0
9045,12.023650799,1.0,28.598737411,1.0
9046,12.023650799,1.0,19.806237448,1.0
9047,12.023650799,1.0,16.525821364,0.0
9048,12.023650799,1.0,4.449113565,1.0
9049,12.023650799,1.0,3.287873652,1.0
9050,12.023650799,1.0,6.52281174,1.0
9051,12.023650799,1.0,10.487538393,1.0
9052,12.023650799,1.0,1.503732411,1.0
9053,12.023650799,1.0,25.0116746,1.0
9054,8.727444545,1.0,59.924864821,1.0
9055,8.727444545,1.0,9.801194355,1.0
9056,8.727444545,1.0,7.600481659,1.0
9057,8.727444545,1.0,7.165830305,1.0
9058,8.727444545,1.0,5.328803376,1.0
9059,8.727444545,1.0,54.832733215,1.0
9060,8.727444545,1.0,629.457019025,1.0
9061,8.727444545,1.0,4.632907015,1.0
9062,8.727444545,1.0,4.046800418,1.0
9063,8.727444545,1.0,0.214112784,1.0
9064,8.727444545,1.0,22.78146695,1.0
9065,8.727444545,1.0,8.280750395,1.0
9066,8.727444545,1.0,17.86679629,1.0
9067,8.727444545,1.0,4.134774924,1.0
9068,8.727444545,1.0,6.604095251,1.0
9069,8.727444545,1.0,4.818425218,1.0
9070,8.727444545,1.0,27.334429574,1.0
9071,8.727444545,1.0,3.73091468,1.0
9072,8.727444545,1.0,18.598069279,1.0
9073,8.727444545,1.0,11.535903549,1.0
9074,8.727444545,1.0,5.38214551,1.0
9075,8.727444545,1.0,6.827557706,1.0
9076,8.727444545,1.0,4.990039785,1.0
9077,8.727444545,1.0,4.018046527,1.0
9078,3.170768537,1.0,59.924864821,1.0
9079,3.170768537,1.0,14.256756103,1.0
9080,3.170768537,1.0,7.735346804,1.0
9081,3.170768537,1.0,6.181101777,1.0
9082,3.170768537,1.0,0.2336933914,1.0
9083,3.170768537,1.0,12.10266456,1.0
9084,3.170768537,1.0,3.414323425,1.0
9085,3.170768537,1.0,8.501191644,1.0
9086,3.170768537,1.0,40.90551563,1.0
9087,3.170768537,1.0,8.187427692,1.0
9088,3.170768537,1.0,2.666798276,1.0
9089,3.170768537,1.0,43.881908864,1.0
9090,3.170768537,1.0,7.674939651,1.0
9091,3.170768537,1.0,46.94762608,1.0
9092,3.170768537,1.0,8.280750395,1.0
9093,3.170768537,1.0,6.588528896,1.0
9094,3.170768537,1.0,4.357638184,1.0
9095,3.170768537,1.0,49.330409711,1.0
9096,3.170768537,1.0,3.73091468,1.0
9097,3.170768537,1.0,4.638073325,1.0
9098,3.170768537,1.0,18.598069279,1.0
9099,3.170768537,1.0,10.50722291,1.0
9100,3.170768537,1.0,7.012375128,1.0
9101,3.170768537,1.0,5.38214551,1.0
9102,3.170768537,1.0,46.998665241,1.0
9103,3.170768537,1.0,4.990039785,1.0
9104,3.170768537,1.0,25.0116746,1.0
9105,3.170768537,1.0,4.91908351,1.0
9106,3.170768537,1.0,8.063670476,1.0
9107,6.83799714,1.0,59.924864821,1.0
9108,6.83799714,1.0,11.958363872,1.0
9109,6.83799714,1.0,1.85862259,1.0
9110,6.83799714,1.0,13.86957637,1.0
9111,6.83799714,1.0,0.214112784,1.0
9112,6.83799714,1.0,10.478257015,1.0
9113,6.83799714,1.0,6.057768872,1.0
9114,6.83799714,1.0,15.066753188,1.0
9115,6.83799714,1.0,10.861725655,1.0
9116,6.83799714,1.0,0.0991073772,1.0
9117,6.83799714,1.0,7.025923962,1.0
9118,17.546131361,1.0,59.924864821,1.0
9119,17.546131361,1.0,18.011624075,1.0
9120,17.546131361,1.0,9.496850496,1.0
9121,17.546131361,1.0,11.958363872,1.0
9122,17.546131361,1.0,3.932857026,1.0
9123,17.546131361,1.0,24.479933455,1.0
9124,17.546131361,1.0,15.779551822,1.0
9125,17.546131361,1.0,0.3451184811,1.0
9126,17.546131361,1.0,6.749450958,1.0
9127,17.546131361,1.0,36.089846175,1.0
9128,17.546131361,1.0,18.341066883,1.0
9129,17.546131361,1.0,10.57156896,1.0
9130,17.546131361,1.0,5.419900895,1.0
9131,17.546131361,1.0,13.070268138,1.0
9132,17.546131361,1.0,8.102589681,1.0
9133,17.546131361,1.0,134.232246392,1.0
9134,17.546131361,1.0,38.515792955,1.0
9135,17.546131361,1.0,9.537564947,1.0
9136,17.546131361,1.0,8.988959255,1.0
9137,17.546131361,1.0,15.293129274,1.0
9138,17.546131361,1.0,3.082268333,1.0
9139,7.930824421,1.0,59.924864821,1.0
9140,7.930824421,1.0,7.357964603,1.0
9141,7.930824421,1.0,8.223679022,1.0
9142,7.930824421,1.0,4.672699676,1.0
9143,7.930824421,1.0,2.888906621,1.0
9144,7.930824421,1.0,4.669409215,1.0
9145,7.930824421,1.0,0.8053114143,1.0
9146,5.775634328,1.0,59.924864821,1.0
9147,5.775634328,1.0,26.456682526,1.0
9148,5.775634328,1.0,37.98547584,1.0
9149,5.775634328,1.0,11.574078018,1.0
9150,5.775634328,1.0,7.165830305,1.0
9151,5.775634328,1.0,5.328803376,1.0
9152,5.775634328,1.0,6.503926579,1.0
9153,5.775634328,1.0,6.049206712,1.0
9154,5.775634328,1.0,2.636539717,1.0
9155,5.775634328,1.0,5.995996753,1.0
9156,5.775634328,1.0,3.697724209,1.0
9157,5.775634328,1.0,8.123570646,1.0
9158,5.775634328,1.0,7.469166361,1.0
9159,5.775634328,1.0,6.288663898,0.0
9160,5.775634328,1.0,6.719969953,1.0
9161,12.679609565,0.0,59.924864821,1.0
9162,12.679609565,0.0,17.659636524,0.0
9163,12.679609565,0.0,41.195718984,0.0
9164,12.679609565,0.0,36.089846175,1.0
9165,12.679609565,0.0,6.819937602,0.0
9166,12.679609565,0.0,9.699717463,0.0
9167,12.679609565,0.0,4.156625548,0.0
9168,12.679609565,0.0,4.987894294,0.0
9169,12.679609565,0.0,4.373284725,0.0
9170,12.679609565,0.0,31.443041816,0.0
9171,5.173046124,1.0,59.924864821,1.0
9172,5.173046124,1.0,14.744961584,1.0
9173,5.173046124,1.0,12.457716354,1.0
9174,5.173046124,1.0,6.904083149,1.0
9175,5.173046124,1.0,6.057768872,1.0
9176,5.173046124,1.0,21.47320625,1.0
9177,5.173046124,1.0,5.189647153,1.0
9178,5.173046124,1.0,21.957598551,1.0
9179,5.173046124,1.0,15.189863814,1.0
9180,5.173046124,1.0,8.020350441,1.0
9181,5.173046124,1.0,5.816563551,1.0
9182,5.173046124,1.0,5.913494239,1.0
9183,5.173046124,1.0,6.588528896,1.0
9184,5.173046124,1.0,8.078335378,1.0
9185,5.173046124,1.0,41.816248515,1.0
9186,5.173046124,1.0,8.123570646,1.0
9187,5.173046124,1.0,6.963512648,1.0
9188,5.173046124,1.0,4.995556646,1.0
9189,5.173046124,1.0,165.932250802,0.0
9190,5.173046124,1.0,7.373882175,1.0
9191,5.173046124,1.0,10.198167248,1.0
9192,5.173046124,1.0,46.998665241,1.0
9193,5.816563551,1.0,59.924864821,1.0
9194,5.816563551,1.0,11.770692834,1.0
9195,5.816563551,1.0,14.744961584,1.0
9196,5.816563551,1.0,4.672699676,1.0
9197,5.816563551,1.0,30.257567237,1.0
9198,5.816563551,1.0,4.457214021,1.0
9199,5.816563551,1.0,8.187427692,1.0
9200,5.816563551,1.0,3.287148858,1.0
9201,5.816563551,1.0,6.904083149,1.0
9202,5.816563551,1.0,53.620745395,1.0
9203,5.816563551,1.0,6.057768872,1.0
9204,5.816563551,1.0,5.173046124,1.0
9205,5.816563551,1.0,21.47320625,1.0
9206,5.816563551,1.0,5.189647153,1.0
9207,5.816563551,1.0,21.957598551,1.0
9208,5.816563551,1.0,10.561206156,1.0
9209,5.816563551,1.0,15.066753188,1.0
9210,5.816563551,1.0,7.326654522,1.0
9211,5.816563551,1.0,5.913494239,1.0
9212,5.816563551,1.0,6.063404837,1.0
9213,5.816563551,1.0,4.063647561,1.0
9214,5.816563551,1.0,16.219736768,1.0
9215,5.816563551,1.0,6.782565889,1.0
9216,5.816563551,1.0,2.197170175,1.0
9217,5.816563551,1.0,19.845513323,1.0
9218,5.816563551,1.0,38.515792955,1.0
9219,23.163711763,1.0,59.924864821,1.0
9220,23.163711763,1.0,52.454679661,1.0
9221,23.163711763,1.0,106.415627612,1.0
9222,23.163711763,1.0,8.938464153,1.0
9223,23.163711763,1.0,3.757640503,1.0
9224,23.163711763,1.0,76.104832671,1.0
9225,23.163711763,1.0,6.243918196,1.0
9226,23.163711763,1.0,4.359083834,1.0
9227,23.163711763,1.0,6.503926579,1.0
9228,23.163711763,1.0,5.980333505,1.0
9229,23.163711763,1.0,9.98284207,1.0
9230,23.163711763,1.0,5.995996753,1.0
9231,23.163711763,1.0,4.669409215,1.0
9232,23.163711763,1.0,46.94762608,1.0
9233,23.163711763,1.0,6.904083149,1.0
9234,23.163711763,1.0,1.462530536,1.0
9235,23.163711763,1.0,21.342876657,1.0
9236,23.163711763,1.0,6.057768872,1.0
9237,23.163711763,1.0,21.47320625,1.0
9238,23.163711763,1.0,21.957598551,1.0
9239,23.163711763,1.0,16.746607955,1.0
9240,23.163711763,1.0,7.440375649,1.0
9241,23.163711763,1.0,6.063404837,1.0
9242,23.163711763,1.0,29.064479699,1.0
9243,23.163711763,1.0,8.078335378,1.0
9244,23.163711763,1.0,11.133808458,1.0
9245,23.163711763,1.0,5.899303052,1.0
9246,23.163711763,1.0,4.063647561,1.0
9247,23.163711763,1.0,41.816248515,1.0
9248,23.163711763,1.0,16.219736768,1.0
9249,23.163711763,1.0,442.31224115,0.0
9250,23.163711763,1.0,8.123570646,1.0
9251,23.163711763,1.0,8.893250362,1.0
9252,23.163711763,1.0,8.45860943,1.0
9253,23.163711763,1.0,10.277541211,1.0
9254,23.163711763,1.0,165.932250802,0.0
9255,23.163711763,1.0,24.186224197,1.0
9256,23.163711763,1.0,7.373882175,1.0
9257,23.163711763,1.0,2.197170175,1.0
9258,23.163711763,1.0,10.557429856,1.0
9259,23.163711763,1.0,9.153441064,1.0
9260,23.163711763,1.0,18.598069279,1.0
9261,23.163711763,1.0,0.008878716523,1.0
9262,23.163711763,1.0,10.235504409,1.0
9263,23.163711763,1.0,2.829771388,1.0
9264,23.163711763,1.0,5.815183049,1.0
9265,23.163711763,1.0,7.308146865,1.0
9266,23.163711763,1.0,112.099655851,1.0
9267,23.163711763,1.0,3.581472819,1.0
9268,23.163711763,1.0,12.715212237,1.0
9269,23.163711763,1.0,26.111237618,1.0
9270,23.163711763,1.0,35.190700103,1.0
9271,23.163711763,1.0,14.011515573,1.0
9272,23.163711763,1.0,22.38547886,1.0
9273,23.163711763,1.0,7.879326678,1.0
9274,23.163711763,1.0,41.790035293,1.0
9275,3.331422192,1.0,59.924864821,1.0
9276,3.331422192,1.0,4.359083834,1.0
9277,3.331422192,1.0,5.951084905,1.0
9278,3.331422192,1.0,6.05151979,1.0
9279,3.331422192,1.0,7.41032757,1.0
9280,3.331422192,1.0,4.134774924,1.0
9281,3.331422192,1.0,4.193583381,1.0
9282,3.331422192,1.0,15.776847279,1.0
9283,3.331422192,1.0,6.179985299,1.0
9284,3.331422192,1.0,19.806237448,1.0
9285,3.331422192,1.0,9.082305407,1.0
9286,3.331422192,1.0,23.390458917,1.0
9287,3.331422192,1.0,6.893769984,1.0
9288,3.331422192,1.0,6.963512648,1.0
9289,3.331422192,1.0,13.297675544,1.0
9290,3.331422192,1.0,4.491154076,1.0
9291,3.331422192,1.0,4.172027313,1.0
9292,3.331422192,1.0,3.238436483,1.0
9293,3.331422192,1.0,3.738174695,1.0
9294,3.331422192,1.0,5.450804765,1.0
9295,3.331422192,1.0,112.099655851,1.0
9296,3.331422192,1.0,6.026101551,1.0
9297,3.331422192,1.0,3.764193323,1.0
9298,3.331422192,1.0,5.648012104,1.0
9299,3.331422192,1.0,7.888433382,1.0
9300,3.331422192,1.0,4.537477814,1.0
9301,3.331422192,1.0,11.725877229,1.0
9302,1.380324536,1.0,59.924864821,1.0
9303,1.380324536,1.0,11.232143896,1.0
9304,1.380324536,1.0,10.181441025,1.0
9305,1.380324536,1.0,6.243918196,1.0
9306,1.380324536,1.0,4.051893071,1.0
9307,1.380324536,1.0,22.78146695,1.0
9308,1.380324536,1.0,7.41032757,1.0
9309,1.380324536,1.0,9.643040622,1.0
9310,1.380324536,1.0,41.816248515,1.0
9311,1.380324536,1.0,6.696029248,1.0
9312,1.380324536,1.0,6.884917469,1.0
9313,1.380324536,1.0,20.418653862,1.0
9314,1.380324536,1.0,9.082305407,1.0
9315,1.380324536,1.0,8.295439778,1.0
9316,1.380324536,1.0,12.314548823,1.0
9317,1.380324536,1.0,18.341066883,1.0
9318,1.380324536,1.0,5.542460168,1.0
9319,1.380324536,1.0,3.560045955,1.0
9320,1.380324536,1.0,13.297675544,1.0
9321,1.380324536,1.0,4.491154076,1.0
9322,1.380324536,1.0,4.172027313,1.0
9323,1.380324536,1.0,6.205428816,1.0
9324,1.380324536,1.0,16.462756475,1.0
9325,1.380324536,1.0,4.449113565,1.0
9326,1.380324536,1.0,8.516840935,1.0
9327,1.380324536,1.0,18.855302324,1.0
9328,1.380324536,1.0,6.026101551,1.0
9329,1.380324536,1.0,9.820527386,1.0
9330,1.380324536,1.0,8.988959255,1.0
9331,1.380324536,1.0,6.254853155,1.0
9332,23.390458917,1.0,59.924864821,1.0
9333,23.390458917,1.0,14.256756103,1.0
9334,23.390458917,1.0,3.321907625,1.0
9335,23.390458917,1.0,9.400666164,1.0
9336,23.390458917,1.0,17.546131361,1.0
9337,23.390458917,1.0,10.181441025,1.0
9338,23.390458917,1.0,4.193289994,1.0
9339,23.390458917,1.0,7.600481659,1.0
9340,23.390458917,1.0,14.639793863,1.0
9341,23.390458917,1.0,4.614399465,1.0
9342,23.390458917,1.0,5.951084905,1.0
9343,23.390458917,1.0,629.457019025,1.0
9344,23.390458917,1.0,7.41032757,1.0
9345,23.390458917,1.0,9.643040622,1.0
9346,23.390458917,1.0,23.009498747,1.0
9347,23.390458917,1.0,4.193583381,1.0
9348,23.390458917,1.0,3.389171977,1.0
9349,23.390458917,1.0,15.776847279,1.0
9350,23.390458917,1.0,8.188774877,1.0
9351,23.390458917,1.0,6.179985299,1.0
9352,23.390458917,1.0,16.986753427,1.0
9353,23.390458917,1.0,33.569029236,1.0
9354,23.390458917,1.0,18.996217281,1.0
9355,23.390458917,1.0,28.598737411,1.0
9356,23.390458917,1.0,1.380324536,1.0
9357,23.390458917,1.0,19.806237448,1.0
9358,23.390458917,1.0,1.461947367,1.0
9359,23.390458917,1.0,4.137506743,1.0
9360,23.390458917,1.0,18.195908064,1.0
9361,23.390458917,1.0,6.086591474,1.0
9362,23.390458917,1.0,11.57419617,1.0
9363,23.390458917,1.0,5.996384101,1.0
9364,23.390458917,1.0,18.341066883,1.0
9365,23.390458917,1.0,3.559635685,1.0
9366,23.390458917,1.0,13.574966657,1.0
9367,23.390458917,1.0,3.177860741,1.0
9368,23.390458917,1.0,8.068554411,1.0
9369,23.390458917,1.0,2.401768348,1.0
9370,23.390458917,1.0,6.963512648,1.0
9371,23.390458917,1.0,13.297675544,1.0
9372,23.390458917,1.0,18.99975294,1.0
9373,23.390458917,1.0,5.840658135,1.0
9374,23.390458917,1.0,1.922086858,1.0
9375,23.390458917,1.0,7.025923962,1.0
9376,23.390458917,1.0,112.099655851,1.0
9377,23.390458917,1.0,8.516840935,1.0
9378,23.390458917,1.0,35.190700103,1.0
9379,23.390458917,1.0,18.855302324,1.0
9380,23.390458917,1.0,6.026101551,1.0
9381,23.390458917,1.0,9.150646684,1.0
9382,23.390458917,1.0,6.52281174,1.0
9383,23.390458917,1.0,16.979769685,1.0
9384,23.390458917,1.0,25.0116746,1.0
9385,23.390458917,1.0,5.295070751,1.0
9386,23.390458917,1.0,1.200808632,1.0
9387,23.390458917,1.0,91.156961989,1.0
9388,3.560045955,1.0,59.924864821,1.0
9389,3.560045955,1.0,26.456682526,1.0
9390,3.560045955,1.0,11.65146074,1.0
9391,3.560045955,1.0,14.744961584,1.0
9392,3.560045955,1.0,4.818425218,1.0
9393,3.560045955,1.0,5.142898705,1.0
9394,3.560045955,1.0,1.21352677,1.0
9395,3.560045955,1.0,15.776847279,1.0
9396,3.560045955,1.0,8.188774877,1.0
9397,3.560045955,1.0,0.2951445344,1.0
9398,3.560045955,1.0,28.598737411,1.0
9399,3.560045955,1.0,8.295439778,1.0
9400,3.560045955,1.0,3.811754697,1.0
9401,3.560045955,1.0,6.816885683,1.0
9402,3.560045955,1.0,1.213586358,1.0
9403,3.560045955,1.0,5.847750914,1.0
9404,3.560045955,1.0,18.341066883,1.0
9405,3.560045955,1.0,2.390961954,1.0
9406,3.560045955,1.0,23.583721319,1.0
9407,3.560045955,1.0,5.341431198,1.0
9408,3.560045955,1.0,3.101439572,1.0
9409,3.560045955,1.0,6.790219312,1.0
9410,3.560045955,1.0,7.9903188,1.0
9411,3.560045955,1.0,25.0116746,1.0
9412,8.995419211,1.0,59.924864821,1.0
9413,8.995419211,1.0,3.170768537,1.0
9414,8.995419211,1.0,40.90551563,1.0
9415,8.995419211,1.0,5.971852864,1.0
9416,8.995419211,1.0,2.896292224,1.0
9417,8.995419211,1.0,629.457019025,1.0
9418,8.995419211,1.0,46.94762608,1.0
9419,8.995419211,1.0,10.016669087,1.0
9420,8.995419211,1.0,53.620745395,1.0
9421,8.995419211,1.0,21.47320625,1.0
9422,8.995419211,1.0,6.588528896,1.0
9423,8.995419211,1.0,4.063647561,1.0
9424,8.995419211,1.0,6.384550977,0.0
9425,8.995419211,1.0,3.331422192,1.0
9426,8.995419211,1.0,4.381866605,1.0
9427,8.995419211,1.0,28.598737411,1.0
9428,8.995419211,1.0,8.295439778,1.0
9429,8.995419211,1.0,5.376782587,0.0
9430,8.995419211,1.0,5.237392338,1.0
9431,8.995419211,1.0,6.903729822,1.0
9432,8.995419211,1.0,6.205428816,1.0
9433,8.995419211,1.0,5.800114647,1.0
9434,8.995419211,1.0,7.750732528,1.0
9435,8.995419211,1.0,0.07754331243,0.0
9436,8.995419211,1.0,10.235504409,1.0
9437,8.995419211,1.0,11.253524316,1.0
9438,8.995419211,1.0,8.843522305,1.0
9439,8.995419211,1.0,6.23365539,1.0
9440,8.995419211,1.0,6.790219312,1.0
9441,8.995419211,1.0,4.537477814,1.0
9442,8.995419211,1.0,4.119021003,1.0
9443,8.995419211,1.0,15.293129274,1.0
9444,8.995419211,1.0,25.0116746,1.0
9445,6.205428816,1.0,59.924864821,1.0
9446,6.205428816,1.0,11.399226471,1.0
9447,6.205428816,1.0,0.2336933914,1.0
9448,6.205428816,1.0,0.03889010165,1.0
9449,6.205428816,1.0,0.147742687,1.0
9450,6.205428816,1.0,5.594596397,1.0
9451,6.205428816,1.0,40.90551563,1.0
9452,6.205428816,1.0,4.359083834,1.0
9453,6.205428816,1.0,2.257905961,1.0
9454,6.205428816,1.0,5.971852864,1.0
9455,6.205428816,1.0,46.94762608,1.0
9456,6.205428816,1.0,15.776847279,1.0
9457,6.205428816,1.0,28.598737411,1.0
9458,6.205428816,1.0,6.884917469,1.0
9459,6.205428816,1.0,7.253592044,1.0
9460,6.205428816,1.0,5.412612741,1.0
9461,6.205428816,1.0,9.71155112,1.0
9462,6.205428816,1.0,8.295439778,1.0
9463,6.205428816,1.0,6.893769984,1.0
9464,6.205428816,1.0,8.995419211,1.0
9465,6.205428816,1.0,5.800114647,1.0
9466,6.205428816,1.0,7.750732528,1.0
9467,6.205428816,1.0,63.569424162,1.0
9468,6.205428816,1.0,0.07754331243,0.0
9469,6.205428816,1.0,19.845513323,1.0
9470,6.205428816,1.0,11.253524316,1.0
9471,6.205428816,1.0,4.621428657,1.0
9472,6.205428816,1.0,3.764193323,1.0
9473,6.205428816,1.0,7.362360638,1.0
9474,6.205428816,1.0,9.565858774,1.0
9475,6.205428816,1.0,4.537477814,1.0
9476,6.205428816,1.0,4.119021003,1.0
9477,6.205428816,1.0,3.422984265,1.0
9478,6.205428816,1.0,15.293129274,1.0
9479,6.205428816,1.0,11.725877229,1.0
9480,7.750732528,1.0,59.924864821,1.0
9481,7.750732528,1.0,11.770692834,1.0
9482,7.750732528,1.0,7.600481659,1.0
9483,7.750732528,1.0,5.971852864,1.0
9484,7.750732528,1.0,2.666798276,1.0
9485,7.750732528,1.0,54.832733215,1.0
9486,7.750732528,1.0,22.78146695,1.0
9487,7.750732528,1.0,21.342876657,1.0
9488,7.750732528,1.0,4.134774924,1.0
9489,7.750732528,1.0,3.697724209,1.0
9490,7.750732528,1.0,2.497470498,1.0
9491,7.750732528,1.0,8.599022846,1.0
9492,7.750732528,1.0,19.806237448,1.0
9493,7.750732528,1.0,20.779723853,0.0
9494,7.750732528,1.0,4.675694624,0.0
9495,7.750732528,1.0,6.963512648,1.0
9496,7.750732528,1.0,8.995419211,1.0
9497,7.750732528,1.0,6.205428816,1.0
9498,7.750732528,1.0,5.800114647,1.0
9499,7.750732528,1.0,0.07754331243,0.0
9500,7.750732528,1.0,18.598069279,1.0
9501,7.750732528,1.0,11.253524316,1.0
9502,7.750732528,1.0,6.23365539,1.0
9503,7.750732528,1.0,5.450804765,1.0
9504,7.750732528,1.0,7.025923962,1.0
9505,7.750732528,1.0,7.308146865,1.0
9506,7.750732528,1.0,6.790219312,1.0
9507,7.750732528,1.0,8.516840935,1.0
9508,7.750732528,1.0,38.515792955,1.0
9509,7.750732528,1.0,14.597938965,1.0
9510,7.750732528,1.0,5.872903346,1.0
9511,7.750732528,1.0,4.537477814,1.0
9512,7.750732528,1.0,4.119021003,1.0
9513,7.750732528,1.0,15.293129274,1.0
9514,7.308146865,1.0,59.924864821,1.0
9515,7.308146865,1.0,8.727444545,1.0
9516,7.308146865,1.0,3.932857026,1.0
9517,7.308146865,1.0,3.170768537,1.0
9518,7.308146865,1.0,14.639793863,1.0
9519,7.308146865,1.0,4.359083834,1.0
9520,7.308146865,1.0,10.510975334,1.0
9521,7.308146865,1.0,14.930979187,1.0
9522,7.308146865,1.0,8.629651598,1.0
9523,7.308146865,1.0,5.899303052,1.0
9524,7.308146865,1.0,9.71155112,1.0
9525,7.308146865,1.0,5.306124882,1.0
9526,7.308146865,1.0,7.750732528,1.0
9527,7.308146865,1.0,24.186224197,1.0
9528,7.308146865,1.0,10.198167248,1.0
9529,7.308146865,1.0,19.845513323,1.0
9530,7.308146865,1.0,11.253524316,1.0
9531,7.308146865,1.0,8.843522305,1.0
9532,7.308146865,1.0,17.888502667,1.0
9533,7.308146865,1.0,6.257818439,1.0
9534,7.308146865,1.0,6.23365539,1.0
9535,7.308146865,1.0,3.101439572,1.0
9536,7.308146865,1.0,5.450804765,1.0
9537,7.308146865,1.0,7.025923962,1.0
9538,7.308146865,1.0,5.38214551,1.0
9539,29.988838829,1.0,59.924864821,1.0
9540,29.988838829,1.0,13.355967806,1.0
9541,29.988838829,1.0,1.213275618,1.0
9542,29.988838829,1.0,43.881908864,1.0
9543,29.988838829,1.0,629.457019025,1.0
9544,29.988838829,1.0,46.94762608,1.0
9545,29.988838829,1.0,6.057768872,1.0
9546,29.988838829,1.0,4.818425218,1.0
9547,29.988838829,1.0,49.330409711,1.0
9548,29.988838829,1.0,15.776847279,1.0
9549,29.988838829,1.0,19.806237448,1.0
9550,29.988838829,1.0,11.57419617,1.0
9551,29.988838829,1.0,63.569424162,1.0
9552,29.988838829,1.0,7.135698552,1.0
9553,29.988838829,1.0,18.598069279,1.0
9554,29.988838829,1.0,30.150731299,1.0
9555,29.988838829,1.0,112.099655851,1.0
9556,29.988838829,1.0,3.581472819,1.0
9557,29.988838829,1.0,12.715212237,1.0
9558,29.988838829,1.0,8.243241662,1.0
9559,29.988838829,1.0,8.473312072,1.0
9560,29.988838829,1.0,26.111237618,1.0
9561,29.988838829,1.0,35.190700103,1.0
9562,29.988838829,1.0,24.65499671,1.0
9563,29.988838829,1.0,6.419404649,1.0
9564,29.988838829,1.0,14.011515573,1.0
9565,29.988838829,1.0,205.461120806,1.0
9566,29.988838829,1.0,11.778400279,1.0
9567,29.988838829,1.0,22.38547886,1.0
9568,29.988838829,1.0,20.924229202,1.0
9569,6.026101551,1.0,59.924864821,1.0
9570,6.026101551,1.0,4.193289994,1.0
9571,6.026101551,1.0,10.025288705,1.0
9572,6.026101551,1.0,12.338558256,1.0
9573,6.026101551,1.0,4.051893071,1.0
9574,6.026101551,1.0,5.951084905,1.0
9575,6.026101551,1.0,22.78146695,1.0
9576,6.026101551,1.0,6.057768872,1.0
9577,6.026101551,1.0,7.41032757,1.0
9578,6.026101551,1.0,8.495133609,1.0
9579,6.026101551,1.0,3.915305063,1.0
9580,6.026101551,1.0,0.2951445344,1.0
9581,6.026101551,1.0,18.996217281,1.0
9582,6.026101551,1.0,28.598737411,1.0
9583,6.026101551,1.0,1.380324536,1.0
9584,6.026101551,1.0,1.461947367,1.0
9585,6.026101551,1.0,6.086591474,1.0
9586,6.026101551,1.0,9.082305407,1.0
9587,6.026101551,1.0,5.412612741,1.0
9588,6.026101551,1.0,9.71155112,1.0
9589,6.026101551,1.0,3.811754697,1.0
9590,6.026101551,1.0,5.506224572,1.0
9591,6.026101551,1.0,5.996384101,1.0
9592,6.026101551,1.0,13.574966657,1.0
9593,6.026101551,1.0,3.177860741,1.0
9594,6.026101551,1.0,3.560045955,1.0
9595,6.026101551,1.0,6.963512648,1.0
9596,6.026101551,1.0,25.084860848,0.0
9597,6.026101551,1.0,6.23365539,1.0
9598,6.026101551,1.0,5.219724345,1.0
9599,6.026101551,1.0,4.537477814,1.0
9600,6.026101551,1.0,6.254853155,1.0
9601,6.026101551,1.0,5.295070751,1.0
9602,6.026101551,1.0,11.725877229,1.0
9603,6.52281174,1.0,59.924864821,1.0
9604,6.52281174,1.0,106.415627612,1.0
9605,6.52281174,1.0,24.145793363,1.0
9606,6.52281174,1.0,9.98284207,1.0
9607,6.52281174,1.0,23.009498747,1.0
9608,6.52281174,1.0,15.776847279,1.0
9609,6.52281174,1.0,9.722560875,0.0
9610,6.52281174,1.0,9.082305407,1.0
9611,6.52281174,1.0,10.9074083,1.0
9612,6.52281174,1.0,6.305349834,1.0
9613,6.52281174,1.0,6.205428816,1.0
9614,6.52281174,1.0,4.449113565,1.0
9615,6.52281174,1.0,23.583721319,1.0
9616,6.52281174,1.0,9.150646684,1.0
9617,6.52281174,1.0,9.264678249,1.0
9618,6.52281174,1.0,3.764193323,1.0
9619,6.52281174,1.0,5.648012104,1.0
9620,6.52281174,1.0,30.198302233,1.0
9621,6.52281174,1.0,12.023650799,1.0
9622,1.263600825,0.0,59.924864821,1.0
9623,1.263600825,0.0,1.678852188,1.0
9624,1.263600825,0.0,29.277283858,0.0
9625,1.263600825,0.0,19.860000042,0.0
9626,1.263600825,0.0,39.186740427,0.0
9627,1.263600825,0.0,13.387590061,0.0
9628,1.263600825,0.0,21.568777428,0.0
9629,1.263600825,0.0,9.807544254,0.0
9630,1.263600825,0.0,11.223514879,0.0
9631,1.263600825,0.0,10.526478734,0.0
9632,4.119021003,1.0,59.924864821,1.0
9633,4.119021003,1.0,106.415627612,1.0
9634,4.119021003,1.0,8.727444545,1.0
9635,4.119021003,1.0,0.2336933914,1.0
9636,4.119021003,1.0,0.03889010165,1.0
9637,4.119021003,1.0,0.3451184811,1.0
9638,4.119021003,1.0,13.61728709,1.0
9639,4.119021003,1.0,14.639793863,1.0
9640,4.119021003,1.0,5.971852864,1.0
9641,4.119021003,1.0,1.213275618,1.0
9642,4.119021003,1.0,6.904083149,1.0
9643,4.119021003,1.0,4.134774924,1.0
9644,4.119021003,1.0,4.818425218,1.0
9645,4.119021003,1.0,8.078335378,1.0
9646,4.119021003,1.0,6.696029248,1.0
9647,4.119021003,1.0,6.076137367,1.0
9648,4.119021003,1.0,8.995419211,1.0
9649,4.119021003,1.0,6.205428816,1.0
9650,4.119021003,1.0,7.750732528,1.0
9651,4.119021003,1.0,63.569424162,1.0
9652,4.119021003,1.0,0.07754331243,0.0
9653,4.119021003,1.0,11.253524316,1.0
9654,4.119021003,1.0,8.843522305,1.0
9655,4.119021003,1.0,7.025923962,1.0
9656,4.119021003,1.0,7.491649438,1.0
9657,4.119021003,1.0,5.648012104,1.0
9658,4.119021003,1.0,4.537477814,1.0
9659,4.119021003,1.0,15.293129274,1.0
9660,7.621278799,0.0,59.924864821,1.0
9661,7.621278799,0.0,4.359083834,1.0
9662,7.621278799,0.0,8.843522305,1.0
9663,16.210032309,1.0,4.829679098,1.0
9664,16.210032309,1.0,153.378432818,1.0
9665,16.210032309,1.0,5.972113494,1.0
9666,16.210032309,1.0,6.004955858,1.0
9667,16.210032309,1.0,1.788306737,1.0
9668,16.210032309,1.0,15.669155056,1.0
9669,16.210032309,1.0,8.32811975,1.0
9670,16.210032309,1.0,10.397099174,1.0
9671,16.210032309,1.0,3.76265045,1.0
9672,52.454679661,1.0,26.456682526,1.0
9673,52.454679661,1.0,85.602065022,1.0
9674,52.454679661,1.0,106.415627612,1.0
9675,52.454679661,1.0,11.399226471,1.0
9676,52.454679661,1.0,0.3451184811,1.0
9677,52.454679661,1.0,75.77402169,0.0
9678,52.454679661,1.0,40.90551563,1.0
9679,52.454679661,1.0,2.620228609,1.0
9680,52.454679661,1.0,629.457019025,1.0
9681,52.454679661,1.0,46.94762608,1.0
9682,52.454679661,1.0,23.009498747,1.0
9683,52.454679661,1.0,6.063404837,1.0
9684,52.454679661,1.0,23.163711763,1.0
9685,52.454679661,1.0,11.133808458,1.0
9686,52.454679661,1.0,4.357638184,1.0
9687,52.454679661,1.0,24.186224197,1.0
9688,52.454679661,1.0,7.373882175,1.0
9689,52.454679661,1.0,112.099655851,1.0
9690,52.454679661,1.0,8.243241662,1.0
9691,52.454679661,1.0,38.515792955,1.0
9692,52.454679661,1.0,18.855302324,1.0
9693,52.454679661,1.0,24.65499671,1.0
9694,52.454679661,1.0,30.198302233,1.0
9695,52.454679661,1.0,17.057716689,1.0
9696,52.454679661,1.0,43.160315667,1.0
9697,52.454679661,1.0,7.879326678,1.0
9698,52.454679661,1.0,25.0116746,1.0
9699,8.938464153,1.0,26.456682526,1.0
9700,8.938464153,1.0,24.479933455,1.0
9701,8.938464153,1.0,11.232143896,1.0
9702,8.938464153,1.0,8.38717511,1.0
9703,8.938464153,1.0,46.94762608,1.0
9704,8.938464153,1.0,10.561206156,1.0
9705,8.938464153,1.0,11.305962931,1.0
9706,8.938464153,1.0,63.569424162,1.0
9707,8.938464153,1.0,3.441276775,1.0
9708,8.938464153,1.0,8.931451495,1.0
9709,8.938464153,1.0,37.938945266,1.0
9710,8.938464153,1.0,6.52281174,1.0
9711,8.938464153,1.0,18.701816578,1.0
9712,8.938464153,1.0,5.38214551,1.0
9713,9.496850496,1.0,26.456682526,1.0
9714,9.496850496,1.0,85.602065022,1.0
9715,9.496850496,1.0,18.011624075,1.0
9716,9.496850496,1.0,3.932857026,1.0
9717,9.496850496,1.0,3.170768537,1.0
9718,9.496850496,1.0,76.104832671,1.0
9719,9.496850496,1.0,10.181441025,1.0
9720,9.496850496,1.0,6.004574686,1.0
9721,9.496850496,1.0,30.257567237,1.0
9722,9.496850496,1.0,2.620228609,1.0
9723,9.496850496,1.0,629.457019025,1.0
9724,9.496850496,1.0,0.214112784,1.0
9725,9.496850496,1.0,7.493519305,1.0
9726,9.496850496,1.0,6.904083149,1.0
9727,9.496850496,1.0,10.561206156,1.0
9728,9.496850496,1.0,7.440375649,1.0
9729,9.496850496,1.0,5.816563551,1.0
9730,9.496850496,1.0,29.064479699,1.0
9731,9.496850496,1.0,4.063647561,1.0
9732,9.496850496,1.0,41.816248515,1.0
9733,9.496850496,1.0,49.330409711,1.0
9734,9.496850496,1.0,22.680958327,1.0
9735,9.496850496,1.0,7.076362169,1.0
9736,9.496850496,1.0,18.341066883,1.0
9737,9.496850496,1.0,18.598069279,1.0
9738,9.496850496,1.0,8.663691625,1.0
9739,9.496850496,1.0,134.232246392,1.0
9740,9.496850496,1.0,0.008878716523,1.0
9741,9.496850496,1.0,19.845513323,1.0
9742,9.496850496,1.0,12.715212237,1.0
9743,9.496850496,1.0,38.515792955,1.0
9744,9.496850496,1.0,7.888433382,1.0
9745,9.496850496,1.0,3.520084103,1.0
9746,9.496850496,1.0,8.063670476,1.0
9747,11.687696093,1.0,26.456682526,1.0
9748,11.687696093,1.0,11.574078018,1.0
9749,11.687696093,1.0,4.210712808,1.0
9750,11.687696093,1.0,5.38214551,1.0
9751,11.687696093,1.0,4.018046527,1.0
9752,30.257567237,1.0,26.456682526,1.0
9753,30.257567237,1.0,85.602065022,1.0
9754,30.257567237,1.0,106.415627612,1.0
9755,30.257567237,1.0,10.181441025,1.0
9756,30.257567237,1.0,40.90551563,1.0
9757,30.257567237,1.0,0.214112784,1.0
9758,30.257567237,1.0,6.696029248,1.0
9759,30.257567237,1.0,6.903729822,1.0
9760,30.257567237,1.0,8.167861668,1.0
9761,30.257567237,1.0,18.598069279,1.0
9762,30.257567237,1.0,10.50722291,1.0
9763,30.257567237,1.0,3.581472819,1.0
9764,30.257567237,1.0,3.764193323,1.0
9765,30.257567237,1.0,37.446974395,0.0
9766,1.681462384,1.0,26.456682526,1.0
9767,1.681462384,1.0,4.800438878,1.0
9768,1.681462384,1.0,13.092587036,1.0
9769,1.681462384,1.0,37.392342771,1.0
9770,1.681462384,1.0,3.529590431,1.0
9771,1.681462384,1.0,153.378432818,1.0
9772,1.681462384,1.0,20.540037372,1.0
9773,1.681462384,1.0,3.341894097,1.0
9774,1.681462384,1.0,22.78146695,1.0
9775,1.681462384,1.0,11.305962931,1.0
9776,1.681462384,1.0,6.977362658,1.0
9777,1.681462384,1.0,6.396409402,1.0
9778,1.681462384,1.0,18.195908064,1.0
9779,1.681462384,1.0,9.082305407,1.0
9780,1.681462384,1.0,9.71155112,1.0
9781,1.681462384,1.0,2.138567555,1.0
9782,1.681462384,1.0,2.833460751,1.0
9783,1.681462384,1.0,3.238436483,1.0
9784,1.681462384,1.0,5.306124882,1.0
9785,1.681462384,1.0,6.851861599,1.0
9786,1.681462384,1.0,6.878149792,1.0
9787,1.681462384,1.0,6.415927604,1.0
9788,1.681462384,1.0,7.750732528,1.0
9789,1.681462384,1.0,20.051027715,0.0
9790,1.681462384,1.0,18.598069279,1.0
9791,1.681462384,1.0,9.885977802,1.0
9792,1.681462384,1.0,3.287873652,1.0
9793,1.681462384,1.0,1.280519931,1.0
9794,1.681462384,1.0,9.820527386,1.0
9795,8.187427692,1.0,26.456682526,1.0
9796,8.187427692,1.0,5.843490694,1.0
9797,8.187427692,1.0,3.170768537,1.0
9798,8.187427692,1.0,6.181101777,1.0
9799,8.187427692,1.0,7.095566032,1.0
9800,8.187427692,1.0,12.10266456,1.0
9801,8.187427692,1.0,12.457716354,1.0
9802,8.187427692,1.0,40.90551563,1.0
9803,8.187427692,1.0,12.338558256,1.0
9804,8.187427692,1.0,6.703281844,1.0
9805,8.187427692,1.0,2.666798276,1.0
9806,8.187427692,1.0,8.077203943,1.0
9807,8.187427692,1.0,7.674939651,1.0
9808,8.187427692,1.0,4.357638184,1.0
9809,8.187427692,1.0,9.082305407,1.0
9810,8.187427692,1.0,63.569424162,1.0
9811,8.187427692,1.0,10.50722291,1.0
9812,8.187427692,1.0,0.7074212895,1.0
9813,8.187427692,1.0,5.38214551,1.0
9814,8.187427692,1.0,4.91908351,1.0
9815,1.930209873,1.0,26.456682526,1.0
9816,1.930209873,1.0,1.856012985,1.0
9817,1.930209873,1.0,3.255616154,1.0
9818,1.930209873,1.0,5.547187136,1.0
9819,1.930209873,1.0,3.00079294,1.0
9820,1.930209873,1.0,4.491154076,1.0
9821,1.930209873,1.0,11.362555877,1.0
9822,1.930209873,1.0,3.637886738,1.0
9823,1.930209873,1.0,5.341431198,1.0
9824,1.930209873,1.0,6.854782535,1.0
9825,1.930209873,1.0,8.516840935,1.0
9826,1.930209873,1.0,38.515792955,1.0
9827,7.008746013,1.0,26.456682526,1.0
9828,7.008746013,1.0,24.479933455,1.0
9829,7.008746013,1.0,9.400666164,1.0
9830,7.008746013,1.0,3.255616154,1.0
9831,7.008746013,1.0,1.930209873,1.0
9832,7.008746013,1.0,2.888906621,1.0
9833,7.008746013,1.0,2.2197354,1.0
9834,7.008746013,1.0,6.05151979,1.0
9835,7.008746013,1.0,10.016669087,1.0
9836,7.008746013,1.0,12.314548823,1.0
9837,7.008746013,1.0,18.341066883,1.0
9838,7.008746013,1.0,5.318849241,1.0
9839,7.008746013,1.0,6.23365539,1.0
9840,7.008746013,1.0,3.637886738,1.0
9841,7.008746013,1.0,38.515792955,1.0
9842,9.643040622,1.0,26.456682526,1.0
9843,9.643040622,1.0,106.415627612,1.0
9844,9.643040622,1.0,8.727444545,1.0
9845,9.643040622,1.0,13.092587036,1.0
9846,9.643040622,1.0,4.359083834,1.0
9847,9.643040622,1.0,2.2197354,1.0
9848,9.643040622,1.0,7.748182289,1.0
9849,9.643040622,1.0,49.330409711,1.0
9850,9.643040622,1.0,5.142898705,1.0
9851,9.643040622,1.0,3.389171977,1.0
9852,9.643040622,1.0,11.809729744,1.0
9853,9.643040622,1.0,6.394778045,1.0
9854,9.643040622,1.0,18.996217281,1.0
9855,9.643040622,1.0,3.87276971,1.0
9856,9.643040622,1.0,20.418653862,1.0
9857,9.643040622,1.0,18.195908064,1.0
9858,9.643040622,1.0,12.671115978,1.0
9859,9.643040622,1.0,18.00089822,1.0
9860,9.643040622,1.0,11.57419617,1.0
9861,9.643040622,1.0,5.506224572,1.0
9862,9.643040622,1.0,15.149110824,1.0
9863,9.643040622,1.0,5.996384101,1.0
9864,9.643040622,1.0,3.560045955,1.0
9865,9.643040622,1.0,13.297675544,1.0
9866,9.643040622,1.0,18.99975294,1.0
9867,9.643040622,1.0,3.836845692,1.0
9868,9.643040622,1.0,4.140323188,1.0
9869,9.643040622,1.0,9.011999131,1.0
9870,9.643040622,1.0,7.491649438,1.0
9871,9.643040622,1.0,4.627303628,1.0
9872,9.643040622,1.0,10.487538393,1.0
9873,9.643040622,1.0,4.988862425,1.0
9874,6.604095251,1.0,26.456682526,1.0
9875,6.604095251,1.0,11.399226471,1.0
9876,6.604095251,1.0,4.800438878,1.0
9877,6.604095251,1.0,9.801194355,1.0
9878,6.604095251,1.0,13.092587036,1.0
9879,6.604095251,1.0,3.909467109,1.0
9880,6.604095251,1.0,18.92806364,1.0
9881,6.604095251,1.0,1.856012985,1.0
9882,6.604095251,1.0,5.113142616,1.0
9883,6.604095251,1.0,3.387231973,1.0
9884,6.604095251,1.0,54.832733215,1.0
9885,6.604095251,1.0,2.661209826,1.0
9886,6.604095251,1.0,21.342876657,1.0
9887,6.604095251,1.0,8.280750395,1.0
9888,6.604095251,1.0,3.164674771,1.0
9889,6.604095251,1.0,3.436895491,1.0
9890,6.604095251,1.0,3.697724209,1.0
9891,6.604095251,1.0,23.009498747,1.0
9892,6.604095251,1.0,2.425018168,1.0
9893,6.604095251,1.0,7.253592044,1.0
9894,6.604095251,1.0,5.506224572,1.0
9895,6.604095251,1.0,63.569424162,1.0
9896,6.604095251,1.0,3.822486041,1.0
9897,6.604095251,1.0,10.088455912,1.0
9898,6.604095251,1.0,0.3344836215,1.0
9899,6.604095251,1.0,5.38214551,1.0
9900,6.604095251,1.0,5.47079899,0.0
9901,6.604095251,1.0,4.826154305,1.0
9902,6.604095251,1.0,3.082268333,1.0
9903,6.604095251,1.0,0.8053114143,1.0
9904,6.604095251,1.0,8.220136575,1.0
9905,10.561206156,1.0,26.456682526,1.0
9906,10.561206156,1.0,85.602065022,1.0
9907,10.561206156,1.0,106.415627612,1.0
9908,10.561206156,1.0,2.809630333,1.0
9909,10.561206156,1.0,6.106868048,1.0
9910,10.561206156,1.0,14.598625688,1.0
9911,10.561206156,1.0,12.666276573,1.0
9912,10.561206156,1.0,3.255616154,1.0
9913,10.561206156,1.0,6.057768872,1.0
9914,10.561206156,1.0,5.173046124,1.0
9915,10.561206156,1.0,21.47320625,1.0
9916,10.561206156,1.0,5.189647153,1.0
9917,10.561206156,1.0,22.627451627,1.0
9918,10.561206156,1.0,5.816563551,1.0
9919,10.561206156,1.0,15.066753188,1.0
9920,10.561206156,1.0,7.326654522,1.0
9921,10.561206156,1.0,5.913494239,1.0
9922,10.561206156,1.0,23.163711763,1.0
9923,10.561206156,1.0,8.629651598,1.0
9924,10.561206156,1.0,8.078335378,1.0
9925,10.561206156,1.0,8.599022846,1.0
9926,10.561206156,1.0,11.133808458,1.0
9927,10.561206156,1.0,5.899303052,1.0
9928,10.561206156,1.0,4.063647561,1.0
9929,10.561206156,1.0,16.219736768,1.0
9930,10.561206156,1.0,5.142898705,1.0
9931,10.561206156,1.0,3.915305063,1.0
9932,10.561206156,1.0,16.986753427,1.0
9933,10.561206156,1.0,8.45860943,1.0
9934,10.561206156,1.0,9.722560875,0.0
9935,10.561206156,1.0,11.57419617,1.0
9936,10.561206156,1.0,63.569424162,1.0
9937,10.561206156,1.0,24.186224197,1.0
9938,10.561206156,1.0,18.598069279,1.0
9939,10.561206156,1.0,3.581472819,1.0
9940,10.561206156,1.0,8.094688499,1.0
9941,10.561206156,1.0,7.888433382,1.0
9942,10.561206156,1.0,5.538429016,1.0
9943,10.561206156,1.0,46.998665241,1.0
9944,10.561206156,1.0,7.879326678,1.0
9945,10.561206156,1.0,12.023650799,1.0
9946,7.326654522,1.0,26.456682526,1.0
9947,7.326654522,1.0,6.106868048,1.0
9948,7.326654522,1.0,0.147742687,1.0
9949,7.326654522,1.0,6.049206712,1.0
9950,7.326654522,1.0,10.561206156,1.0
9951,7.326654522,1.0,16.746607955,1.0
9952,7.326654522,1.0,5.816563551,1.0
9953,7.326654522,1.0,15.066753188,1.0
9954,7.326654522,1.0,5.913494239,1.0
9955,7.326654522,1.0,8.599022846,1.0
9956,7.326654522,1.0,4.063647561,1.0
9957,7.326654522,1.0,4.381866605,1.0
9958,7.326654522,1.0,6.086591474,1.0
9959,7.326654522,1.0,5.477244591,0.0
9960,4.063647561,1.0,26.456682526,1.0
9961,4.063647561,1.0,6.106868048,1.0
9962,4.063647561,1.0,11.574078018,1.0
9963,4.063647561,1.0,0.7274009746,1.0
9964,4.063647561,1.0,6.057768872,1.0
9965,4.063647561,1.0,5.189647153,1.0
9966,4.063647561,1.0,10.561206156,1.0
9967,4.063647561,1.0,16.746607955,1.0
9968,4.063647561,1.0,5.816563551,1.0
9969,4.063647561,1.0,15.066753188,1.0
9970,4.063647561,1.0,5.913494239,1.0
9971,4.063647561,1.0,29.064479699,1.0
9972,4.063647561,1.0,23.163711763,1.0
9973,4.063647561,1.0,8.599022846,1.0
9974,4.063647561,1.0,11.133808458,1.0
9975,4.063647561,1.0,5.899303052,1.0
9976,4.063647561,1.0,41.816248515,1.0
9977,4.063647561,1.0,22.680958327,1.0
9978,4.063647561,1.0,20.418653862,1.0
9979,4.063647561,1.0,18.00089822,1.0
9980,4.063647561,1.0,10.277541211,1.0
9981,4.063647561,1.0,7.228822587,1.0
9982,4.063647561,1.0,2.390961954,1.0
9983,4.063647561,1.0,6.827557706,1.0
9984,4.063647561,1.0,7.879326678,1.0
9985,4.063647561,1.0,8.063670476,1.0
9986,20.418653862,1.0,26.456682526,1.0
9987,20.418653862,1.0,14.256756103,1.0
9988,20.418653862,1.0,5.971852864,1.0
9989,20.418653862,1.0,9.98284207,1.0
9990,20.418653862,1.0,2.2197354,1.0
9991,20.418653862,1.0,4.632907015,1.0
9992,20.418653862,1.0,22.78146695,1.0
9993,20.418653862,1.0,7.41032757,1.0
9994,20.418653862,1.0,9.643040622,1.0
9995,20.418653862,1.0,2.982104604,1.0
9996,20.418653862,1.0,49.330409711,1.0
9997,20.418653862,1.0,6.120753644,1.0
9998,20.418653862,1.0,11.809729744,1.0
9999,20.418653862,1.0,33.569029236,1.0
10000,20.418653862,1.0,8.45860943,1.0
10001,20.418653862,1.0,6.394778045,1.0
10002,20.418653862,1.0,18.996217281,1.0
10003,20.418653862,1.0,28.598737411,1.0
10004,20.418653862,1.0,6.884917469,1.0
10005,20.418653862,1.0,3.87276971,1.0
10006,20.418653862,1.0,1.461947367,1.0
10007,20.418653862,1.0,18.195908064,1.0
10008,20.418653862,1.0,9.525955471,1.0
10009,20.418653862,1.0,12.671115978,1.0
10010,20.418653862,1.0,5.412612741,1.0
10011,20.418653862,1.0,14.040953069,1.0
10012,20.418653862,1.0,18.00089822,1.0
10013,20.418653862,1.0,1.213586358,1.0
10014,20.418653862,1.0,5.506224572,1.0
10015,20.418653862,1.0,15.149110824,1.0
10016,20.418653862,1.0,5.996384101,1.0
10017,20.418653862,1.0,3.767829505,1.0
10018,20.418653862,1.0,10.861725655,1.0
10019,20.418653862,1.0,18.99975294,1.0
10020,20.418653862,1.0,3.836845692,1.0
10021,20.418653862,1.0,4.140323188,1.0
10022,20.418653862,1.0,5.840658135,1.0
10023,20.418653862,1.0,9.011999131,1.0
10024,20.418653862,1.0,6.257818439,1.0
10025,20.418653862,1.0,26.111237618,1.0
10026,20.418653862,1.0,3.378924377,1.0
10027,20.418653862,1.0,7.888433382,1.0
10028,20.418653862,1.0,4.047358916,1.0
10029,20.418653862,1.0,5.2300594,1.0
10030,7.228822587,1.0,26.456682526,1.0
10031,7.228822587,1.0,2.809630333,1.0
10032,7.228822587,1.0,1.85862259,1.0
10033,7.228822587,1.0,17.546131361,1.0
10034,7.228822587,1.0,1.213275618,1.0
10035,7.228822587,1.0,46.94762608,1.0
10036,7.228822587,1.0,1.462530536,1.0
10037,7.228822587,1.0,21.342876657,1.0
10038,7.228822587,1.0,6.057768872,1.0
10039,7.228822587,1.0,1.402524531,1.0
10040,7.228822587,1.0,21.47320625,1.0
10041,7.228822587,1.0,2.649064229,1.0
10042,7.228822587,1.0,6.63113924,1.0
10043,7.228822587,1.0,16.746607955,1.0
10044,7.228822587,1.0,6.109671996,1.0
10045,7.228822587,1.0,8.327704218,1.0
10046,7.228822587,1.0,2.326729959,1.0
10047,7.228822587,1.0,6.063404837,1.0
10048,7.228822587,1.0,29.064479699,1.0
10049,7.228822587,1.0,23.163711763,1.0
10050,7.228822587,1.0,8.629651598,1.0
10051,7.228822587,1.0,7.748182289,1.0
10052,7.228822587,1.0,8.078335378,1.0
10053,7.228822587,1.0,8.599022846,1.0
10054,7.228822587,1.0,4.357638184,1.0
10055,7.228822587,1.0,41.816248515,1.0
10056,7.228822587,1.0,16.219736768,1.0
10057,7.228822587,1.0,442.31224115,0.0
10058,7.228822587,1.0,0.4289517024,1.0
10059,7.228822587,1.0,49.330409711,1.0
10060,7.228822587,1.0,22.680958327,1.0
10061,7.228822587,1.0,3.492015655,1.0
10062,7.228822587,1.0,6.17753814,1.0
10063,7.228822587,1.0,4.995556646,1.0
10064,7.228822587,1.0,0.7293728154,1.0
10065,7.228822587,1.0,0.5813426078,1.0
10066,7.228822587,1.0,2.430209341,0.0
10067,7.228822587,1.0,11.362555877,1.0
10068,7.228822587,1.0,13.070268138,1.0
10069,7.228822587,1.0,1.793332891,1.0
10070,7.228822587,1.0,112.099655851,1.0
10071,7.228822587,1.0,0.5816461023,1.0
10072,7.228822587,1.0,46.998665241,1.0
10073,7.228822587,1.0,14.45689817,1.0
10074,7.228822587,1.0,11.778400279,1.0
10075,7.228822587,1.0,25.0116746,1.0
10076,7.228822587,1.0,5.096383561,1.0
10077,7.228822587,1.0,41.790035293,1.0
10078,16.979769685,1.0,26.456682526,1.0
10079,16.979769685,1.0,3.251524778,1.0
10080,16.979769685,1.0,1.344673725,1.0
10081,16.979769685,1.0,3.255616154,1.0
10082,16.979769685,1.0,7.41032757,1.0
10083,16.979769685,1.0,5.816563551,1.0
10084,16.979769685,1.0,7.326654522,1.0
10085,16.979769685,1.0,14.075695698,1.0
10086,16.979769685,1.0,8.599022846,1.0
10087,16.979769685,1.0,11.133808458,1.0
10088,16.979769685,1.0,0.4033908982,0.0
10089,16.979769685,1.0,14.998267347,1.0
10090,16.979769685,1.0,10.123192269,1.0
10091,16.979769685,1.0,4.773145152,1.0
10092,16.979769685,1.0,5.292400948,1.0
10093,16.979769685,1.0,5.97652199,1.0
10094,16.979769685,1.0,7.950666232,1.0
10095,16.979769685,1.0,10.198167248,1.0
10096,16.979769685,1.0,35.190700103,1.0
10097,16.979769685,1.0,14.597938965,1.0
10098,16.979769685,1.0,8.615332064,0.0
10099,16.979769685,1.0,205.461120806,1.0
10100,16.979769685,1.0,7.9903188,1.0
10101,16.979769685,1.0,45.362363435,1.0
10102,4.594228449,1.0,26.456682526,1.0
10103,4.594228449,1.0,40.90551563,1.0
10104,4.594228449,1.0,5.978604117,1.0
10105,4.594228449,1.0,23.127912882,1.0
10106,4.594228449,1.0,9.98284207,1.0
10107,4.594228449,1.0,7.493519305,1.0
10108,4.594228449,1.0,10.635386245,1.0
10109,4.594228449,1.0,19.806237448,1.0
10110,4.594228449,1.0,8.995419211,1.0
10111,4.594228449,1.0,17.888502667,1.0
10112,4.594228449,1.0,4.408001027,1.0
10113,30.198302233,1.0,26.456682526,1.0
10114,30.198302233,1.0,85.602065022,1.0
10115,30.198302233,1.0,18.011624075,1.0
10116,30.198302233,1.0,52.454679661,1.0
10117,30.198302233,1.0,106.415627612,1.0
10118,30.198302233,1.0,14.744961584,1.0
10119,30.198302233,1.0,0.3451184811,1.0
10120,30.198302233,1.0,0.214112784,1.0
10121,30.198302233,1.0,46.94762608,1.0
10122,30.198302233,1.0,112.099655851,1.0
10123,30.198302233,1.0,35.190700103,1.0
10124,30.198302233,1.0,18.855302324,1.0
10125,30.198302233,1.0,24.65499671,1.0
10126,30.198302233,1.0,6.52281174,1.0
10127,30.198302233,1.0,5.538429016,1.0
10128,30.198302233,1.0,17.057716689,1.0
10129,30.198302233,1.0,43.160315667,1.0
10130,30.198302233,1.0,22.38547886,1.0
10131,17.057716689,1.0,26.456682526,1.0
10132,17.057716689,1.0,85.602065022,1.0
10133,17.057716689,1.0,52.454679661,1.0
10134,17.057716689,1.0,106.415627612,1.0
10135,17.057716689,1.0,5.450804765,1.0
10136,17.057716689,1.0,30.198302233,1.0
10137,17.057716689,1.0,22.38547886,1.0
10138,43.160315667,1.0,26.456682526,1.0
10139,43.160315667,1.0,85.602065022,1.0
10140,43.160315667,1.0,52.454679661,1.0
10141,43.160315667,1.0,106.415627612,1.0
10142,43.160315667,1.0,30.198302233,1.0
10143,43.160315667,1.0,17.057716689,1.0
10144,11.958363872,1.0,85.602065022,1.0
10145,11.958363872,1.0,18.011624075,1.0
10146,11.958363872,1.0,6.980209921,1.0
10147,11.958363872,1.0,3.932857026,1.0
10148,11.958363872,1.0,24.479933455,1.0
10149,11.958363872,1.0,17.546131361,1.0
10150,11.958363872,1.0,0.3451184811,1.0
10151,11.958363872,1.0,1.930209873,1.0
10152,11.958363872,1.0,27.334429574,1.0
10153,11.958363872,1.0,49.330409711,1.0
10154,11.958363872,1.0,8.50266253,1.0
10155,11.958363872,1.0,4.207592557,1.0
10156,11.958363872,1.0,134.232246392,1.0
10157,11.958363872,1.0,7.170901694,1.0
10158,11.958363872,1.0,112.099655851,1.0
10159,11.958363872,1.0,61.033765457,0.0
10160,11.958363872,1.0,26.111237618,1.0
10161,11.958363872,1.0,38.515792955,1.0
10162,11.958363872,1.0,3.724726563,1.0
10163,11.958363872,1.0,4.594228449,1.0
10164,14.256756103,1.0,85.602065022,1.0
10165,14.256756103,1.0,106.415627612,1.0
10166,14.256756103,1.0,9.496850496,1.0
10167,14.256756103,1.0,1.344673725,1.0
10168,14.256756103,1.0,10.181441025,1.0
10169,14.256756103,1.0,30.257567237,1.0
10170,14.256756103,1.0,6.649897259,1.0
10171,14.256756103,1.0,12.666276573,1.0
10172,14.256756103,1.0,3.255616154,1.0
10173,14.256756103,1.0,4.614399465,1.0
10174,14.256756103,1.0,4.221561247,1.0
10175,14.256756103,1.0,5.32825762,1.0
10176,14.256756103,1.0,1.21352677,1.0
10177,14.256756103,1.0,6.696029248,1.0
10178,14.256756103,1.0,15.776847279,1.0
10179,14.256756103,1.0,8.188774877,1.0
10180,14.256756103,1.0,5.292400948,1.0
10181,14.256756103,1.0,3.647826401,1.0
10182,14.256756103,1.0,5.814209188,1.0
10183,14.256756103,1.0,6.179985299,1.0
10184,14.256756103,1.0,33.569029236,1.0
10185,14.256756103,1.0,8.45860943,1.0
10186,14.256756103,1.0,28.598737411,1.0
10187,14.256756103,1.0,1.380324536,1.0
10188,14.256756103,1.0,19.806237448,1.0
10189,14.256756103,1.0,9.082305407,1.0
10190,14.256756103,1.0,12.671115978,1.0
10191,14.256756103,1.0,6.782565889,1.0
10192,14.256756103,1.0,14.040953069,1.0
10193,14.256756103,1.0,5.237392338,1.0
10194,14.256756103,1.0,3.73091468,1.0
10195,14.256756103,1.0,7.076362169,1.0
10196,14.256756103,1.0,23.390458917,1.0
10197,14.256756103,1.0,11.57419617,1.0
10198,14.256756103,1.0,3.961920632,1.0
10199,14.256756103,1.0,13.574966657,1.0
10200,14.256756103,1.0,4.207592557,1.0
10201,14.256756103,1.0,6.963512648,1.0
10202,14.256756103,1.0,4.491154076,1.0
10203,14.256756103,1.0,2.390961954,1.0
10204,14.256756103,1.0,19.845513323,1.0
10205,14.256756103,1.0,6.257818439,1.0
10206,14.256756103,1.0,8.516840935,1.0
10207,14.256756103,1.0,18.855302324,1.0
10208,14.256756103,1.0,5.648012104,1.0
10209,14.256756103,1.0,46.998665241,1.0
10210,14.256756103,1.0,25.0116746,1.0
10211,14.256756103,1.0,7.954241052,1.0
10212,8.188774877,1.0,85.602065022,1.0
10213,8.188774877,1.0,52.454679661,1.0
10214,8.188774877,1.0,106.415627612,1.0
10215,8.188774877,1.0,14.256756103,1.0
10216,8.188774877,1.0,9.900612688,1.0
10217,8.188774877,1.0,4.193289994,1.0
10218,8.188774877,1.0,3.255616154,1.0
10219,8.188774877,1.0,5.951084905,1.0
10220,8.188774877,1.0,2.2197354,1.0
10221,8.188774877,1.0,6.904083149,1.0
10222,8.188774877,1.0,5.075006428,1.0
10223,8.188774877,1.0,7.41032757,1.0
10224,8.188774877,1.0,23.163711763,1.0
10225,8.188774877,1.0,5.142898705,1.0
10226,8.188774877,1.0,6.696029248,1.0
10227,8.188774877,1.0,33.569029236,1.0
10228,8.188774877,1.0,28.598737411,1.0
10229,8.188774877,1.0,6.884917469,1.0
10230,8.188774877,1.0,7.253592044,1.0
10231,8.188774877,1.0,19.806237448,1.0
10232,8.188774877,1.0,9.082305407,1.0
10233,8.188774877,1.0,6.782565889,1.0
10234,8.188774877,1.0,8.295439778,1.0
10235,8.188774877,1.0,14.040953069,1.0
10236,8.188774877,1.0,18.00089822,1.0
10237,8.188774877,1.0,23.390458917,1.0
10238,8.188774877,1.0,6.893769984,1.0
10239,8.188774877,1.0,18.341066883,1.0
10240,8.188774877,1.0,13.574966657,1.0
10241,8.188774877,1.0,3.177860741,1.0
10242,8.188774877,1.0,8.068554411,1.0
10243,8.188774877,1.0,6.963512648,1.0
10244,8.188774877,1.0,13.297675544,1.0
10245,8.188774877,1.0,1.922086858,1.0
10246,8.188774877,1.0,8.843522305,1.0
10247,8.188774877,1.0,8.516840935,1.0
10248,8.188774877,1.0,26.111237618,1.0
10249,8.188774877,1.0,18.855302324,1.0
10250,8.188774877,1.0,8.105857013,1.0
10251,8.188774877,1.0,6.026101551,1.0
10252,8.188774877,1.0,7.888433382,1.0
10253,8.188774877,1.0,4.119021003,1.0
10254,8.188774877,1.0,25.0116746,1.0
10255,8.188774877,1.0,91.156961989,1.0
10256,33.569029236,1.0,85.602065022,1.0
10257,33.569029236,1.0,11.65146074,1.0
10258,33.569029236,1.0,2.809630333,1.0
10259,33.569029236,1.0,9.801194355,1.0
10260,33.569029236,1.0,9.400666164,1.0
10261,33.569029236,1.0,7.095566032,1.0
10262,33.569029236,1.0,14.744961584,1.0
10263,33.569029236,1.0,10.181441025,1.0
10264,33.569029236,1.0,14.639793863,1.0
10265,33.569029236,1.0,11.041594951,1.0
10266,33.569029236,1.0,2.636539717,1.0
10267,33.569029236,1.0,3.255616154,1.0
10268,33.569029236,1.0,10.016669087,1.0
10269,33.569029236,1.0,22.78146695,1.0
10270,33.569029236,1.0,7.41032757,1.0
10271,33.569029236,1.0,9.643040622,1.0
10272,33.569029236,1.0,22.627451627,1.0
10273,33.569029236,1.0,10.561206156,1.0
10274,33.569029236,1.0,14.075695698,1.0
10275,33.569029236,1.0,8.599022846,1.0
10276,33.569029236,1.0,17.059242232,1.0
10277,33.569029236,1.0,6.696029248,1.0
10278,33.569029236,1.0,15.776847279,1.0
10279,33.569029236,1.0,8.188774877,1.0
10280,33.569029236,1.0,6.179985299,1.0
10281,33.569029236,1.0,16.986753427,1.0
10282,33.569029236,1.0,28.598737411,1.0
10283,33.569029236,1.0,19.806237448,1.0
10284,33.569029236,1.0,4.137506743,1.0
10285,33.569029236,1.0,20.418653862,1.0
10286,33.569029236,1.0,9.082305407,1.0
10287,33.569029236,1.0,6.782565889,1.0
10288,33.569029236,1.0,8.295439778,1.0
10289,33.569029236,1.0,14.040953069,1.0
10290,33.569029236,1.0,12.314548823,1.0
10291,33.569029236,1.0,7.076362169,1.0
10292,33.569029236,1.0,23.390458917,1.0
10293,33.569029236,1.0,11.57419617,1.0
10294,33.569029236,1.0,18.341066883,1.0
10295,33.569029236,1.0,3.559635685,1.0
10296,33.569029236,1.0,6.903729822,1.0
10297,33.569029236,1.0,13.574966657,1.0
10298,33.569029236,1.0,8.068554411,1.0
10299,33.569029236,1.0,6.963512648,1.0
10300,33.569029236,1.0,4.172027313,1.0
10301,33.569029236,1.0,8.324245087,1.0
10302,33.569029236,1.0,3.101439572,1.0
10303,33.569029236,1.0,18.855302324,1.0
10304,33.569029236,1.0,9.264678249,1.0
10305,33.569029236,1.0,8.988959255,1.0
10306,33.569029236,1.0,14.45689817,1.0
10307,33.569029236,1.0,11.778400279,1.0
10308,33.569029236,1.0,25.0116746,1.0
10309,33.569029236,1.0,0.8613647712,1.0
10310,33.569029236,1.0,91.156961989,1.0
10311,19.806237448,1.0,85.602065022,1.0
10312,19.806237448,1.0,6.980209921,1.0
10313,19.806237448,1.0,11.65146074,1.0
10314,19.806237448,1.0,6.181101777,1.0
10315,19.806237448,1.0,11.232143896,1.0
10316,19.806237448,1.0,9.400666164,1.0
10317,19.806237448,1.0,37.98547584,1.0
10318,19.806237448,1.0,130.865646049,1.0
10319,19.806237448,1.0,10.181441025,1.0
10320,19.806237448,1.0,4.193289994,1.0
10321,19.806237448,1.0,15.733724505,1.0
10322,19.806237448,1.0,3.255616154,1.0
10323,19.806237448,1.0,4.051893071,1.0
10324,19.806237448,1.0,7.08934858,1.0
10325,19.806237448,1.0,7.008746013,1.0
10326,19.806237448,1.0,46.94762608,1.0
10327,19.806237448,1.0,10.016669087,1.0
10328,19.806237448,1.0,22.78146695,1.0
10329,19.806237448,1.0,7.41032757,1.0
10330,19.806237448,1.0,41.816248515,1.0
10331,19.806237448,1.0,49.330409711,1.0
10332,19.806237448,1.0,17.059242232,1.0
10333,19.806237448,1.0,6.696029248,1.0
10334,19.806237448,1.0,15.776847279,1.0
10335,19.806237448,1.0,3.331422192,1.0
10336,19.806237448,1.0,3.62084223,1.0
10337,19.806237448,1.0,3.647826401,1.0
10338,19.806237448,1.0,4.381866605,1.0
10339,19.806237448,1.0,8.893250362,1.0
10340,19.806237448,1.0,0.2951445344,1.0
10341,19.806237448,1.0,33.569029236,1.0
10342,19.806237448,1.0,28.598737411,1.0
10343,19.806237448,1.0,3.87276971,1.0
10344,19.806237448,1.0,4.137506743,1.0
10345,19.806237448,1.0,6.086591474,1.0
10346,19.806237448,1.0,9.082305407,1.0
10347,19.806237448,1.0,6.782565889,1.0
10348,19.806237448,1.0,9.71155112,1.0
10349,19.806237448,1.0,8.295439778,1.0
10350,19.806237448,1.0,7.048802068,0.0
10351,19.806237448,1.0,14.040953069,1.0
10352,19.806237448,1.0,5.237392338,1.0
10353,19.806237448,1.0,18.00089822,1.0
10354,19.806237448,1.0,7.076362169,1.0
10355,19.806237448,1.0,6.816885683,1.0
10356,19.806237448,1.0,23.390458917,1.0
10357,19.806237448,1.0,5.506224572,1.0
10358,19.806237448,1.0,5.847750914,1.0
10359,19.806237448,1.0,18.341066883,1.0
10360,19.806237448,1.0,3.559635685,1.0
10361,19.806237448,1.0,7.950666232,1.0
10362,19.806237448,1.0,13.574966657,1.0
10363,19.806237448,1.0,5.542460168,1.0
10364,19.806237448,1.0,6.305349834,1.0
10365,19.806237448,1.0,3.560045955,1.0
10366,19.806237448,1.0,10.861725655,1.0
10367,19.806237448,1.0,4.207592557,1.0
10368,19.806237448,1.0,6.963512648,1.0
10369,19.806237448,1.0,0.6330533371,1.0
10370,19.806237448,1.0,3.836845692,1.0
10371,19.806237448,1.0,4.172027313,1.0
10372,19.806237448,1.0,7.750732528,1.0
10373,19.806237448,1.0,16.462756475,1.0
10374,19.806237448,1.0,9.011999131,1.0
10375,19.806237448,1.0,2.390961954,1.0
10376,19.806237448,1.0,4.621428657,1.0
10377,19.806237448,1.0,6.23365539,1.0
10378,19.806237448,1.0,6.790219312,1.0
10379,19.806237448,1.0,112.099655851,1.0
10380,19.806237448,1.0,8.516840935,1.0
10381,19.806237448,1.0,26.111237618,1.0
10382,19.806237448,1.0,38.515792955,1.0
10383,19.806237448,1.0,18.855302324,1.0
10384,19.806237448,1.0,6.026101551,1.0
10385,19.806237448,1.0,9.102690599,1.0
10386,19.806237448,1.0,7.888433382,1.0
10387,19.806237448,1.0,6.52281174,1.0
10388,19.806237448,1.0,8.988959255,1.0
10389,19.806237448,1.0,1.542591866,1.0
10390,19.806237448,1.0,25.0116746,1.0
10391,19.806237448,1.0,7.954241052,1.0
10392,19.806237448,1.0,3.923454175,1.0
10393,19.806237448,1.0,6.208512798,1.0
10394,9.71155112,1.0,85.602065022,1.0
10395,9.71155112,1.0,9.400666164,1.0
10396,9.71155112,1.0,10.181441025,1.0
10397,9.71155112,1.0,10.025288705,1.0
10398,9.71155112,1.0,14.639793863,1.0
10399,9.71155112,1.0,1.213275618,1.0
10400,9.71155112,1.0,10.016669087,1.0
10401,9.71155112,1.0,7.440375649,1.0
10402,9.71155112,1.0,6.696029248,1.0
10403,9.71155112,1.0,3.331422192,1.0
10404,9.71155112,1.0,8.893250362,1.0
10405,9.71155112,1.0,6.179985299,1.0
10406,9.71155112,1.0,28.598737411,1.0
10407,9.71155112,1.0,6.884917469,1.0
10408,9.71155112,1.0,19.806237448,1.0
10409,9.71155112,1.0,1.461947367,1.0
10410,9.71155112,1.0,5.412612741,1.0
10411,9.71155112,1.0,8.295439778,1.0
10412,9.71155112,1.0,14.040953069,1.0
10413,9.71155112,1.0,7.076362169,1.0
10414,9.71155112,1.0,3.811754697,1.0
10415,9.71155112,1.0,6.816885683,1.0
10416,9.71155112,1.0,13.574966657,1.0
10417,9.71155112,1.0,3.177860741,1.0
10418,9.71155112,1.0,5.542460168,1.0
10419,9.71155112,1.0,4.207592557,1.0
10420,9.71155112,1.0,13.297675544,1.0
10421,9.71155112,1.0,63.569424162,1.0
10422,9.71155112,1.0,10.198167248,1.0
10423,9.71155112,1.0,3.316393044,1.0
10424,9.71155112,1.0,11.253524316,1.0
10425,9.71155112,1.0,6.790219312,1.0
10426,9.71155112,1.0,6.026101551,1.0
10427,9.71155112,1.0,9.264678249,1.0
10428,9.71155112,1.0,7.9903188,1.0
10429,9.71155112,1.0,1.200808632,1.0
10430,9.71155112,1.0,11.725877229,1.0
10431,9.71155112,1.0,91.156961989,1.0
10432,8.107437704,1.0,85.602065022,1.0
10433,8.107437704,1.0,4.678165374,1.0
10434,8.107437704,1.0,5.068988668,1.0
10435,8.107437704,1.0,5.814209188,1.0
10436,8.107437704,1.0,5.97652199,1.0
10437,8.107437704,1.0,7.469166361,1.0
10438,8.107437704,1.0,4.513045268,1.0
10439,8.107437704,1.0,3.73091468,1.0
10440,8.107437704,1.0,7.950666232,1.0
10441,8.107437704,1.0,6.903729822,1.0
10442,8.107437704,1.0,7.659051738,1.0
10443,8.107437704,1.0,10.235504409,1.0
10444,8.107437704,1.0,8.516840935,1.0
10445,8.107437704,1.0,3.952164526,1.0
10446,8.107437704,1.0,15.293129274,1.0
10447,8.107437704,1.0,21.17309223,1.0
10448,18.598069279,1.0,85.602065022,1.0
10449,18.598069279,1.0,9.496850496,1.0
10450,18.598069279,1.0,4.800438878,1.0
10451,18.598069279,1.0,7.735346804,1.0
10452,18.598069279,1.0,3.170768537,1.0
10453,18.598069279,1.0,13.355967806,1.0
10454,18.598069279,1.0,76.104832671,1.0
10455,18.598069279,1.0,10.181441025,1.0
10456,18.598069279,1.0,30.257567237,1.0
10457,18.598069279,1.0,3.529590431,1.0
10458,18.598069279,1.0,8.187427692,1.0
10459,18.598069279,1.0,6.703281844,1.0
10460,18.598069279,1.0,2.666798276,1.0
10461,18.598069279,1.0,7.674939651,1.0
10462,18.598069279,1.0,5.995996753,1.0
10463,18.598069279,1.0,46.94762608,1.0
10464,18.598069279,1.0,6.904083149,1.0
10465,18.598069279,1.0,21.342876657,1.0
10466,18.598069279,1.0,5.189647153,1.0
10467,18.598069279,1.0,10.561206156,1.0
10468,18.598069279,1.0,7.440375649,1.0
10469,18.598069279,1.0,6.063404837,1.0
10470,18.598069279,1.0,23.163711763,1.0
10471,18.598069279,1.0,11.133808458,1.0
10472,18.598069279,1.0,5.899303052,1.0
10473,18.598069279,1.0,4.357638184,1.0
10474,18.598069279,1.0,41.816248515,1.0
10475,18.598069279,1.0,16.219736768,1.0
10476,18.598069279,1.0,14.998267347,1.0
10477,18.598069279,1.0,6.884917469,1.0
10478,18.598069279,1.0,11.57419617,1.0
10479,18.598069279,1.0,7.228822587,1.0
10480,18.598069279,1.0,8.995419211,1.0
10481,18.598069279,1.0,7.750732528,1.0
10482,18.598069279,1.0,16.462756475,1.0
10483,18.598069279,1.0,7.373882175,1.0
10484,18.598069279,1.0,0.008878716523,1.0
10485,18.598069279,1.0,10.235504409,1.0
10486,18.598069279,1.0,12.715212237,1.0
10487,18.598069279,1.0,8.243241662,1.0
10488,18.598069279,1.0,29.988838829,1.0
10489,18.598069279,1.0,6.52281174,1.0
10490,18.598069279,1.0,10.487538393,1.0
10491,18.598069279,1.0,5.333559156,1.0
10492,18.598069279,1.0,5.38214551,1.0
10493,18.598069279,1.0,25.0116746,1.0
10494,18.598069279,1.0,4.91908351,1.0
10495,18.598069279,1.0,21.17309223,1.0
10496,6.23365539,1.0,85.602065022,1.0
10497,6.23365539,1.0,11.232143896,1.0
10498,6.23365539,1.0,4.632870253,1.0
10499,6.23365539,1.0,4.359083834,1.0
10500,6.23365539,1.0,2.666798276,1.0
10501,6.23365539,1.0,6.5091864,1.0
10502,6.23365539,1.0,10.016669087,1.0
10503,6.23365539,1.0,22.78146695,1.0
10504,6.23365539,1.0,19.806237448,1.0
10505,6.23365539,1.0,14.040953069,1.0
10506,6.23365539,1.0,6.305349834,1.0
10507,6.23365539,1.0,8.068554411,1.0
10508,6.23365539,1.0,19.845513323,1.0
10509,6.23365539,1.0,8.843522305,1.0
10510,6.23365539,1.0,17.888502667,1.0
10511,6.23365539,1.0,4.621428657,1.0
10512,6.23365539,1.0,5.318849241,1.0
10513,6.23365539,1.0,6.257818439,1.0
10514,6.23365539,1.0,3.637886738,1.0
10515,6.23365539,1.0,23.583721319,1.0
10516,6.23365539,1.0,5.450804765,1.0
10517,6.23365539,1.0,7.025923962,1.0
10518,6.23365539,1.0,7.308146865,1.0
10519,6.23365539,1.0,6.790219312,1.0
10520,6.23365539,1.0,38.515792955,1.0
10521,6.23365539,1.0,9.150646684,1.0
10522,6.23365539,1.0,9.264678249,1.0
10523,6.23365539,1.0,10.487538393,1.0
10524,6.23365539,1.0,4.119021003,1.0
10525,6.23365539,1.0,25.0116746,1.0
10526,8.334980135,1.0,85.602065022,1.0
10527,8.334980135,1.0,15.109444709,1.0
10528,8.334980135,1.0,11.232143896,1.0
10529,8.334980135,1.0,9.400666164,1.0
10530,8.334980135,1.0,1.344673725,1.0
10531,8.334980135,1.0,4.051893071,1.0
10532,8.334980135,1.0,5.951084905,1.0
10533,8.334980135,1.0,7.08934858,1.0
10534,8.334980135,1.0,36.089846175,1.0
10535,8.334980135,1.0,13.445185063,1.0
10536,8.334980135,1.0,6.086591474,1.0
10537,8.334980135,1.0,18.00089822,1.0
10538,8.334980135,1.0,6.305349834,1.0
10539,8.334980135,1.0,5.419900895,1.0
10540,8.334980135,1.0,10.198167248,1.0
10541,8.334980135,1.0,4.621428657,1.0
10542,8.334980135,1.0,6.257818439,1.0
10543,8.334980135,1.0,8.105857013,1.0
10544,8.334980135,1.0,9.150646684,1.0
10545,8.334980135,1.0,10.487538393,1.0
10546,8.334980135,1.0,8.988959255,1.0
10547,8.334980135,1.0,1.258199034,1.0
10548,3.952164526,1.0,85.602065022,1.0
10549,3.952164526,1.0,3.660314357,1.0
10550,3.952164526,1.0,3.341894097,1.0
10551,3.952164526,1.0,6.17753814,1.0
10552,3.952164526,1.0,2.271211233,1.0
10553,3.952164526,1.0,11.253524316,1.0
10554,3.952164526,1.0,4.621428657,1.0
10555,3.952164526,1.0,1.376763052,1.0
10556,3.952164526,1.0,6.008748456,1.0
10557,3.952164526,1.0,24.771189009,0.0
10558,13.056317027,1.0,18.011624075,1.0
10559,13.056317027,1.0,3.757640503,1.0
10560,13.056317027,1.0,13.88327424,1.0
10561,13.056317027,1.0,2.299200452,1.0
10562,13.056317027,1.0,20.540037372,1.0
10563,13.056317027,1.0,12.876687905,1.0
10564,13.056317027,1.0,3.130326904,1.0
10565,13.056317027,1.0,18.996217281,1.0
10566,13.056317027,1.0,5.894179482,1.0
10567,13.056317027,1.0,10.57156896,1.0
10568,13.056317027,1.0,19.845513323,1.0
10569,13.056317027,1.0,9.885977802,1.0
10570,6.004574686,1.0,18.011624075,1.0
10571,6.004574686,1.0,9.496850496,1.0
10572,6.004574686,1.0,47.858770666,1.0
10573,6.004574686,1.0,13.389965492,1.0
10574,6.004574686,1.0,6.749450958,1.0
10575,6.004574686,1.0,10.016669087,1.0
10576,6.004574686,1.0,10.635386245,1.0
10577,6.004574686,1.0,6.63113924,1.0
10578,6.004574686,1.0,10.57156896,1.0
10579,6.004574686,1.0,4.777806825,1.0
10580,6.004574686,1.0,8.102589681,1.0
10581,6.004574686,1.0,5.453196982,1.0
10582,9.011999131,1.0,18.011624075,1.0
10583,9.011999131,1.0,18.95354209,1.0
10584,9.011999131,1.0,14.639793863,1.0
10585,9.011999131,1.0,15.733724505,1.0
10586,9.011999131,1.0,1.55955744,1.0
10587,9.011999131,1.0,2.661209826,1.0
10588,9.011999131,1.0,10.016669087,1.0
10589,9.011999131,1.0,22.78146695,1.0
10590,9.011999131,1.0,5.075006428,1.0
10591,9.011999131,1.0,19.806237448,1.0
10592,9.011999131,1.0,3.87276971,1.0
10593,9.011999131,1.0,18.195908064,1.0
10594,9.011999131,1.0,9.525955471,1.0
10595,9.011999131,1.0,12.671115978,1.0
10596,9.011999131,1.0,5.447870108,1.0
10597,9.011999131,1.0,3.191550099,1.0
10598,9.011999131,1.0,3.836845692,1.0
10599,9.011999131,1.0,26.668067758,0.0
10600,9.011999131,1.0,16.462756475,1.0
10601,9.011999131,1.0,3.101439572,1.0
10602,9.011999131,1.0,9.885977802,1.0
10603,9.011999131,1.0,3.581472819,1.0
10604,9.011999131,1.0,4.046228683,1.0
10605,9.011999131,1.0,5.2300594,1.0
10606,9.011999131,1.0,6.208512798,1.0
10607,12.056255196,1.0,18.011624075,1.0
10608,12.056255196,1.0,11.399226471,1.0
10609,12.056255196,1.0,9.801194355,1.0
10610,12.056255196,1.0,37.98547584,1.0
10611,12.056255196,1.0,14.038027143,1.0
10612,12.056255196,1.0,43.881908864,1.0
10613,12.056255196,1.0,54.832733215,1.0
10614,12.056255196,1.0,8.280750395,1.0
10615,12.056255196,1.0,4.066517949,1.0
10616,12.056255196,1.0,6.827557706,1.0
10617,7.207826876,1.0,18.011624075,1.0
10618,7.207826876,1.0,2.733967464,1.0
10619,7.207826876,1.0,10.006734416,1.0
10620,7.207826876,1.0,35.503722327,1.0
10621,7.207826876,1.0,2.879393565,1.0
10622,4.990039785,1.0,18.011624075,1.0
10623,4.990039785,1.0,8.938464153,1.0
10624,4.990039785,1.0,9.801194355,1.0
10625,4.990039785,1.0,6.72801545,1.0
10626,4.990039785,1.0,54.832733215,1.0
10627,4.990039785,1.0,11.149848577,1.0
10628,50.153853478,1.0,18.011624075,1.0
10629,50.153853478,1.0,6.416805632,1.0
10630,9.801194355,1.0,52.454679661,1.0
10631,9.801194355,1.0,106.415627612,1.0
10632,9.801194355,1.0,8.727444545,1.0
10633,9.801194355,1.0,11.399226471,1.0
10634,9.801194355,1.0,4.800438878,1.0
10635,9.801194355,1.0,14.256756103,1.0
10636,9.801194355,1.0,13.092587036,1.0
10637,9.801194355,1.0,11.232143896,1.0
10638,9.801194355,1.0,1.85862259,1.0
10639,9.801194355,1.0,14.038027143,1.0
10640,9.801194355,1.0,76.104832671,1.0
10641,9.801194355,1.0,7.600481659,1.0
10642,9.801194355,1.0,13.442647268,1.0
10643,9.801194355,1.0,8.38717511,1.0
10644,9.801194355,1.0,5.118084663,1.0
10645,9.801194355,1.0,54.832733215,1.0
10646,9.801194355,1.0,2.888906621,1.0
10647,9.801194355,1.0,4.632907015,1.0
10648,9.801194355,1.0,10.900235758,1.0
10649,9.801194355,1.0,0.214112784,1.0
10650,9.801194355,1.0,8.280750395,1.0
10651,9.801194355,1.0,4.134774924,1.0
10652,9.801194355,1.0,6.604095251,1.0
10653,9.801194355,1.0,23.009498747,1.0
10654,9.801194355,1.0,4.818425218,1.0
10655,9.801194355,1.0,11.133808458,1.0
10656,9.801194355,1.0,16.986753427,1.0
10657,9.801194355,1.0,6.782565889,1.0
10658,9.801194355,1.0,23.390458917,1.0
10659,9.801194355,1.0,18.341066883,1.0
10660,9.801194355,1.0,6.205428816,1.0
10661,9.801194355,1.0,12.056255196,1.0
10662,9.801194355,1.0,63.569424162,1.0
10663,9.801194355,1.0,2.390961954,1.0
10664,9.801194355,1.0,1.188412879,1.0
10665,9.801194355,1.0,10.088455912,1.0
10666,9.801194355,1.0,14.45689817,1.0
10667,9.801194355,1.0,2.660204161,1.0
10668,11.232143896,1.0,52.454679661,1.0
10669,11.232143896,1.0,106.415627612,1.0
10670,11.232143896,1.0,6.980209921,1.0
10671,11.232143896,1.0,11.399226471,1.0
10672,11.232143896,1.0,11.770692834,1.0
10673,11.232143896,1.0,6.181101777,1.0
10674,11.232143896,1.0,3.321907625,1.0
10675,11.232143896,1.0,8.338097174,1.0
10676,11.232143896,1.0,17.546131361,1.0
10677,11.232143896,1.0,8.223679022,1.0
10678,11.232143896,1.0,5.362171947,1.0
10679,11.232143896,1.0,11.574078018,1.0
10680,11.232143896,1.0,3.287148858,1.0
10681,11.232143896,1.0,5.951084905,1.0
10682,11.232143896,1.0,54.832733215,1.0
10683,11.232143896,1.0,2.888906621,1.0
10684,11.232143896,1.0,10.016669087,1.0
10685,11.232143896,1.0,5.075006428,1.0
10686,11.232143896,1.0,3.164674771,1.0
10687,11.232143896,1.0,4.134774924,1.0
10688,11.232143896,1.0,6.604095251,1.0
10689,11.232143896,1.0,23.009498747,1.0
10690,11.232143896,1.0,27.334429574,1.0
10691,11.232143896,1.0,10.116729733,1.0
10692,11.232143896,1.0,5.142898705,1.0
10693,11.232143896,1.0,17.059242232,1.0
10694,11.232143896,1.0,3.62084223,1.0
10695,11.232143896,1.0,12.314548823,1.0
10696,11.232143896,1.0,7.076362169,1.0
10697,11.232143896,1.0,6.893769984,1.0
10698,11.232143896,1.0,7.950666232,1.0
10699,11.232143896,1.0,6.218754449,1.0
10700,11.232143896,1.0,4.172027313,1.0
10701,11.232143896,1.0,5.419900895,1.0
10702,11.232143896,1.0,3.441276775,1.0
10703,11.232143896,1.0,10.198167248,1.0
10704,11.232143896,1.0,4.165395202,1.0
10705,11.232143896,1.0,4.621428657,1.0
10706,11.232143896,1.0,7.025923962,1.0
10707,11.232143896,1.0,4.066517949,1.0
10708,11.232143896,1.0,10.088455912,1.0
10709,11.232143896,1.0,8.196082118,1.0
10710,11.232143896,1.0,4.119021003,1.0
10711,11.232143896,1.0,11.778400279,1.0
10712,11.232143896,1.0,25.0116746,1.0
10713,11.232143896,1.0,0.8053114143,1.0
10714,46.94762608,1.0,52.454679661,1.0
10715,46.94762608,1.0,106.415627612,1.0
10716,46.94762608,1.0,14.256756103,1.0
10717,46.94762608,1.0,0.2336933914,1.0
10718,46.94762608,1.0,5.824984678,1.0
10719,46.94762608,1.0,14.744961584,1.0
10720,46.94762608,1.0,3.660314357,1.0
10721,46.94762608,1.0,11.574078018,1.0
10722,46.94762608,1.0,4.860815553,1.0
10723,46.94762608,1.0,4.028014858,1.0
10724,46.94762608,1.0,629.457019025,1.0
10725,46.94762608,1.0,36.089846175,1.0
10726,46.94762608,1.0,21.342876657,1.0
10727,46.94762608,1.0,23.004257875,0.0
10728,46.94762608,1.0,7.41032757,1.0
10729,46.94762608,1.0,10.545807272,0.0
10730,46.94762608,1.0,27.334429574,1.0
10731,46.94762608,1.0,21.957598551,1.0
10732,46.94762608,1.0,22.627451627,1.0
10733,46.94762608,1.0,6.588528896,1.0
10734,46.94762608,1.0,29.064479699,1.0
10735,46.94762608,1.0,23.163711763,1.0
10736,46.94762608,1.0,14.075695698,1.0
10737,46.94762608,1.0,49.330409711,1.0
10738,46.94762608,1.0,10.123192269,1.0
10739,46.94762608,1.0,15.776847279,1.0
10740,46.94762608,1.0,5.292400948,1.0
10741,46.94762608,1.0,6.179985299,1.0
10742,46.94762608,1.0,18.996217281,1.0
10743,46.94762608,1.0,19.806237448,1.0
10744,46.94762608,1.0,8.573559835,0.0
10745,46.94762608,1.0,5.237392338,1.0
10746,46.94762608,1.0,5.447870108,1.0
10747,46.94762608,1.0,10.861725655,1.0
10748,46.94762608,1.0,2.401768348,1.0
10749,46.94762608,1.0,4.207592557,1.0
10750,46.94762608,1.0,8.995419211,1.0
10751,46.94762608,1.0,2.390961954,1.0
10752,46.94762608,1.0,18.598069279,1.0
10753,46.94762608,1.0,134.232246392,1.0
10754,46.94762608,1.0,6.458580704,1.0
10755,46.94762608,1.0,45.854721033,1.0
10756,46.94762608,1.0,30.150731299,1.0
10757,46.94762608,1.0,30.637355167,1.0
10758,46.94762608,1.0,7.308146865,1.0
10759,46.94762608,1.0,112.099655851,1.0
10760,46.94762608,1.0,3.581472819,1.0
10761,46.94762608,1.0,0.8518332926,1.0
10762,46.94762608,1.0,0.5816461023,1.0
10763,46.94762608,1.0,12.715212237,1.0
10764,46.94762608,1.0,8.243241662,1.0
10765,46.94762608,1.0,8.473312072,1.0
10766,46.94762608,1.0,29.988838829,1.0
10767,46.94762608,1.0,46.769484107,0.0
10768,46.94762608,1.0,26.111237618,1.0
10769,46.94762608,1.0,35.190700103,1.0
10770,46.94762608,1.0,18.855302324,1.0
10771,46.94762608,1.0,24.65499671,1.0
10772,46.94762608,1.0,6.419404649,1.0
10773,46.94762608,1.0,46.758580833,0.0
10774,46.94762608,1.0,5.257523475,1.0
10775,46.94762608,1.0,6.52281174,1.0
10776,46.94762608,1.0,30.198302233,1.0
10777,46.94762608,1.0,147.947753554,1.0
10778,46.94762608,1.0,14.011515573,1.0
10779,46.94762608,1.0,205.461120806,1.0
10780,46.94762608,1.0,14.45689817,1.0
10781,46.94762608,1.0,11.778400279,1.0
10782,46.94762608,1.0,22.38547886,1.0
10783,46.94762608,1.0,2.072367769,1.0
10784,46.94762608,1.0,6.542005117,1.0
10785,46.94762608,1.0,7.862834024,1.0
10786,6.063404837,1.0,52.454679661,1.0
10787,6.063404837,1.0,1.85862259,1.0
10788,6.063404837,1.0,8.077203943,1.0
10789,6.063404837,1.0,5.980333505,1.0
10790,6.063404837,1.0,1.462530536,1.0
10791,6.063404837,1.0,5.173046124,1.0
10792,6.063404837,1.0,21.47320625,1.0
10793,6.063404837,1.0,22.627451627,1.0
10794,6.063404837,1.0,16.746607955,1.0
10795,6.063404837,1.0,29.064479699,1.0
10796,6.063404837,1.0,23.163711763,1.0
10797,6.063404837,1.0,8.078335378,1.0
10798,6.063404837,1.0,5.899303052,1.0
10799,6.063404837,1.0,41.816248515,1.0
10800,6.063404837,1.0,10.123192269,1.0
10801,6.063404837,1.0,7.228822587,1.0
10802,6.063404837,1.0,24.186224197,1.0
10803,6.063404837,1.0,7.373882175,1.0
10804,6.063404837,1.0,2.197170175,1.0
10805,6.063404837,1.0,10.557429856,1.0
10806,6.063404837,1.0,18.598069279,1.0
10807,6.063404837,1.0,6.52281174,1.0
10808,6.063404837,1.0,7.879326678,1.0
10809,6.063404837,1.0,11.725877229,1.0
10810,6.063404837,1.0,21.17309223,1.0
10811,3.389171977,1.0,52.454679661,1.0
10812,3.389171977,1.0,14.256756103,1.0
10813,3.389171977,1.0,130.865646049,1.0
10814,3.389171977,1.0,4.193289994,1.0
10815,3.389171977,1.0,4.359083834,1.0
10816,3.389171977,1.0,12.338558256,1.0
10817,3.389171977,1.0,10.016669087,1.0
10818,3.389171977,1.0,7.41032757,1.0
10819,3.389171977,1.0,8.123570646,1.0
10820,3.389171977,1.0,8.45860943,1.0
10821,3.389171977,1.0,7.253592044,1.0
10822,3.389171977,1.0,19.806237448,1.0
10823,3.389171977,1.0,6.086591474,1.0
10824,3.389171977,1.0,12.314548823,1.0
10825,3.389171977,1.0,23.390458917,1.0
10826,3.389171977,1.0,18.341066883,1.0
10827,3.389171977,1.0,3.559635685,1.0
10828,3.389171977,1.0,13.574966657,1.0
10829,3.389171977,1.0,3.701022125,1.0
10830,3.389171977,1.0,3.177860741,1.0
10831,3.389171977,1.0,5.542460168,1.0
10832,3.389171977,1.0,10.861725655,1.0
10833,3.389171977,1.0,2.390961954,1.0
10834,3.389171977,1.0,11.253524316,1.0
10835,3.389171977,1.0,6.026101551,1.0
10836,3.389171977,1.0,14.597938965,1.0
10837,3.389171977,1.0,8.196082118,1.0
10838,3.389171977,1.0,7.9903188,1.0
10839,3.389171977,1.0,25.0116746,1.0
10840,7.373882175,1.0,52.454679661,1.0
10841,7.373882175,1.0,8.727444545,1.0
10842,7.373882175,1.0,9.801194355,1.0
10843,7.373882175,1.0,54.832733215,1.0
10844,7.373882175,1.0,6.904083149,1.0
10845,7.373882175,1.0,5.173046124,1.0
10846,7.373882175,1.0,21.47320625,1.0
10847,7.373882175,1.0,27.334429574,1.0
10848,7.373882175,1.0,5.189647153,1.0
10849,7.373882175,1.0,21.957598551,1.0
10850,7.373882175,1.0,22.627451627,1.0
10851,7.373882175,1.0,10.561206156,1.0
10852,7.373882175,1.0,16.746607955,1.0
10853,7.373882175,1.0,15.189863814,1.0
10854,7.373882175,1.0,7.440375649,1.0
10855,7.373882175,1.0,5.816563551,1.0
10856,7.373882175,1.0,6.588528896,1.0
10857,7.373882175,1.0,6.063404837,1.0
10858,7.373882175,1.0,23.163711763,1.0
10859,7.373882175,1.0,11.133808458,1.0
10860,7.373882175,1.0,5.899303052,1.0
10861,7.373882175,1.0,16.219736768,1.0
10862,7.373882175,1.0,442.31224115,0.0
10863,7.373882175,1.0,8.123570646,1.0
10864,7.373882175,1.0,16.986753427,1.0
10865,7.373882175,1.0,4.207592557,1.0
10866,7.373882175,1.0,4.995556646,1.0
10867,7.373882175,1.0,24.186224197,1.0
10868,7.373882175,1.0,2.197170175,1.0
10869,7.373882175,1.0,9.153441064,1.0
10870,7.373882175,1.0,18.598069279,1.0
10871,7.373882175,1.0,27.889315576,1.0
10872,7.373882175,1.0,6.419404649,1.0
10873,7.373882175,1.0,46.998665241,1.0
10874,7.373882175,1.0,12.023650799,1.0
10875,46.769484107,0.0,52.454679661,1.0
10876,46.769484107,0.0,46.94762608,1.0
10877,46.769484107,0.0,49.330409711,1.0
10878,46.769484107,0.0,6.384550977,0.0
10879,46.769484107,0.0,30.150731299,1.0
10880,46.769484107,0.0,60.547022425,0.0
10881,46.769484107,0.0,112.099655851,1.0
10882,46.769484107,0.0,0.5816461023,1.0
10883,46.769484107,0.0,24.65499671,1.0
10884,18.855302324,1.0,52.454679661,1.0
10885,18.855302324,1.0,106.415627612,1.0
10886,18.855302324,1.0,14.256756103,1.0
10887,18.855302324,1.0,10.181441025,1.0
10888,18.855302324,1.0,4.193289994,1.0
10889,18.855302324,1.0,10.025288705,1.0
10890,18.855302324,1.0,14.639793863,1.0
10891,18.855302324,1.0,10.013880072,1.0
10892,18.855302324,1.0,4.614399465,1.0
10893,18.855302324,1.0,4.051893071,1.0
10894,18.855302324,1.0,6.749450958,1.0
10895,18.855302324,1.0,629.457019025,1.0
10896,18.855302324,1.0,10.016669087,1.0
10897,18.855302324,1.0,7.41032757,1.0
10898,18.855302324,1.0,29.064479699,1.0
10899,18.855302324,1.0,4.357638184,1.0
10900,18.855302324,1.0,3.389171977,1.0
10901,18.855302324,1.0,15.776847279,1.0
10902,18.855302324,1.0,8.188774877,1.0
10903,18.855302324,1.0,8.893250362,1.0
10904,18.855302324,1.0,6.179985299,1.0
10905,18.855302324,1.0,8.45860943,1.0
10906,18.855302324,1.0,28.598737411,1.0
10907,18.855302324,1.0,6.884917469,1.0
10908,18.855302324,1.0,19.806237448,1.0
10909,18.855302324,1.0,20.418653862,1.0
10910,18.855302324,1.0,6.086591474,1.0
10911,18.855302324,1.0,9.082305407,1.0
10912,18.855302324,1.0,6.782565889,1.0
10913,18.855302324,1.0,9.71155112,1.0
10914,18.855302324,1.0,8.295439778,1.0
10915,18.855302324,1.0,14.040953069,1.0
10916,18.855302324,1.0,5.237392338,1.0
10917,18.855302324,1.0,12.314548823,1.0
10918,18.855302324,1.0,6.816885683,1.0
10919,18.855302324,1.0,23.390458917,1.0
10920,18.855302324,1.0,11.57419617,1.0
10921,18.855302324,1.0,18.341066883,1.0
10922,18.855302324,1.0,3.559635685,1.0
10923,18.855302324,1.0,13.574966657,1.0
10924,18.855302324,1.0,3.177860741,1.0
10925,18.855302324,1.0,8.068554411,1.0
10926,18.855302324,1.0,10.198167248,1.0
10927,18.855302324,1.0,69.232611588,0.0
10928,18.855302324,1.0,6.257818439,1.0
10929,18.855302324,1.0,7.025923962,1.0
10930,18.855302324,1.0,8.516840935,1.0
10931,18.855302324,1.0,6.026101551,1.0
10932,18.855302324,1.0,8.196082118,1.0
10933,18.855302324,1.0,15.293129274,1.0
10934,18.855302324,1.0,7.9903188,1.0
10935,18.855302324,1.0,25.0116746,1.0
10936,18.855302324,1.0,6.254853155,1.0
10937,18.855302324,1.0,8.070385649,1.0
10938,18.855302324,1.0,7.954241052,1.0
10939,18.855302324,1.0,91.156961989,1.0
10940,7.012375128,1.0,52.454679661,1.0
10941,7.012375128,1.0,5.843490694,1.0
10942,7.012375128,1.0,3.170768537,1.0
10943,7.012375128,1.0,12.10266456,1.0
10944,7.012375128,1.0,7.674939651,1.0
10945,7.012375128,1.0,2.497470498,1.0
10946,7.012375128,1.0,4.357638184,1.0
10947,7.012375128,1.0,17.275100495,1.0
10948,11.770692834,1.0,106.415627612,1.0
10949,11.770692834,1.0,6.980209921,1.0
10950,11.770692834,1.0,5.843490694,1.0
10951,11.770692834,1.0,7.095566032,1.0
10952,11.770692834,1.0,1.685633058,1.0
10953,11.770692834,1.0,5.824984678,1.0
10954,11.770692834,1.0,0.3451184811,1.0
10955,11.770692834,1.0,0.147742687,1.0
10956,11.770692834,1.0,12.10266456,1.0
10957,11.770692834,1.0,10.025288705,1.0
10958,11.770692834,1.0,8.501191644,1.0
10959,11.770692834,1.0,40.90551563,1.0
10960,11.770692834,1.0,8.38717511,1.0
10961,11.770692834,1.0,1.681462384,1.0
10962,11.770692834,1.0,5.775634328,1.0
10963,11.770692834,1.0,7.674939651,1.0
10964,11.770692834,1.0,10.016669087,1.0
10965,11.770692834,1.0,5.173046124,1.0
10966,11.770692834,1.0,2.497470498,1.0
10967,11.770692834,1.0,4.357638184,1.0
10968,11.770692834,1.0,19.806237448,1.0
10969,11.770692834,1.0,8.995419211,1.0
10970,11.770692834,1.0,7.750732528,1.0
10971,11.770692834,1.0,8.931451495,1.0
10972,11.770692834,1.0,6.790219312,1.0
10973,11.770692834,1.0,4.990039785,1.0
10974,11.770692834,1.0,4.91908351,1.0
10975,11.770692834,1.0,8.063670476,1.0
10976,9.400666164,1.0,106.415627612,1.0
10977,9.400666164,1.0,5.843490694,1.0
10978,9.400666164,1.0,14.256756103,1.0
10979,9.400666164,1.0,5.039131185,1.0
10980,9.400666164,1.0,0.8219731651,1.0
10981,9.400666164,1.0,1.434826229,1.0
10982,9.400666164,1.0,12.338558256,1.0
10983,9.400666164,1.0,0.2378778019,1.0
10984,9.400666164,1.0,4.614399465,1.0
10985,9.400666164,1.0,4.051893071,1.0
10986,9.400666164,1.0,10.016669087,1.0
10987,9.400666164,1.0,5.075006428,1.0
10988,9.400666164,1.0,9.442750188,1.0
10989,9.400666164,1.0,17.059242232,1.0
10990,9.400666164,1.0,8.188774877,1.0
10991,9.400666164,1.0,3.62084223,1.0
10992,9.400666164,1.0,4.137506743,1.0
10993,9.400666164,1.0,6.782565889,1.0
10994,9.400666164,1.0,14.040953069,1.0
10995,9.400666164,1.0,12.314548823,1.0
10996,9.400666164,1.0,6.893769984,1.0
10997,9.400666164,1.0,18.341066883,1.0
10998,9.400666164,1.0,6.305349834,1.0
10999,9.400666164,1.0,6.963512648,1.0
11000,9.400666164,1.0,13.297675544,1.0
11001,9.400666164,1.0,10.198167248,1.0
11002,9.400666164,1.0,18.855302324,1.0
11003,9.400666164,1.0,8.334980135,1.0
11004,9.400666164,1.0,1.503732411,1.0
11005,9.400666164,1.0,10.464270693,1.0
11006,10.181441025,1.0,106.415627612,1.0
11007,10.181441025,1.0,11.65146074,1.0
11008,10.181441025,1.0,14.256756103,1.0
11009,10.181441025,1.0,9.400666164,1.0
11010,10.181441025,1.0,3.320043803,1.0
11011,10.181441025,1.0,1.344673725,1.0
11012,10.181441025,1.0,130.865646049,1.0
11013,10.181441025,1.0,14.639793863,1.0
11014,10.181441025,1.0,30.257567237,1.0
11015,10.181441025,1.0,629.457019025,1.0
11016,10.181441025,1.0,5.704906479,1.0
11017,10.181441025,1.0,5.068988668,1.0
11018,10.181441025,1.0,8.893250362,1.0
11019,10.181441025,1.0,3.855461904,1.0
11020,10.181441025,1.0,18.996217281,1.0
11021,10.181441025,1.0,28.598737411,1.0
11022,10.181441025,1.0,7.253592044,1.0
11023,10.181441025,1.0,19.806237448,1.0
11024,10.181441025,1.0,9.082305407,1.0
11025,10.181441025,1.0,5.412612741,1.0
11026,10.181441025,1.0,12.314548823,1.0
11027,10.181441025,1.0,7.076362169,1.0
11028,10.181441025,1.0,23.390458917,1.0
11029,10.181441025,1.0,11.57419617,1.0
11030,10.181441025,1.0,18.341066883,1.0
11031,10.181441025,1.0,3.559635685,1.0
11032,10.181441025,1.0,8.068554411,1.0
11033,10.181441025,1.0,3.191550099,1.0
11034,10.181441025,1.0,3.836845692,1.0
11035,10.181441025,1.0,7.228822587,1.0
11036,10.181441025,1.0,29.988838829,1.0
11037,10.181441025,1.0,0.7325953691,1.0
11038,10.181441025,1.0,7.9903188,1.0
11039,7.41032757,1.0,106.415627612,1.0
11040,7.41032757,1.0,8.727444545,1.0
11041,7.41032757,1.0,15.109444709,1.0
11042,7.41032757,1.0,9.400666164,1.0
11043,7.41032757,1.0,5.824984678,1.0
11044,7.41032757,1.0,8.223679022,1.0
11045,7.41032757,1.0,10.181441025,1.0
11046,7.41032757,1.0,14.639793863,1.0
11047,7.41032757,1.0,0.2598520271,1.0
11048,7.41032757,1.0,5.951084905,1.0
11049,7.41032757,1.0,21.80995475,1.0
11050,7.41032757,1.0,6.604095251,1.0
11051,7.41032757,1.0,7.440375649,1.0
11052,7.41032757,1.0,3.389171977,1.0
11053,7.41032757,1.0,6.696029248,1.0
11054,7.41032757,1.0,6.179985299,1.0
11055,7.41032757,1.0,8.45860943,1.0
11056,7.41032757,1.0,28.598737411,1.0
11057,7.41032757,1.0,6.884917469,1.0
11058,7.41032757,1.0,7.253592044,1.0
11059,7.41032757,1.0,1.380324536,1.0
11060,7.41032757,1.0,1.461947367,1.0
11061,7.41032757,1.0,6.086591474,1.0
11062,7.41032757,1.0,9.71155112,1.0
11063,7.41032757,1.0,8.295439778,1.0
11064,7.41032757,1.0,14.040953069,1.0
11065,7.41032757,1.0,23.390458917,1.0
11066,7.41032757,1.0,3.559635685,1.0
11067,7.41032757,1.0,13.574966657,1.0
11068,7.41032757,1.0,6.205428816,1.0
11069,7.41032757,1.0,17.888502667,1.0
11070,7.41032757,1.0,8.516840935,1.0
11071,7.41032757,1.0,18.855302324,1.0
11072,7.41032757,1.0,6.026101551,1.0
11073,7.41032757,1.0,8.196082118,1.0
11074,7.41032757,1.0,11.176355376,1.0
11075,7.41032757,1.0,25.0116746,1.0
11076,7.41032757,1.0,8.070385649,1.0
11077,7.41032757,1.0,7.954241052,1.0
11078,7.440375649,1.0,106.415627612,1.0
11079,7.440375649,1.0,14.598625688,1.0
11080,7.440375649,1.0,9.98284207,1.0
11081,7.440375649,1.0,7.493519305,1.0
11082,7.440375649,1.0,6.904083149,1.0
11083,7.440375649,1.0,21.342876657,1.0
11084,7.440375649,1.0,53.620745395,1.0
11085,7.440375649,1.0,16.746607955,1.0
11086,7.440375649,1.0,8.327704218,1.0
11087,7.440375649,1.0,5.816563551,1.0
11088,7.440375649,1.0,15.066753188,1.0
11089,7.440375649,1.0,29.064479699,1.0
11090,7.440375649,1.0,23.163711763,1.0
11091,7.440375649,1.0,11.133808458,1.0
11092,7.440375649,1.0,8.123570646,1.0
11093,7.440375649,1.0,7.228822587,1.0
11094,7.440375649,1.0,24.186224197,1.0
11095,7.440375649,1.0,0.2801905995,1.0
11096,7.440375649,1.0,30.637355167,1.0
11097,7.440375649,1.0,8.473312072,1.0
11098,7.440375649,1.0,35.190700103,1.0
11099,8.599022846,1.0,106.415627612,1.0
11100,8.599022846,1.0,6.106868048,1.0
11101,8.599022846,1.0,5.951084905,1.0
11102,8.599022846,1.0,6.057768872,1.0
11103,8.599022846,1.0,5.189647153,1.0
11104,8.599022846,1.0,22.627451627,1.0
11105,8.599022846,1.0,10.561206156,1.0
11106,8.599022846,1.0,7.440375649,1.0
11107,8.599022846,1.0,5.816563551,1.0
11108,8.599022846,1.0,15.066753188,1.0
11109,8.599022846,1.0,7.326654522,1.0
11110,8.599022846,1.0,5.913494239,1.0
11111,8.599022846,1.0,11.133808458,1.0
11112,8.599022846,1.0,5.899303052,1.0
11113,8.599022846,1.0,4.063647561,1.0
11114,8.599022846,1.0,3.492015655,1.0
11115,8.599022846,1.0,4.137506743,1.0
11116,8.599022846,1.0,7.750732528,1.0
11117,8.599022846,1.0,2.390961954,1.0
11118,8.599022846,1.0,13.219212113,1.0
11119,3.647826401,1.0,106.415627612,1.0
11120,3.647826401,1.0,3.251524778,1.0
11121,3.647826401,1.0,14.256756103,1.0
11122,3.647826401,1.0,2.888906621,1.0
11123,3.647826401,1.0,7.493519305,1.0
11124,3.647826401,1.0,10.016669087,1.0
11125,3.647826401,1.0,27.334429574,1.0
11126,3.647826401,1.0,3.389171977,1.0
11127,3.647826401,1.0,4.381866605,1.0
11128,3.647826401,1.0,19.806237448,1.0
11129,3.647826401,1.0,14.040953069,1.0
11130,3.647826401,1.0,3.961920632,1.0
11131,3.647826401,1.0,6.963512648,1.0
11132,3.647826401,1.0,1.922086858,1.0
11133,3.647826401,1.0,22.969963088,0.0
11134,3.647826401,1.0,4.066517949,1.0
11135,18.341066883,1.0,106.415627612,1.0
11136,18.341066883,1.0,14.256756103,1.0
11137,18.341066883,1.0,9.400666164,1.0
11138,18.341066883,1.0,10.181441025,1.0
11139,18.341066883,1.0,4.193289994,1.0
11140,18.341066883,1.0,10.025288705,1.0
11141,18.341066883,1.0,12.776298295,1.0
11142,18.341066883,1.0,4.051893071,1.0
11143,18.341066883,1.0,5.951084905,1.0
11144,18.341066883,1.0,6.05151979,1.0
11145,18.341066883,1.0,15.066753188,1.0
11146,18.341066883,1.0,8.629651598,1.0
11147,18.341066883,1.0,16.219736768,1.0
11148,18.341066883,1.0,3.389171977,1.0
11149,18.341066883,1.0,15.776847279,1.0
11150,18.341066883,1.0,8.188774877,1.0
11151,18.341066883,1.0,8.893250362,1.0
11152,18.341066883,1.0,6.179985299,1.0
11153,18.341066883,1.0,0.2951445344,1.0
11154,18.341066883,1.0,6.076137367,1.0
11155,18.341066883,1.0,33.569029236,1.0
11156,18.341066883,1.0,28.598737411,1.0
11157,18.341066883,1.0,6.884917469,1.0
11158,18.341066883,1.0,7.253592044,1.0
11159,18.341066883,1.0,19.806237448,1.0
11160,18.341066883,1.0,1.461947367,1.0
11161,18.341066883,1.0,4.137506743,1.0
11162,18.341066883,1.0,20.418653862,1.0
11163,18.341066883,1.0,9.082305407,1.0
11164,18.341066883,1.0,6.782565889,1.0
11165,18.341066883,1.0,14.040953069,1.0
11166,18.341066883,1.0,5.237392338,1.0
11167,18.341066883,1.0,12.314548823,1.0
11168,18.341066883,1.0,18.00089822,1.0
11169,18.341066883,1.0,1.213586358,1.0
11170,18.341066883,1.0,23.390458917,1.0
11171,18.341066883,1.0,3.559635685,1.0
11172,18.341066883,1.0,13.574966657,1.0
11173,18.341066883,1.0,3.701022125,1.0
11174,18.341066883,1.0,3.177860741,1.0
11175,18.341066883,1.0,5.542460168,1.0
11176,18.341066883,1.0,6.305349834,1.0
11177,18.341066883,1.0,8.068554411,1.0
11178,18.341066883,1.0,6.218754449,1.0
11179,18.341066883,1.0,10.861725655,1.0
11180,18.341066883,1.0,6.963512648,1.0
11181,18.341066883,1.0,4.172027313,1.0
11182,18.341066883,1.0,2.390961954,1.0
11183,18.341066883,1.0,3.637886738,1.0
11184,18.341066883,1.0,8.516840935,1.0
11185,18.341066883,1.0,18.855302324,1.0
11186,18.341066883,1.0,8.196082118,1.0
11187,18.341066883,1.0,5.333559156,1.0
11188,18.341066883,1.0,6.827557706,1.0
11189,18.341066883,1.0,7.9903188,1.0
11190,18.341066883,1.0,25.0116746,1.0
11191,10.9074083,1.0,106.415627612,1.0
11192,10.9074083,1.0,22.78146695,1.0
11193,10.9074083,1.0,53.620745395,1.0
11194,10.9074083,1.0,7.497610569,1.0
11195,10.9074083,1.0,5.32825762,1.0
11196,10.9074083,1.0,4.060263375,1.0
11197,10.9074083,1.0,11.863979571,1.0
11198,10.9074083,1.0,7.832158225,1.0
11199,10.9074083,1.0,12.120044245,1.0
11200,10.9074083,1.0,8.50266253,1.0
11201,10.9074083,1.0,2.963210118,1.0
11202,10.9074083,1.0,3.297807408,1.0
11203,10.9074083,1.0,6.903729822,1.0
11204,10.9074083,1.0,7.900750518,1.0
11205,10.9074083,1.0,2.733967464,1.0
11206,10.9074083,1.0,4.140323188,1.0
11207,10.9074083,1.0,5.333459143,1.0
11208,10.9074083,1.0,37.938945266,1.0
11209,10.9074083,1.0,8.094688499,1.0
11210,10.9074083,1.0,5.02729186,1.0
11211,10.9074083,1.0,35.503722327,1.0
11212,0.07754331243,0.0,106.415627612,1.0
11213,0.07754331243,0.0,23.163711763,1.0
11214,0.07754331243,0.0,23.390458917,1.0
11215,0.07754331243,0.0,8.995419211,1.0
11216,0.07754331243,0.0,6.205428816,1.0
11217,0.07754331243,0.0,7.750732528,1.0
11218,0.07754331243,0.0,7.025923962,1.0
11219,0.07754331243,0.0,6.790219312,1.0
11220,0.07754331243,0.0,4.537477814,1.0
11221,0.07754331243,0.0,15.293129274,1.0
11222,3.581472819,1.0,106.415627612,1.0
11223,3.581472819,1.0,9.801194355,1.0
11224,3.581472819,1.0,40.90551563,1.0
11225,3.581472819,1.0,6.129802768,1.0
11226,3.581472819,1.0,0.6476473379,1.0
11227,3.581472819,1.0,1.213275618,1.0
11228,3.581472819,1.0,9.98284207,1.0
11229,3.581472819,1.0,46.94762608,1.0
11230,3.581472819,1.0,12.679609565,0.0
11231,3.581472819,1.0,21.342876657,1.0
11232,3.581472819,1.0,17.86679629,1.0
11233,3.581472819,1.0,7.41032757,1.0
11234,3.581472819,1.0,6.588528896,1.0
11235,3.581472819,1.0,29.064479699,1.0
11236,3.581472819,1.0,23.163711763,1.0
11237,3.581472819,1.0,49.330409711,1.0
11238,3.581472819,1.0,9.082305407,1.0
11239,3.581472819,1.0,8.107437704,1.0
11240,3.581472819,1.0,7.228822587,1.0
11241,3.581472819,1.0,16.462756475,1.0
11242,3.581472819,1.0,45.854721033,1.0
11243,3.581472819,1.0,30.150731299,1.0
11244,3.581472819,1.0,30.637355167,1.0
11245,3.581472819,1.0,8.843522305,1.0
11246,3.581472819,1.0,112.099655851,1.0
11247,3.581472819,1.0,8.516840935,1.0
11248,3.581472819,1.0,0.8518332926,1.0
11249,3.581472819,1.0,0.5816461023,1.0
11250,3.581472819,1.0,12.715212237,1.0
11251,3.581472819,1.0,8.243241662,1.0
11252,3.581472819,1.0,8.473312072,1.0
11253,3.581472819,1.0,29.988838829,1.0
11254,3.581472819,1.0,26.111237618,1.0
11255,3.581472819,1.0,35.190700103,1.0
11256,3.581472819,1.0,24.65499671,1.0
11257,3.581472819,1.0,6.419404649,1.0
11258,3.581472819,1.0,5.257523475,1.0
11259,3.581472819,1.0,147.947753554,1.0
11260,3.581472819,1.0,14.45689817,1.0
11261,3.581472819,1.0,11.778400279,1.0
11262,3.581472819,1.0,22.38547886,1.0
11263,3.581472819,1.0,13.219212113,1.0
11264,3.581472819,1.0,2.072367769,1.0
11265,9.537564947,1.0,106.415627612,1.0
11266,9.537564947,1.0,5.843490694,1.0
11267,9.537564947,1.0,11.770692834,1.0
11268,9.537564947,1.0,37.98547584,1.0
11269,9.537564947,1.0,13.61728709,1.0
11270,9.537564947,1.0,4.09207587,1.0
11271,9.537564947,1.0,5.980333505,1.0
11272,9.537564947,1.0,6.588528896,1.0
11273,9.537564947,1.0,4.193583381,1.0
11274,9.537564947,1.0,7.076362169,1.0
11275,9.537564947,1.0,6.963512648,1.0
11276,9.537564947,1.0,11.535903549,1.0
11277,9.537564947,1.0,4.066517949,1.0
11278,9.537564947,1.0,1.258199034,1.0
11279,9.537564947,1.0,25.0116746,1.0
11280,147.947753554,1.0,106.415627612,1.0
11281,147.947753554,1.0,46.94762608,1.0
11282,147.947753554,1.0,49.330409711,1.0
11283,147.947753554,1.0,24.186224197,1.0
11284,147.947753554,1.0,112.099655851,1.0
11285,147.947753554,1.0,3.581472819,1.0
11286,147.947753554,1.0,0.5816461023,1.0
11287,147.947753554,1.0,8.473312072,1.0
11288,147.947753554,1.0,29.988838829,1.0
11289,147.947753554,1.0,26.111237618,1.0
11290,147.947753554,1.0,35.190700103,1.0
11291,147.947753554,1.0,24.65499671,1.0
11292,147.947753554,1.0,30.198302233,1.0
11293,147.947753554,1.0,205.461120806,1.0
11294,147.947753554,1.0,14.45689817,1.0
11295,147.947753554,1.0,22.38547886,1.0
11296,147.947753554,1.0,2.072367769,1.0
11297,147.947753554,1.0,7.862834024,1.0
11298,205.461120806,1.0,106.415627612,1.0
11299,205.461120806,1.0,2.119665992,1.0
11300,205.461120806,1.0,23.390458917,1.0
11301,205.461120806,1.0,112.099655851,1.0
11302,205.461120806,1.0,29.988838829,1.0
11303,205.461120806,1.0,35.190700103,1.0
11304,205.461120806,1.0,24.65499671,1.0
11305,205.461120806,1.0,147.947753554,1.0
11306,205.461120806,1.0,2.072367769,1.0
11307,4.800438878,1.0,6.980209921,1.0
11308,4.800438878,1.0,9.801194355,1.0
11309,4.800438878,1.0,11.232143896,1.0
11310,4.800438878,1.0,8.223679022,1.0
11311,4.800438878,1.0,0.3451184811,1.0
11312,4.800438878,1.0,7.600481659,1.0
11313,4.800438878,1.0,40.90551563,1.0
11314,4.800438878,1.0,54.832733215,1.0
11315,4.800438878,1.0,5.995996753,1.0
11316,4.800438878,1.0,8.280750395,1.0
11317,4.800438878,1.0,4.245903096,1.0
11318,4.800438878,1.0,3.177860741,1.0
11319,4.800438878,1.0,3.560045955,1.0
11320,4.800438878,1.0,4.066517949,1.0
11321,4.800438878,1.0,3.082268333,1.0
11322,14.639793863,1.0,6.980209921,1.0
11323,14.639793863,1.0,11.65146074,1.0
11324,14.639793863,1.0,10.181441025,1.0
11325,14.639793863,1.0,7.600481659,1.0
11326,14.639793863,1.0,7.674939651,1.0
11327,14.639793863,1.0,629.457019025,1.0
11328,14.639793863,1.0,4.046800418,1.0
11329,14.639793863,1.0,10.900235758,1.0
11330,14.639793863,1.0,5.173046124,1.0
11331,14.639793863,1.0,3.389171977,1.0
11332,14.639793863,1.0,17.059242232,1.0
11333,14.639793863,1.0,15.776847279,1.0
11334,14.639793863,1.0,18.996217281,1.0
11335,14.639793863,1.0,19.806237448,1.0
11336,14.639793863,1.0,9.082305407,1.0
11337,14.639793863,1.0,9.71155112,1.0
11338,14.639793863,1.0,5.237392338,1.0
11339,14.639793863,1.0,1.213586358,1.0
11340,14.639793863,1.0,6.305349834,1.0
11341,14.639793863,1.0,6.963512648,1.0
11342,14.639793863,1.0,13.297675544,1.0
11343,14.639793863,1.0,7.750732528,1.0
11344,14.639793863,1.0,19.845513323,1.0
11345,14.639793863,1.0,8.516840935,1.0
11346,14.639793863,1.0,29.988838829,1.0
11347,14.639793863,1.0,35.190700103,1.0
11348,14.639793863,1.0,25.0116746,1.0
11349,23.009498747,1.0,6.980209921,1.0
11350,23.009498747,1.0,11.399226471,1.0
11351,23.009498747,1.0,9.801194355,1.0
11352,23.009498747,1.0,7.735346804,1.0
11353,23.009498747,1.0,11.232143896,1.0
11354,23.009498747,1.0,54.832733215,1.0
11355,23.009498747,1.0,2.888906621,1.0
11356,23.009498747,1.0,6.05151979,1.0
11357,23.009498747,1.0,22.78146695,1.0
11358,23.009498747,1.0,8.280750395,1.0
11359,23.009498747,1.0,7.497610569,1.0
11360,23.009498747,1.0,3.164674771,1.0
11361,23.009498747,1.0,4.134774924,1.0
11362,23.009498747,1.0,6.604095251,1.0
11363,23.009498747,1.0,8.45860943,1.0
11364,23.009498747,1.0,9.082305407,1.0
11365,23.009498747,1.0,12.314548823,1.0
11366,23.009498747,1.0,23.390458917,1.0
11367,23.009498747,1.0,3.208916221,1.0
11368,23.009498747,1.0,6.257818439,1.0
11369,23.009498747,1.0,10.088455912,1.0
11370,23.009498747,1.0,0.3344836215,1.0
11371,23.009498747,1.0,7.879326678,1.0
11372,23.009498747,1.0,4.427730716,1.0
11373,23.009498747,1.0,3.082268333,1.0
11374,23.009498747,1.0,0.8053114143,1.0
11375,17.059242232,1.0,6.980209921,1.0
11376,17.059242232,1.0,11.65146074,1.0
11377,17.059242232,1.0,7.357964603,1.0
11378,17.059242232,1.0,11.232143896,1.0
11379,17.059242232,1.0,9.400666164,1.0
11380,17.059242232,1.0,1.856012985,1.0
11381,17.059242232,1.0,2.666798276,1.0
11382,17.059242232,1.0,5.951084905,1.0
11383,17.059242232,1.0,10.016669087,1.0
11384,17.059242232,1.0,5.075006428,1.0
11385,17.059242232,1.0,21.47320625,1.0
11386,17.059242232,1.0,10.635386245,1.0
11387,17.059242232,1.0,6.63113924,1.0
11388,17.059242232,1.0,5.816563551,1.0
11389,17.059242232,1.0,6.063404837,1.0
11390,17.059242232,1.0,23.163711763,1.0
11391,17.059242232,1.0,4.773145152,1.0
11392,17.059242232,1.0,3.62084223,1.0
11393,17.059242232,1.0,6.076137367,1.0
11394,17.059242232,1.0,33.569029236,1.0
11395,17.059242232,1.0,28.598737411,1.0
11396,17.059242232,1.0,12.671115978,1.0
11397,17.059242232,1.0,5.412612741,1.0
11398,17.059242232,1.0,14.040953069,1.0
11399,17.059242232,1.0,6.816885683,1.0
11400,17.059242232,1.0,5.996384101,1.0
11401,17.059242232,1.0,13.297675544,1.0
11402,17.059242232,1.0,8.995419211,1.0
11403,17.059242232,1.0,6.257818439,1.0
11404,17.059242232,1.0,3.637886738,1.0
11405,17.059242232,1.0,6.790219312,1.0
11406,17.059242232,1.0,6.026101551,1.0
11407,17.059242232,1.0,5.648012104,1.0
11408,17.059242232,1.0,6.52281174,1.0
11409,17.059242232,1.0,5.295070751,1.0
11410,3.62084223,1.0,6.980209921,1.0
11411,3.62084223,1.0,11.65146074,1.0
11412,3.62084223,1.0,6.181101777,1.0
11413,3.62084223,1.0,7.357964603,1.0
11414,3.62084223,1.0,11.232143896,1.0
11415,3.62084223,1.0,5.824984678,1.0
11416,3.62084223,1.0,40.90551563,1.0
11417,3.62084223,1.0,5.951084905,1.0
11418,3.62084223,1.0,10.016669087,1.0
11419,3.62084223,1.0,17.059242232,1.0
11420,3.62084223,1.0,6.696029248,1.0
11421,3.62084223,1.0,3.647826401,1.0
11422,3.62084223,1.0,19.806237448,1.0
11423,3.62084223,1.0,5.412612741,1.0
11424,3.62084223,1.0,7.076362169,1.0
11425,3.62084223,1.0,18.341066883,1.0
11426,3.62084223,1.0,6.205428816,1.0
11427,3.62084223,1.0,6.790219312,1.0
11428,3.62084223,1.0,6.026101551,1.0
11429,3.62084223,1.0,9.150646684,1.0
11430,11.57419617,1.0,6.980209921,1.0
11431,11.57419617,1.0,14.256756103,1.0
11432,11.57419617,1.0,9.400666164,1.0
11433,11.57419617,1.0,4.193289994,1.0
11434,11.57419617,1.0,7.600481659,1.0
11435,11.57419617,1.0,18.95354209,1.0
11436,11.57419617,1.0,14.639793863,1.0
11437,11.57419617,1.0,46.94762608,1.0
11438,11.57419617,1.0,7.41032757,1.0
11439,11.57419617,1.0,15.776847279,1.0
11440,11.57419617,1.0,8.188774877,1.0
11441,11.57419617,1.0,8.893250362,1.0
11442,11.57419617,1.0,6.179985299,1.0
11443,11.57419617,1.0,18.996217281,1.0
11444,11.57419617,1.0,20.418653862,1.0
11445,11.57419617,1.0,14.040953069,1.0
11446,11.57419617,1.0,18.00089822,1.0
11447,11.57419617,1.0,7.076362169,1.0
11448,11.57419617,1.0,23.390458917,1.0
11449,11.57419617,1.0,18.341066883,1.0
11450,11.57419617,1.0,3.961920632,1.0
11451,11.57419617,1.0,13.574966657,1.0
11452,11.57419617,1.0,5.894179482,1.0
11453,11.57419617,1.0,3.177860741,1.0
11454,11.57419617,1.0,5.542460168,1.0
11455,11.57419617,1.0,4.207592557,1.0
11456,11.57419617,1.0,6.963512648,1.0
11457,11.57419617,1.0,6.205428816,1.0
11458,11.57419617,1.0,2.390961954,1.0
11459,11.57419617,1.0,9.636824939,1.0
11460,11.57419617,1.0,6.23365539,1.0
11461,11.57419617,1.0,8.516840935,1.0
11462,11.57419617,1.0,18.855302324,1.0
11463,11.57419617,1.0,5.872903346,1.0
11464,11.57419617,1.0,7.879326678,1.0
11465,11.57419617,1.0,25.0116746,1.0
11466,4.165395202,1.0,6.980209921,1.0
11467,4.165395202,1.0,15.779551822,1.0
11468,4.165395202,1.0,4.09207587,1.0
11469,6.790219312,1.0,6.980209921,1.0
11470,6.790219312,1.0,9.400666164,1.0
11471,6.790219312,1.0,12.457716354,1.0
11472,6.790219312,1.0,3.414323425,1.0
11473,6.790219312,1.0,40.90551563,1.0
11474,6.790219312,1.0,4.91953619,1.0
11475,6.790219312,1.0,10.016669087,1.0
11476,6.790219312,1.0,19.806237448,1.0
11477,6.790219312,1.0,6.816885683,1.0
11478,6.790219312,1.0,3.177860741,1.0
11479,6.790219312,1.0,8.995419211,1.0
11480,6.790219312,1.0,0.07754331243,0.0
11481,6.790219312,1.0,19.845513323,1.0
11482,6.790219312,1.0,11.253524316,1.0
11483,6.790219312,1.0,17.888502667,1.0
11484,6.790219312,1.0,6.257818439,1.0
11485,6.790219312,1.0,6.23365539,1.0
11486,6.790219312,1.0,3.637886738,1.0
11487,6.790219312,1.0,23.583721319,1.0
11488,6.790219312,1.0,3.101439572,1.0
11489,6.790219312,1.0,5.450804765,1.0
11490,6.790219312,1.0,7.025923962,1.0
11491,6.790219312,1.0,7.308146865,1.0
11492,6.790219312,1.0,38.515792955,1.0
11493,6.790219312,1.0,8.334980135,1.0
11494,6.790219312,1.0,25.0116746,1.0
11495,6.790219312,1.0,8.070385649,1.0
11496,6.790219312,1.0,3.082268333,1.0
11497,6.790219312,1.0,21.17309223,1.0
11498,13.351374522,1.0,6.980209921,1.0
11499,13.351374522,1.0,15.779551822,1.0
11500,13.351374522,1.0,5.638247624,1.0
11501,13.351374522,1.0,17.546131361,1.0
11502,13.351374522,1.0,8.38717511,1.0
11503,13.351374522,1.0,23.009498747,1.0
11504,13.351374522,1.0,4.818425218,1.0
11505,13.351374522,1.0,8.617819401,1.0
11506,13.351374522,1.0,1.337015436,1.0
11507,1458.89830302,0.0,333.347970629,0.0
11508,1458.89830302,0.0,152.101757472,0.0
11509,1458.89830302,0.0,1206.595111947,0.0
11510,1458.89830302,0.0,70.500151977,0.0
11511,200.379024922,0.0,333.347970629,0.0
11512,200.379024922,0.0,1206.595111947,0.0
11513,397.413936069,0.0,333.347970629,0.0
11514,397.413936069,0.0,200.758132947,0.0
11515,397.413936069,0.0,298.031129773,0.0
11516,397.413936069,0.0,377.709987806,0.0
11517,397.413936069,0.0,199.214348059,0.0
11518,397.413936069,0.0,44.090783003,0.0
11519,397.413936069,0.0,120.880528466,0.0
11520,397.413936069,0.0,105.406373956,0.0
11521,397.413936069,0.0,254.171011634,0.0
11522,397.413936069,0.0,61.250976509,0.0
11523,397.413936069,0.0,14.852888313,0.0
11524,397.413936069,0.0,584.277713263,0.0
11525,194.968671744,0.0,333.347970629,0.0
11526,194.968671744,0.0,168.957800602,0.0
11527,194.968671744,0.0,11.048009561,0.0
11528,12.581269289,0.0,333.347970629,0.0
11529,12.581269289,0.0,7.040996912,0.0
11530,7.040996912,0.0,333.347970629,0.0
11531,7.040996912,0.0,584.277713263,0.0
11532,1059.529858947,0.0,333.347970629,0.0
11533,1059.529858947,0.0,11.907342196,0.0
11534,1059.529858947,0.0,1154.453958246,0.0
11535,24.395629494,1.0,0.7650038087,0.0
11536,24.395629494,1.0,0.5088358989,1.0
11537,24.395629494,1.0,4.065597994,1.0
11538,24.395629494,1.0,0.7490776456,1.0
11539,24.395629494,1.0,1.905334304,1.0
11540,1.692267602,1.0,0.7650038087,0.0
11541,1.692267602,1.0,2.571804556,1.0
11542,1.589522563,0.0,0.7650038087,0.0
11543,7.357964603,1.0,8.938464153,1.0
11544,7.357964603,1.0,4.672699676,1.0
11545,7.357964603,1.0,47.858770666,1.0
11546,7.357964603,1.0,6.416805632,1.0
11547,7.357964603,1.0,2.784885026,1.0
11548,7.357964603,1.0,43.881908864,1.0
11549,7.357964603,1.0,29.064479699,1.0
11550,7.357964603,1.0,12.314548823,1.0
11551,7.357964603,1.0,3.316393044,1.0
11552,4.381866605,1.0,8.938464153,1.0
11553,4.381866605,1.0,9.801194355,1.0
11554,4.381866605,1.0,14.256756103,1.0
11555,4.381866605,1.0,12.644266328,1.0
11556,4.381866605,1.0,10.900235758,1.0
11557,4.381866605,1.0,17.86679629,1.0
11558,4.381866605,1.0,8.327704218,1.0
11559,4.381866605,1.0,7.326654522,1.0
11560,4.381866605,1.0,5.292400948,1.0
11561,4.381866605,1.0,4.137506743,1.0
11562,4.381866605,1.0,9.082305407,1.0
11563,4.381866605,1.0,14.040953069,1.0
11564,4.381866605,1.0,6.893769984,1.0
11565,4.381866605,1.0,5.996384101,1.0
11566,4.381866605,1.0,18.341066883,1.0
11567,4.381866605,1.0,4.167107991,0.0
11568,4.381866605,1.0,10.861725655,1.0
11569,4.381866605,1.0,7.750732528,1.0
11570,4.381866605,1.0,7.373882175,1.0
11571,4.381866605,1.0,19.845513323,1.0
11572,4.381866605,1.0,8.516840935,1.0
11573,4.381866605,1.0,3.581472819,1.0
11574,4.381866605,1.0,18.855302324,1.0
11575,4.381866605,1.0,5.872903346,1.0
11576,4.381866605,1.0,25.0116746,1.0
11577,13.297675544,1.0,8.938464153,1.0
11578,13.297675544,1.0,14.256756103,1.0
11579,13.297675544,1.0,11.232143896,1.0
11580,13.297675544,1.0,2.294374038,1.0
11581,13.297675544,1.0,629.457019025,1.0
11582,13.297675544,1.0,6.05151979,1.0
11583,13.297675544,1.0,10.016669087,1.0
11584,13.297675544,1.0,9.903488889,1.0
11585,13.297675544,1.0,3.389171977,1.0
11586,13.297675544,1.0,17.059242232,1.0
11587,13.297675544,1.0,3.331422192,1.0
11588,13.297675544,1.0,1.380324536,1.0
11589,13.297675544,1.0,19.806237448,1.0
11590,13.297675544,1.0,9.082305407,1.0
11591,13.297675544,1.0,12.314548823,1.0
11592,13.297675544,1.0,7.076362169,1.0
11593,13.297675544,1.0,6.816885683,1.0
11594,13.297675544,1.0,23.390458917,1.0
11595,13.297675544,1.0,6.305349834,1.0
11596,13.297675544,1.0,8.068554411,1.0
11597,13.297675544,1.0,6.218754449,1.0
11598,13.297675544,1.0,6.963512648,1.0
11599,13.297675544,1.0,4.491154076,1.0
11600,13.297675544,1.0,4.172027313,1.0
11601,13.297675544,1.0,8.663691625,1.0
11602,13.297675544,1.0,6.257818439,1.0
11603,13.297675544,1.0,6.790219312,1.0
11604,13.297675544,1.0,18.855302324,1.0
11605,13.297675544,1.0,8.105857013,1.0
11606,10.557429856,1.0,8.938464153,1.0
11607,10.557429856,1.0,10.025288705,1.0
11608,10.557429856,1.0,12.338558256,1.0
11609,10.557429856,1.0,6.057768872,1.0
11610,10.557429856,1.0,21.957598551,1.0
11611,10.557429856,1.0,22.627451627,1.0
11612,10.557429856,1.0,6.063404837,1.0
11613,10.557429856,1.0,5.521065503,1.0
11614,10.557429856,1.0,8.078335378,1.0
11615,10.557429856,1.0,16.219736768,1.0
11616,10.557429856,1.0,4.381866605,1.0
11617,10.557429856,1.0,10.277541211,1.0
11618,10.557429856,1.0,0.2801905995,1.0
11619,10.557429856,1.0,3.208916221,1.0
11620,10.557429856,1.0,3.799529216,1.0
11621,10.557429856,1.0,13.070268138,1.0
11622,10.557429856,1.0,18.598069279,1.0
11623,10.557429856,1.0,4.621428657,1.0
11624,10.557429856,1.0,14.597938965,1.0
11625,10.557429856,1.0,7.564322155,1.0
11626,8.931451495,1.0,8.938464153,1.0
11627,8.931451495,1.0,4.800438878,1.0
11628,8.931451495,1.0,12.10266456,1.0
11629,8.931451495,1.0,46.94762608,1.0
11630,8.931451495,1.0,4.063647561,1.0
11631,8.931451495,1.0,6.179985299,1.0
11632,8.843522305,1.0,8.938464153,1.0
11633,8.843522305,1.0,4.359083834,1.0
11634,8.843522305,1.0,3.031830641,1.0
11635,8.843522305,1.0,10.016669087,1.0
11636,8.843522305,1.0,4.818425218,1.0
11637,8.843522305,1.0,2.326080633,1.0
11638,8.843522305,1.0,33.569029236,1.0
11639,8.843522305,1.0,6.884917469,1.0
11640,8.843522305,1.0,1.380324536,1.0
11641,8.843522305,1.0,5.412612741,1.0
11642,8.843522305,1.0,6.903729822,1.0
11643,8.843522305,1.0,5.306124882,1.0
11644,8.843522305,1.0,8.995419211,1.0
11645,8.843522305,1.0,63.569424162,1.0
11646,8.843522305,1.0,0.07754331243,0.0
11647,8.843522305,1.0,19.845513323,1.0
11648,8.843522305,1.0,11.253524316,1.0
11649,8.843522305,1.0,17.888502667,1.0
11650,8.843522305,1.0,4.621428657,1.0
11651,8.843522305,1.0,6.257818439,1.0
11652,8.843522305,1.0,6.23365539,1.0
11653,8.843522305,1.0,23.583721319,1.0
11654,8.843522305,1.0,5.450804765,1.0
11655,8.843522305,1.0,7.025923962,1.0
11656,8.843522305,1.0,6.790219312,1.0
11657,8.843522305,1.0,8.988959255,1.0
11658,8.843522305,1.0,5.872903346,1.0
11659,91.156961989,1.0,8.938464153,1.0
11660,91.156961989,1.0,14.256756103,1.0
11661,91.156961989,1.0,4.193289994,1.0
11662,91.156961989,1.0,7.08934858,1.0
11663,91.156961989,1.0,10.510975334,1.0
11664,91.156961989,1.0,15.776847279,1.0
11665,91.156961989,1.0,8.893250362,1.0
11666,91.156961989,1.0,6.179985299,1.0
11667,91.156961989,1.0,33.569029236,1.0
11668,91.156961989,1.0,28.598737411,1.0
11669,91.156961989,1.0,7.253592044,1.0
11670,91.156961989,1.0,1.380324536,1.0
11671,91.156961989,1.0,4.137506743,1.0
11672,91.156961989,1.0,9.082305407,1.0
11673,91.156961989,1.0,6.782565889,1.0
11674,91.156961989,1.0,5.237392338,1.0
11675,91.156961989,1.0,18.00089822,1.0
11676,91.156961989,1.0,18.341066883,1.0
11677,91.156961989,1.0,13.574966657,1.0
11678,91.156961989,1.0,10.861725655,1.0
11679,91.156961989,1.0,2.401768348,1.0
11680,91.156961989,1.0,10.198167248,1.0
11681,91.156961989,1.0,8.034464228,1.0
11682,91.156961989,1.0,5.872903346,1.0
11683,91.156961989,1.0,6.254853155,1.0
11684,91.156961989,1.0,5.2300594,1.0
11685,6.932043301,1.0,5.843490694,1.0
11686,6.932043301,1.0,5.824984678,1.0
11687,6.932043301,1.0,12.10266456,1.0
11688,6.932043301,1.0,40.90551563,1.0
11689,6.932043301,1.0,6.703281844,1.0
11690,6.932043301,1.0,8.629651598,1.0
11691,6.932043301,1.0,4.357638184,1.0
11692,6.932043301,1.0,8.123570646,1.0
11693,6.932043301,1.0,6.782565889,1.0
11694,6.932043301,1.0,3.911933591,1.0
11695,6.932043301,1.0,1.922086858,1.0
11696,6.932043301,1.0,6.181669579,1.0
11697,6.932043301,1.0,5.38214551,1.0
11698,6.932043301,1.0,8.063670476,1.0
11699,2.857419731,1.0,5.843490694,1.0
11700,2.857419731,1.0,4.162390443,1.0
11701,2.857419731,1.0,203.143738217,0.0
11702,2.857419731,1.0,9.537564947,1.0
11703,6.649897259,1.0,5.843490694,1.0
11704,6.649897259,1.0,2.857419731,1.0
11705,6.649897259,1.0,3.251524778,1.0
11706,6.649897259,1.0,3.835846421,1.0
11707,6.649897259,1.0,8.107437704,1.0
11708,6.649897259,1.0,19.467428092,1.0
11709,6.649897259,1.0,14.597938965,1.0
11710,6.649897259,1.0,13.219212113,1.0
11711,12.338558256,1.0,5.843490694,1.0
11712,12.338558256,1.0,11.770692834,1.0
11713,12.338558256,1.0,7.095566032,1.0
11714,12.338558256,1.0,12.10266456,1.0
11715,12.338558256,1.0,5.594596397,1.0
11716,12.338558256,1.0,40.90551563,1.0
11717,12.338558256,1.0,8.187427692,1.0
11718,12.338558256,1.0,6.703281844,1.0
11719,12.338558256,1.0,8.077203943,1.0
11720,12.338558256,1.0,6.5091864,1.0
11721,12.338558256,1.0,5.547187136,1.0
11722,12.338558256,1.0,8.280750395,1.0
11723,12.338558256,1.0,21.47320625,1.0
11724,12.338558256,1.0,2.497470498,1.0
11725,12.338558256,1.0,4.357638184,1.0
11726,12.338558256,1.0,8.123570646,1.0
11727,12.338558256,1.0,5.306124882,1.0
11728,12.338558256,1.0,6.257818439,1.0
11729,12.338558256,1.0,5.38214551,1.0
11730,3.164674771,1.0,5.843490694,1.0
11731,3.164674771,1.0,11.399226471,1.0
11732,3.164674771,1.0,13.092587036,1.0
11733,3.164674771,1.0,3.321907625,1.0
11734,3.164674771,1.0,40.90551563,1.0
11735,3.164674771,1.0,30.257567237,1.0
11736,3.164674771,1.0,54.832733215,1.0
11737,3.164674771,1.0,10.582231785,1.0
11738,3.164674771,1.0,7.170901694,1.0
11739,3.164674771,1.0,10.088455912,1.0
11740,3.164674771,1.0,10.056347203,1.0
11741,3.164674771,1.0,3.367582976,1.0
11742,2.497470498,1.0,5.843490694,1.0
11743,2.497470498,1.0,11.770692834,1.0
11744,2.497470498,1.0,14.256756103,1.0
11745,2.497470498,1.0,3.170768537,1.0
11746,2.497470498,1.0,7.095566032,1.0
11747,2.497470498,1.0,1.685633058,1.0
11748,2.497470498,1.0,5.824984678,1.0
11749,2.497470498,1.0,12.10266456,1.0
11750,2.497470498,1.0,8.501191644,1.0
11751,2.497470498,1.0,40.90551563,1.0
11752,2.497470498,1.0,2.666798276,1.0
11753,2.497470498,1.0,9.082305407,1.0
11754,2.497470498,1.0,5.237392338,1.0
11755,2.497470498,1.0,4.491154076,1.0
11756,2.497470498,1.0,7.750732528,1.0
11757,2.497470498,1.0,19.845513323,1.0
11758,2.497470498,1.0,26.111237618,1.0
11759,2.497470498,1.0,17.275100495,1.0
11760,10.50722291,1.0,5.843490694,1.0
11761,10.50722291,1.0,3.170768537,1.0
11762,10.50722291,1.0,12.10266456,1.0
11763,10.50722291,1.0,40.90551563,1.0
11764,10.50722291,1.0,8.187427692,1.0
11765,10.50722291,1.0,8.077203943,1.0
11766,10.50722291,1.0,7.674939651,1.0
11767,10.50722291,1.0,4.357638184,1.0
11768,10.50722291,1.0,9.082305407,1.0
11769,10.50722291,1.0,7.373882175,1.0
11770,10.50722291,1.0,18.598069279,1.0
11771,10.50722291,1.0,7.012375128,1.0
11772,10.50722291,1.0,5.38214551,1.0
11773,10.50722291,1.0,46.998665241,1.0
11774,10.50722291,1.0,8.063670476,1.0
11775,4.066517949,1.0,5.843490694,1.0
11776,4.066517949,1.0,8.727444545,1.0
11777,4.066517949,1.0,11.399226471,1.0
11778,4.066517949,1.0,4.800438878,1.0
11779,4.066517949,1.0,9.801194355,1.0
11780,4.066517949,1.0,3.932857026,1.0
11781,4.066517949,1.0,11.232143896,1.0
11782,4.066517949,1.0,7.453538482,0.0
11783,4.066517949,1.0,40.90551563,1.0
11784,4.066517949,1.0,4.162390443,1.0
11785,4.066517949,1.0,54.832733215,1.0
11786,4.066517949,1.0,8.280750395,1.0
11787,4.066517949,1.0,4.357638184,1.0
11788,4.066517949,1.0,13.445185063,1.0
11789,4.066517949,1.0,1.21352677,1.0
11790,4.066517949,1.0,9.537564947,1.0
11791,3.764193323,1.0,5.843490694,1.0
11792,3.764193323,1.0,41.816248515,1.0
11793,3.764193323,1.0,4.172027313,1.0
11794,3.764193323,1.0,4.449113565,1.0
11795,3.764193323,1.0,10.639342998,0.0
11796,3.764193323,1.0,9.150646684,1.0
11797,3.764193323,1.0,6.52281174,1.0
11798,3.764193323,1.0,5.872903346,1.0
11799,5.843490694,1.0,2.857419731,1.0
11800,5.843490694,1.0,11.770692834,1.0
11801,5.843490694,1.0,7.095566032,1.0
11802,5.843490694,1.0,1.685633058,1.0
11803,5.843490694,1.0,5.824984678,1.0
11804,5.843490694,1.0,12.10266456,1.0
11805,5.843490694,1.0,12.457716354,1.0
11806,5.843490694,1.0,3.414323425,1.0
11807,5.843490694,1.0,8.501191644,1.0
11808,5.843490694,1.0,40.90551563,1.0
11809,5.843490694,1.0,8.187427692,1.0
11810,5.843490694,1.0,12.338558256,1.0
11811,5.843490694,1.0,6.703281844,1.0
11812,5.843490694,1.0,8.077203943,1.0
11813,5.843490694,1.0,6.5091864,1.0
11814,5.843490694,1.0,7.674939651,1.0
11815,5.843490694,1.0,21.47320625,1.0
11816,5.843490694,1.0,2.497470498,1.0
11817,5.843490694,1.0,16.746607955,1.0
11818,5.843490694,1.0,8.078335378,1.0
11819,5.843490694,1.0,11.133808458,1.0
11820,5.843490694,1.0,4.357638184,1.0
11821,5.843490694,1.0,41.816248515,1.0
11822,5.843490694,1.0,16.219736768,1.0
11823,5.843490694,1.0,22.680958327,1.0
11824,5.843490694,1.0,14.040953069,1.0
11825,5.843490694,1.0,6.963512648,1.0
11826,5.843490694,1.0,12.715212237,1.0
11827,5.843490694,1.0,0.7325953691,1.0
11828,5.843490694,1.0,7.888433382,1.0
11829,5.843490694,1.0,9.537564947,1.0
11830,5.843490694,1.0,0.7074212895,1.0
11831,5.843490694,1.0,17.275100495,1.0
11832,0.4262515307,1.0,2.857419731,1.0
11833,0.4262515307,1.0,3.604027164,1.0
11834,0.4262515307,1.0,15.779551822,1.0
11835,0.4262515307,1.0,21.661954263,1.0
11836,0.4262515307,1.0,8.45860943,1.0
11837,0.4262515307,1.0,4.537477814,1.0
11838,0.4262515307,1.0,7.879326678,1.0
11839,0.4262515307,1.0,8.220136575,1.0
11840,0.8744676439,0.0,2.857419731,1.0
11841,0.2336933914,1.0,8.727444545,1.0
11842,0.2336933914,1.0,24.479933455,1.0
11843,0.2336933914,1.0,0.03889010165,1.0
11844,0.2336933914,1.0,0.147742687,1.0
11845,0.2336933914,1.0,3.414323425,1.0
11846,0.2336933914,1.0,4.359083834,1.0
11847,0.2336933914,1.0,0.6024504423,1.0
11848,0.2336933914,1.0,4.134774924,1.0
11849,0.2336933914,1.0,4.818425218,1.0
11850,0.2336933914,1.0,10.561206156,1.0
11851,0.2336933914,1.0,9.134226434,1.0
11852,0.2336933914,1.0,1.461947367,1.0
11853,0.2336933914,1.0,4.137506743,1.0
11854,0.2336933914,1.0,12.314548823,1.0
11855,0.2336933914,1.0,18.341066883,1.0
11856,0.2336933914,1.0,6.205428816,1.0
11857,0.2336933914,1.0,11.149848577,1.0
11858,0.2336933914,1.0,63.569424162,1.0
11859,0.2336933914,1.0,11.362555877,1.0
11860,0.2336933914,1.0,4.621428657,1.0
11861,0.2336933914,1.0,7.025923962,1.0
11862,7.600481659,1.0,8.727444545,1.0
11863,7.600481659,1.0,4.800438878,1.0
11864,7.600481659,1.0,11.958363872,1.0
11865,7.600481659,1.0,7.453538482,0.0
11866,7.600481659,1.0,0.3451184811,1.0
11867,7.600481659,1.0,10.181441025,1.0
11868,7.600481659,1.0,22.78146695,1.0
11869,7.600481659,1.0,5.075006428,1.0
11870,7.600481659,1.0,7.440375649,1.0
11871,7.600481659,1.0,23.163711763,1.0
11872,7.600481659,1.0,41.816248515,1.0
11873,7.600481659,1.0,49.330409711,1.0
11874,7.600481659,1.0,16.986753427,1.0
11875,7.600481659,1.0,33.569029236,1.0
11876,7.600481659,1.0,20.418653862,1.0
11877,7.600481659,1.0,6.782565889,1.0
11878,7.600481659,1.0,5.237392338,1.0
11879,7.600481659,1.0,18.99975294,1.0
11880,7.600481659,1.0,8.995419211,1.0
11881,7.600481659,1.0,4.066517949,1.0
11882,7.600481659,1.0,18.855302324,1.0
11883,7.600481659,1.0,7.362360638,1.0
11884,7.600481659,1.0,4.427730716,1.0
11885,7.600481659,1.0,54.237297373,1.0
11886,2.620228609,1.0,8.727444545,1.0
11887,2.620228609,1.0,9.801194355,1.0
11888,2.620228609,1.0,4.672699676,1.0
11889,2.620228609,1.0,1.55955744,1.0
11890,2.620228609,1.0,3.835846421,1.0
11891,2.620228609,1.0,5.951084905,1.0
11892,2.620228609,1.0,7.440375649,1.0
11893,2.620228609,1.0,11.133808458,1.0
11894,2.620228609,1.0,19.845513323,1.0
11895,2.888906621,1.0,8.727444545,1.0
11896,2.888906621,1.0,9.801194355,1.0
11897,2.888906621,1.0,0.2336933914,1.0
11898,2.888906621,1.0,7.095566032,1.0
11899,2.888906621,1.0,7.930824421,1.0
11900,2.888906621,1.0,11.574078018,1.0
11901,2.888906621,1.0,8.38717511,1.0
11902,2.888906621,1.0,17.762839048,1.0
11903,2.888906621,1.0,4.046800418,1.0
11904,2.888906621,1.0,4.134774924,1.0
11905,2.888906621,1.0,3.331422192,1.0
11906,2.888906621,1.0,16.986753427,1.0
11907,2.888906621,1.0,6.218754449,1.0
11908,2.888906621,1.0,4.172027313,1.0
11909,2.888906621,1.0,6.827557706,1.0
11910,2.888906621,1.0,4.427730716,1.0
11911,2.888906621,1.0,13.351374522,1.0
11912,4.632907015,1.0,8.727444545,1.0
11913,4.632907015,1.0,5.118084663,1.0
11914,4.632907015,1.0,43.881908864,1.0
11915,4.632907015,1.0,4.046800418,1.0
11916,4.632907015,1.0,7.41032757,1.0
11917,4.632907015,1.0,4.036846382,1.0
11918,8.280750395,1.0,8.727444545,1.0
11919,8.280750395,1.0,9.496850496,1.0
11920,8.280750395,1.0,11.399226471,1.0
11921,8.280750395,1.0,9.801194355,1.0
11922,8.280750395,1.0,11.770692834,1.0
11923,8.280750395,1.0,11.232143896,1.0
11924,8.280750395,1.0,3.321907625,1.0
11925,8.280750395,1.0,3.909467109,1.0
11926,8.280750395,1.0,1.763679082,1.0
11927,8.280750395,1.0,12.10266456,1.0
11928,8.280750395,1.0,7.930824421,1.0
11929,8.280750395,1.0,54.832733215,1.0
11930,8.280750395,1.0,629.457019025,1.0
11931,8.280750395,1.0,7.493519305,1.0
11932,8.280750395,1.0,7.41032757,1.0
11933,8.280750395,1.0,4.134774924,1.0
11934,8.280750395,1.0,6.604095251,1.0
11935,8.280750395,1.0,10.561206156,1.0
11936,8.280750395,1.0,12.056255196,1.0
11937,8.280750395,1.0,11.535903549,1.0
11938,8.280750395,1.0,7.308146865,1.0
11939,8.280750395,1.0,35.190700103,1.0
11940,8.280750395,1.0,54.237297373,1.0
11941,8.280750395,1.0,3.082268333,1.0
11942,17.86679629,1.0,8.727444545,1.0
11943,17.86679629,1.0,3.932857026,1.0
11944,17.86679629,1.0,24.479933455,1.0
11945,17.86679629,1.0,3.757640503,1.0
11946,17.86679629,1.0,14.598625688,1.0
11947,17.86679629,1.0,30.257567237,1.0
11948,17.86679629,1.0,3.425917973,1.0
11949,17.86679629,1.0,7.08934858,1.0
11950,17.86679629,1.0,2.912867331,1.0
11951,17.86679629,1.0,10.478257015,1.0
11952,17.86679629,1.0,29.064479699,1.0
11953,17.86679629,1.0,2.390961954,1.0
11954,17.86679629,1.0,6.154654363,1.0
11955,17.86679629,1.0,5.318849241,1.0
11956,17.86679629,1.0,5.38214551,1.0
11957,17.86679629,1.0,46.998665241,1.0
11958,17.86679629,1.0,8.617819401,1.0
11959,3.961920632,1.0,8.727444545,1.0
11960,3.961920632,1.0,10.181441025,1.0
11961,3.961920632,1.0,1.213275618,1.0
11962,3.961920632,1.0,7.008746013,1.0
11963,3.961920632,1.0,15.189863814,1.0
11964,3.961920632,1.0,8.629651598,1.0
11965,3.961920632,1.0,3.855461904,1.0
11966,3.961920632,1.0,33.569029236,1.0
11967,3.961920632,1.0,19.806237448,1.0
11968,3.961920632,1.0,1.461947367,1.0
11969,3.961920632,1.0,5.506224572,1.0
11970,3.961920632,1.0,5.996384101,1.0
11971,3.961920632,1.0,3.238436483,1.0
11972,3.961920632,1.0,9.011999131,1.0
11973,3.961920632,1.0,0.0622393014,1.0
11974,3.961920632,1.0,38.515792955,1.0
11975,3.961920632,1.0,8.988959255,1.0
11976,3.961920632,1.0,25.0116746,1.0
11977,1.188412879,1.0,8.727444545,1.0
11978,1.188412879,1.0,23.127912882,1.0
11979,1.188412879,1.0,3.436895491,1.0
11980,1.188412879,1.0,6.17753814,1.0
11981,1.188412879,1.0,4.167107991,0.0
11982,1.188412879,1.0,12.307254829,1.0
11983,1.188412879,1.0,3.252543863,1.0
11984,1.188412879,1.0,6.3099015,1.0
11985,3.724726563,1.0,8.727444545,1.0
11986,3.724726563,1.0,13.092587036,1.0
11987,3.724726563,1.0,1.685633058,1.0
11988,6.827557706,1.0,8.727444545,1.0
11989,6.827557706,1.0,0.2336933914,1.0
11990,6.827557706,1.0,5.980333505,1.0
11991,6.827557706,1.0,2.888906621,1.0
11992,6.827557706,1.0,8.280750395,1.0
11993,6.827557706,1.0,4.543431095,1.0
11994,6.827557706,1.0,4.134774924,1.0
11995,6.827557706,1.0,33.569029236,1.0
11996,6.827557706,1.0,11.630957699,1.0
11997,6.827557706,1.0,7.170901694,1.0
11998,6.827557706,1.0,26.111237618,1.0
11999,6.827557706,1.0,8.617819401,1.0
12000,6.827557706,1.0,4.427730716,1.0
12001,6.827557706,1.0,3.082268333,1.0
12002,1.337015436,1.0,8.727444545,1.0
12003,1.337015436,1.0,1.85862259,1.0
12004,1.337015436,1.0,5.362171947,1.0
12005,1.337015436,1.0,3.497293236,1.0
12006,1.337015436,1.0,3.414323425,1.0
12007,1.337015436,1.0,4.09207587,1.0
12008,1.337015436,1.0,4.985086585,1.0
12009,1.337015436,1.0,0.4262515307,1.0
12010,1.337015436,1.0,6.827557706,1.0
12011,3.604027164,1.0,9.496850496,1.0
12012,3.604027164,1.0,8.501191644,1.0
12013,3.604027164,1.0,63.569424162,1.0
12014,3.604027164,1.0,13.070268138,1.0
12015,3.604027164,1.0,7.362360638,1.0
12016,3.604027164,1.0,1.503732411,1.0
12017,3.604027164,1.0,4.91908351,1.0
12018,1.344673725,1.0,9.496850496,1.0
12019,1.344673725,1.0,3.932857026,1.0
12020,1.344673725,1.0,7.600481659,1.0
12021,1.344673725,1.0,629.457019025,1.0
12022,1.344673725,1.0,6.904083149,1.0
12023,1.344673725,1.0,8.188774877,1.0
12024,1.344673725,1.0,16.986753427,1.0
12025,1.344673725,1.0,5.453196982,1.0
12026,1.344673725,1.0,19.845513323,1.0
12027,1.344673725,1.0,25.0116746,1.0
12028,76.104832671,1.0,9.496850496,1.0
12029,76.104832671,1.0,5.995996753,1.0
12030,76.104832671,1.0,0.7274009746,1.0
12031,76.104832671,1.0,7.493519305,1.0
12032,76.104832671,1.0,6.904083149,1.0
12033,76.104832671,1.0,6.057768872,1.0
12034,76.104832671,1.0,16.746607955,1.0
12035,76.104832671,1.0,29.064479699,1.0
12036,76.104832671,1.0,23.163711763,1.0
12037,76.104832671,1.0,8.078335378,1.0
12038,76.104832671,1.0,11.133808458,1.0
12039,76.104832671,1.0,4.357638184,1.0
12040,76.104832671,1.0,4.063647561,1.0
12041,76.104832671,1.0,41.816248515,1.0
12042,76.104832671,1.0,1.461947367,1.0
12043,76.104832671,1.0,10.277541211,1.0
12044,76.104832671,1.0,3.208916221,1.0
12045,76.104832671,1.0,7.373882175,1.0
12046,76.104832671,1.0,9.153441064,1.0
12047,76.104832671,1.0,18.598069279,1.0
12048,76.104832671,1.0,0.008878716523,1.0
12049,76.104832671,1.0,112.099655851,1.0
12050,76.104832671,1.0,8.243241662,1.0
12051,76.104832671,1.0,14.597938965,1.0
12052,76.104832671,1.0,7.879326678,1.0
12053,76.104832671,1.0,3.520084103,1.0
12054,76.104832671,1.0,3.923454175,1.0
12055,0.008878716523,1.0,9.496850496,1.0
12056,0.008878716523,1.0,18.598069279,1.0
12057,8.516840935,1.0,9.496850496,1.0
12058,8.516840935,1.0,14.256756103,1.0
12059,8.516840935,1.0,130.865646049,1.0
12060,8.516840935,1.0,13.355967806,1.0
12061,8.516840935,1.0,14.639793863,1.0
12062,8.516840935,1.0,43.881908864,1.0
12063,8.516840935,1.0,629.457019025,1.0
12064,8.516840935,1.0,10.900235758,1.0
12065,8.516840935,1.0,6.404713703,1.0
12066,8.516840935,1.0,23.163711763,1.0
12067,8.516840935,1.0,4.193583381,1.0
12068,8.516840935,1.0,8.188774877,1.0
12069,8.516840935,1.0,5.292400948,1.0
12070,8.516840935,1.0,4.381866605,1.0
12071,8.516840935,1.0,8.45860943,1.0
12072,8.516840935,1.0,7.253592044,1.0
12073,8.516840935,1.0,19.806237448,1.0
12074,8.516840935,1.0,9.082305407,1.0
12075,8.516840935,1.0,14.040953069,1.0
12076,8.516840935,1.0,5.237392338,1.0
12077,8.516840935,1.0,12.314548823,1.0
12078,8.516840935,1.0,23.390458917,1.0
12079,8.516840935,1.0,11.57419617,1.0
12080,8.516840935,1.0,18.341066883,1.0
12081,8.516840935,1.0,3.559635685,1.0
12082,8.516840935,1.0,3.961920632,1.0
12083,8.516840935,1.0,13.574966657,1.0
12084,8.516840935,1.0,7.659051738,1.0
12085,8.516840935,1.0,13.297675544,1.0
12086,8.516840935,1.0,1.922086858,1.0
12087,8.516840935,1.0,2.390961954,1.0
12088,8.516840935,1.0,7.308146865,1.0
12089,8.516840935,1.0,18.855302324,1.0
12090,8.516840935,1.0,14.597938965,1.0
12091,8.516840935,1.0,25.0116746,1.0
12092,8.516840935,1.0,91.156961989,1.0
12093,6.419404649,1.0,9.496850496,1.0
12094,6.419404649,1.0,46.94762608,1.0
12095,6.419404649,1.0,22.627451627,1.0
12096,6.419404649,1.0,10.561206156,1.0
12097,6.419404649,1.0,7.440375649,1.0
12098,6.419404649,1.0,23.163711763,1.0
12099,6.419404649,1.0,8.123570646,1.0
12100,6.419404649,1.0,49.330409711,1.0
12101,6.419404649,1.0,24.186224197,1.0
12102,6.419404649,1.0,30.637355167,1.0
12103,6.419404649,1.0,112.099655851,1.0
12104,6.419404649,1.0,3.581472819,1.0
12105,6.419404649,1.0,0.8518332926,1.0
12106,6.419404649,1.0,0.5816461023,1.0
12107,6.419404649,1.0,12.715212237,1.0
12108,6.419404649,1.0,8.243241662,1.0
12109,6.419404649,1.0,8.473312072,1.0
12110,6.419404649,1.0,29.988838829,1.0
12111,6.419404649,1.0,26.111237618,1.0
12112,6.419404649,1.0,35.190700103,1.0
12113,6.419404649,1.0,24.65499671,1.0
12114,6.419404649,1.0,22.38547886,1.0
12115,6.419404649,1.0,2.072367769,1.0
12116,9.150646684,1.0,9.496850496,1.0
12117,9.150646684,1.0,5.328803376,1.0
12118,9.150646684,1.0,7.674939651,1.0
12119,9.150646684,1.0,21.47320625,1.0
12120,9.150646684,1.0,13.297675544,1.0
12121,9.150646684,1.0,8.995419211,1.0
12122,9.150646684,1.0,5.800114647,1.0
12123,9.150646684,1.0,7.135698552,1.0
12124,9.150646684,1.0,4.449113565,1.0
12125,9.150646684,1.0,9.264678249,1.0
12126,9.150646684,1.0,3.764193323,1.0
12127,9.150646684,1.0,5.648012104,1.0
12128,9.150646684,1.0,6.52281174,1.0
12129,9.150646684,1.0,8.334980135,1.0
12130,9.150646684,1.0,10.487538393,1.0
12131,9.150646684,1.0,5.219724345,1.0
12132,9.150646684,1.0,12.023650799,1.0
12133,5.17795514,1.0,11.399226471,1.0
12134,5.17795514,1.0,3.660314357,1.0
12135,5.17795514,1.0,6.831887515,1.0
12136,5.17795514,1.0,7.763450156,1.0
12137,5.17795514,1.0,2.043936169,1.0
12138,5.17795514,1.0,6.17753814,1.0
12139,5.17795514,1.0,3.696128234,1.0
12140,5.17795514,1.0,2.833460751,1.0
12141,5.17795514,1.0,1.419281651,1.0
12142,5.17795514,1.0,12.307254829,1.0
12143,5.17795514,1.0,3.321244134,1.0
12144,5.17795514,1.0,23.450551653,1.0
12145,5.17795514,1.0,3.252543863,1.0
12146,5.17795514,1.0,6.415927604,1.0
12147,5.17795514,1.0,4.743119874,1.0
12148,5.17795514,1.0,1.188412879,1.0
12149,5.17795514,1.0,24.65499671,1.0
12150,5.17795514,1.0,10.088455912,1.0
12151,11.284623998,1.0,11.399226471,1.0
12152,11.284623998,1.0,14.038027143,1.0
12153,11.284623998,1.0,49.675986752,1.0
12154,4.695983704,1.0,11.399226471,1.0
12155,4.695983704,1.0,7.095566032,1.0
12156,4.695983704,1.0,11.284623998,1.0
12157,4.695983704,1.0,13.047362402,1.0
12158,4.695983704,1.0,0.4848176126,1.0
12159,4.695983704,1.0,49.675986752,1.0
12160,4.695983704,1.0,8.617819401,1.0
12161,0.2378778019,1.0,11.399226471,1.0
12162,0.2378778019,1.0,8.223679022,1.0
12163,0.2378778019,1.0,5.362171947,1.0
12164,0.2378778019,1.0,5.673623555,1.0
12165,0.2378778019,1.0,10.016669087,1.0
12166,0.2378778019,1.0,5.075006428,1.0
12167,0.214112784,1.0,11.399226471,1.0
12168,0.214112784,1.0,9.801194355,1.0
12169,0.214112784,1.0,3.255616154,1.0
12170,0.214112784,1.0,54.832733215,1.0
12171,0.214112784,1.0,8.280750395,1.0
12172,0.214112784,1.0,3.961920632,1.0
12173,0.214112784,1.0,6.458580704,1.0
12174,0.214112784,1.0,12.715212237,1.0
12175,0.214112784,1.0,80.515084524,1.0
12176,0.214112784,1.0,39.375745086,1.0
12177,0.214112784,1.0,4.427730716,1.0
12178,10.190843374,1.0,11.399226471,1.0
12179,10.190843374,1.0,4.800438878,1.0
12180,10.190843374,1.0,5.693360228,1.0
12181,10.190843374,1.0,5.525326408,1.0
12182,10.478257015,1.0,11.399226471,1.0
12183,10.478257015,1.0,7.095566032,1.0
12184,10.478257015,1.0,30.257567237,1.0
12185,10.478257015,1.0,0.2378778019,1.0
12186,10.478257015,1.0,13.41431181,1.0
12187,10.478257015,1.0,43.881908864,1.0
12188,10.478257015,1.0,4.216885931,1.0
12189,10.478257015,1.0,17.86679629,1.0
12190,10.478257015,1.0,6.063404837,1.0
12191,10.478257015,1.0,10.277541211,1.0
12192,10.478257015,1.0,46.998665241,1.0
12193,5.075006428,1.0,11.399226471,1.0
12194,5.075006428,1.0,1.685633058,1.0
12195,5.075006428,1.0,7.600481659,1.0
12196,5.075006428,1.0,17.659636524,0.0
12197,5.075006428,1.0,1.55955744,1.0
12198,5.075006428,1.0,4.051893071,1.0
12199,5.075006428,1.0,30.39277946,1.0
12200,5.075006428,1.0,2.058579152,1.0
12201,5.075006428,1.0,36.089846175,1.0
12202,5.075006428,1.0,6.057768872,1.0
12203,5.075006428,1.0,2.942608565,1.0
12204,5.075006428,1.0,4.193583381,1.0
12205,5.075006428,1.0,8.893250362,1.0
12206,5.075006428,1.0,8.45860943,1.0
12207,5.075006428,1.0,6.086591474,1.0
12208,5.075006428,1.0,9.082305407,1.0
12209,5.075006428,1.0,5.412612741,1.0
12210,5.075006428,1.0,14.040953069,1.0
12211,5.075006428,1.0,11.57419617,1.0
12212,5.075006428,1.0,6.893769984,1.0
12213,5.075006428,1.0,8.995419211,1.0
12214,5.075006428,1.0,7.750732528,1.0
12215,5.075006428,1.0,10.198167248,1.0
12216,5.075006428,1.0,11.253524316,1.0
12217,5.075006428,1.0,38.434765646,1.0
12218,5.075006428,1.0,8.334980135,1.0
12219,4.818425218,1.0,11.399226471,1.0
12220,4.818425218,1.0,9.801194355,1.0
12221,4.818425218,1.0,15.779551822,1.0
12222,4.818425218,1.0,11.232143896,1.0
12223,4.818425218,1.0,3.321907625,1.0
12224,4.818425218,1.0,5.362171947,1.0
12225,4.818425218,1.0,5.594596397,1.0
12226,4.818425218,1.0,4.09207587,1.0
12227,4.818425218,1.0,5.978604117,1.0
12228,4.818425218,1.0,4.359083834,1.0
12229,4.818425218,1.0,15.733724505,1.0
12230,4.818425218,1.0,5.082210723,1.0
12231,4.818425218,1.0,2.888906621,1.0
12232,4.818425218,1.0,629.457019025,1.0
12233,4.818425218,1.0,0.4262515307,1.0
12234,4.818425218,1.0,4.134774924,1.0
12235,4.818425218,1.0,23.009498747,1.0
12236,4.818425218,1.0,1.380324536,1.0
12237,4.818425218,1.0,11.57419617,1.0
12238,4.818425218,1.0,6.218754449,1.0
12239,4.818425218,1.0,63.569424162,1.0
12240,4.818425218,1.0,7.025923962,1.0
12241,4.818425218,1.0,4.537477814,1.0
12242,4.818425218,1.0,4.119021003,1.0
12243,4.818425218,1.0,4.91908351,1.0
12244,4.818425218,1.0,4.427730716,1.0
12245,5.894179482,1.0,11.399226471,1.0
12246,5.894179482,1.0,15.722078037,1.0
12247,5.894179482,1.0,2.326729959,1.0
12248,5.894179482,1.0,11.809729744,1.0
12249,5.894179482,1.0,18.996217281,1.0
12250,5.894179482,1.0,3.87276971,1.0
12251,5.894179482,1.0,20.418653862,1.0
12252,5.894179482,1.0,18.00089822,1.0
12253,5.894179482,1.0,3.350238297,1.0
12254,5.894179482,1.0,5.847750914,1.0
12255,5.894179482,1.0,5.996384101,1.0
12256,5.894179482,1.0,3.767829505,1.0
12257,5.894179482,1.0,3.560045955,1.0
12258,5.894179482,1.0,3.836845692,1.0
12259,5.894179482,1.0,5.840658135,1.0
12260,5.894179482,1.0,38.434765646,1.0
12261,5.419900895,1.0,11.399226471,1.0
12262,5.419900895,1.0,17.546131361,1.0
12263,5.419900895,1.0,0.4262515307,1.0
12264,5.419900895,1.0,9.264678249,1.0
12265,5.419900895,1.0,2.660204161,1.0
12266,4.109783623,1.0,11.399226471,1.0
12267,4.109783623,1.0,4.800438878,1.0
12268,4.109783623,1.0,24.395629494,1.0
12269,4.109783623,1.0,40.90551563,1.0
12270,4.109783623,1.0,30.017045246,1.0
12271,3.367582976,1.0,11.399226471,1.0
12272,3.367582976,1.0,11.232143896,1.0
12273,3.367582976,1.0,10.016669087,1.0
12274,3.367582976,1.0,3.164674771,1.0
12275,3.367582976,1.0,4.818425218,1.0
12276,3.367582976,1.0,8.123570646,1.0
12277,3.367582976,1.0,7.076362169,1.0
12278,3.367582976,1.0,6.23365539,1.0
12279,3.367582976,1.0,0.7074212895,1.0
12280,2.896292224,1.0,4.800438878,1.0
12281,2.896292224,1.0,54.237297373,1.0
12282,5.38629216,1.0,4.800438878,1.0
12283,5.38629216,1.0,7.095566032,1.0
12284,5.38629216,1.0,5.673623555,1.0
12285,5.38629216,1.0,4.695983704,1.0
12286,10.900235758,1.0,4.800438878,1.0
12287,10.900235758,1.0,7.674939651,1.0
12288,10.900235758,1.0,8.280750395,1.0
12289,10.900235758,1.0,8.188774877,1.0
12290,10.900235758,1.0,3.177860741,1.0
12291,10.900235758,1.0,6.205428816,1.0
12292,10.900235758,1.0,30.637355167,1.0
12293,3.436895491,1.0,4.800438878,1.0
12294,3.436895491,1.0,13.092587036,1.0
12295,3.436895491,1.0,15.779551822,1.0
12296,3.436895491,1.0,3.909467109,1.0
12297,3.436895491,1.0,18.92806364,1.0
12298,3.436895491,1.0,6.831887515,1.0
12299,3.436895491,1.0,8.680223289,1.0
12300,3.436895491,1.0,2.661209826,1.0
12301,3.436895491,1.0,6.604095251,1.0
12302,3.436895491,1.0,14.930979187,1.0
12303,3.436895491,1.0,5.756985413,1.0
12304,3.436895491,1.0,13.451980124,1.0
12305,3.436895491,1.0,1.419281651,1.0
12306,3.436895491,1.0,2.551878243,1.0
12307,3.436895491,1.0,7.360620477,1.0
12308,3.436895491,1.0,4.066517949,1.0
12309,3.436895491,1.0,10.088455912,1.0
12310,3.436895491,1.0,4.627303628,1.0
12311,3.436895491,1.0,10.132620344,1.0
12312,3.436895491,1.0,9.74202609,1.0
12313,3.436895491,1.0,9.565858774,1.0
12314,3.436895491,1.0,10.397099174,1.0
12315,3.436895491,1.0,5.47079899,0.0
12316,3.436895491,1.0,6.827557706,1.0
12317,12.835121545,1.0,4.800438878,1.0
12318,12.835121545,1.0,12.457716354,1.0
12319,12.835121545,1.0,15.611347975,1.0
12320,12.835121545,1.0,7.165161717,1.0
12321,12.835121545,1.0,4.984751974,1.0
12322,12.835121545,1.0,12.120044245,1.0
12323,12.835121545,1.0,9.761304358,1.0
12324,12.835121545,1.0,8.50266253,1.0
12325,12.835121545,1.0,3.72542787,1.0
12326,12.835121545,1.0,7.454794161,1.0
12327,12.835121545,1.0,4.709903611,1.0
12328,12.835121545,1.0,3.297807408,1.0
12329,12.835121545,1.0,19.142118001,1.0
12330,12.835121545,1.0,10.9074083,1.0
12331,12.835121545,1.0,13.451980124,1.0
12332,12.835121545,1.0,37.938945266,1.0
12333,12.835121545,1.0,19.694973874,1.0
12334,12.835121545,1.0,4.441750842,1.0
12335,12.835121545,1.0,5.02729186,1.0
12336,12.835121545,1.0,6.169691432,1.0
12337,12.835121545,1.0,5.318928376,1.0
12338,12.835121545,1.0,12.292862519,1.0
12339,5.648012104,1.0,4.800438878,1.0
12340,5.648012104,1.0,11.232143896,1.0
12341,5.648012104,1.0,1.681462384,1.0
12342,5.648012104,1.0,3.255616154,1.0
12343,5.648012104,1.0,3.341894097,1.0
12344,5.648012104,1.0,4.818425218,1.0
12345,5.648012104,1.0,21.47320625,1.0
12346,5.648012104,1.0,16.746607955,1.0
12347,5.648012104,1.0,49.330409711,1.0
12348,5.648012104,1.0,8.45860943,1.0
12349,5.648012104,1.0,6.884917469,1.0
12350,5.648012104,1.0,1.380324536,1.0
12351,5.648012104,1.0,19.806237448,1.0
12352,5.648012104,1.0,4.137506743,1.0
12353,5.648012104,1.0,6.086591474,1.0
12354,5.648012104,1.0,9.082305407,1.0
12355,5.648012104,1.0,12.314548823,1.0
12356,5.648012104,1.0,4.207592557,1.0
12357,5.648012104,1.0,7.750732528,1.0
12358,5.648012104,1.0,4.449113565,1.0
12359,5.648012104,1.0,17.888502667,1.0
12360,5.648012104,1.0,7.308146865,1.0
12361,5.648012104,1.0,8.105857013,1.0
12362,5.648012104,1.0,6.52281174,1.0
12363,5.648012104,1.0,12.023650799,1.0
12364,2.531792876,1.0,4.800438878,1.0
12365,2.531792876,1.0,7.095566032,1.0
12366,2.531792876,1.0,6.749450958,1.0
12367,2.531792876,1.0,16.986753427,1.0
12368,2.531792876,1.0,8.324245087,1.0
12369,2.531792876,1.0,6.385563697,1.0
12370,4.051893071,1.0,11.65146074,1.0
12371,4.051893071,1.0,9.400666164,1.0
12372,4.051893071,1.0,10.181441025,1.0
12373,4.051893071,1.0,1.930209873,1.0
12374,4.051893071,1.0,10.016669087,1.0
12375,4.051893071,1.0,7.41032757,1.0
12376,4.051893071,1.0,3.389171977,1.0
12377,4.051893071,1.0,8.893250362,1.0
12378,4.051893071,1.0,8.45860943,1.0
12379,4.051893071,1.0,7.253592044,1.0
12380,4.051893071,1.0,19.806237448,1.0
12381,4.051893071,1.0,1.461947367,1.0
12382,4.051893071,1.0,9.082305407,1.0
12383,4.051893071,1.0,9.71155112,1.0
12384,4.051893071,1.0,12.314548823,1.0
12385,4.051893071,1.0,6.816885683,1.0
12386,4.051893071,1.0,6.218754449,1.0
12387,4.051893071,1.0,4.207592557,1.0
12388,4.051893071,1.0,13.451980124,1.0
12389,4.051893071,1.0,4.172027313,1.0
12390,4.051893071,1.0,10.198167248,1.0
12391,4.051893071,1.0,5.318849241,1.0
12392,4.051893071,1.0,6.257818439,1.0
12393,4.051893071,1.0,38.515792955,1.0
12394,4.051893071,1.0,5.219724345,1.0
12395,4.051893071,1.0,8.988959255,1.0
12396,4.051893071,1.0,5.872903346,1.0
12397,6.05151979,1.0,11.65146074,1.0
12398,6.05151979,1.0,7.008746013,1.0
12399,6.05151979,1.0,10.016669087,1.0
12400,6.05151979,1.0,4.137506743,1.0
12401,6.05151979,1.0,18.341066883,1.0
12402,6.05151979,1.0,4.491154076,1.0
12403,6.05151979,1.0,4.172027313,1.0
12404,6.05151979,1.0,5.318849241,1.0
12405,6.05151979,1.0,5.450804765,1.0
12406,6.05151979,1.0,5.872903346,1.0
12407,6.05151979,1.0,7.9903188,1.0
12408,6.05151979,1.0,91.156961989,1.0
12409,6.884917469,1.0,11.65146074,1.0
12410,6.884917469,1.0,24.479933455,1.0
12411,6.884917469,1.0,4.193289994,1.0
12412,6.884917469,1.0,10.016669087,1.0
12413,6.884917469,1.0,7.41032757,1.0
12414,6.884917469,1.0,6.696029248,1.0
12415,6.884917469,1.0,8.188774877,1.0
12416,6.884917469,1.0,3.647826401,1.0
12417,6.884917469,1.0,4.381866605,1.0
12418,6.884917469,1.0,0.2951445344,1.0
12419,6.884917469,1.0,8.45860943,1.0
12420,6.884917469,1.0,28.598737411,1.0
12421,6.884917469,1.0,7.253592044,1.0
12422,6.884917469,1.0,1.380324536,1.0
12423,6.884917469,1.0,19.806237448,1.0
12424,6.884917469,1.0,1.461947367,1.0
12425,6.884917469,1.0,9.082305407,1.0
12426,6.884917469,1.0,5.412612741,1.0
12427,6.884917469,1.0,9.71155112,1.0
12428,6.884917469,1.0,8.295439778,1.0
12429,6.884917469,1.0,1.906842655,0.0
12430,6.884917469,1.0,14.040953069,1.0
12431,6.884917469,1.0,7.076362169,1.0
12432,6.884917469,1.0,23.390458917,1.0
12433,6.884917469,1.0,18.341066883,1.0
12434,6.884917469,1.0,3.559635685,1.0
12435,6.884917469,1.0,3.177860741,1.0
12436,6.884917469,1.0,5.542460168,1.0
12437,6.884917469,1.0,3.560045955,1.0
12438,6.884917469,1.0,6.218754449,1.0
12439,6.884917469,1.0,2.401768348,1.0
12440,6.884917469,1.0,4.207592557,1.0
12441,6.884917469,1.0,13.297675544,1.0
12442,6.884917469,1.0,2.390961954,1.0
12443,6.884917469,1.0,3.208916221,1.0
12444,6.884917469,1.0,7.373882175,1.0
12445,6.884917469,1.0,11.253524316,1.0
12446,6.884917469,1.0,8.516840935,1.0
12447,6.884917469,1.0,18.855302324,1.0
12448,6.884917469,1.0,7.766094384,0.0
12449,6.884917469,1.0,9.264678249,1.0
12450,6.884917469,1.0,7.9903188,1.0
12451,6.884917469,1.0,25.0116746,1.0
12452,6.884917469,1.0,91.156961989,1.0
12453,6.782565889,1.0,11.65146074,1.0
12454,6.782565889,1.0,14.256756103,1.0
12455,6.782565889,1.0,130.865646049,1.0
12456,6.782565889,1.0,4.193289994,1.0
12457,6.782565889,1.0,14.639793863,1.0
12458,6.782565889,1.0,7.08934858,1.0
12459,6.782565889,1.0,4.678165374,1.0
12460,6.782565889,1.0,11.133808458,1.0
12461,6.782565889,1.0,16.219736768,1.0
12462,6.782565889,1.0,5.142898705,1.0
12463,6.782565889,1.0,6.696029248,1.0
12464,6.782565889,1.0,15.776847279,1.0
12465,6.782565889,1.0,8.893250362,1.0
12466,6.782565889,1.0,6.076137367,1.0
12467,6.782565889,1.0,6.394778045,1.0
12468,6.782565889,1.0,6.884917469,1.0
12469,6.782565889,1.0,19.806237448,1.0
12470,6.782565889,1.0,9.082305407,1.0
12471,6.782565889,1.0,5.412612741,1.0
12472,6.782565889,1.0,8.295439778,1.0
12473,6.782565889,1.0,14.040953069,1.0
12474,6.782565889,1.0,5.237392338,1.0
12475,6.782565889,1.0,23.390458917,1.0
12476,6.782565889,1.0,18.341066883,1.0
12477,6.782565889,1.0,13.574966657,1.0
12478,6.782565889,1.0,5.542460168,1.0
12479,6.782565889,1.0,6.205428816,1.0
12480,6.782565889,1.0,3.038162754,0.0
12481,6.782565889,1.0,4.621428657,1.0
12482,6.782565889,1.0,3.637886738,1.0
12483,6.782565889,1.0,112.099655851,1.0
12484,6.782565889,1.0,8.516840935,1.0
12485,6.782565889,1.0,29.988838829,1.0
12486,6.782565889,1.0,8.196082118,1.0
12487,5.412612741,1.0,11.65146074,1.0
12488,5.412612741,1.0,1.758055141,1.0
12489,5.412612741,1.0,10.025288705,1.0
12490,5.412612741,1.0,5.951084905,1.0
12491,5.412612741,1.0,3.031830641,1.0
12492,5.412612741,1.0,7.41032757,1.0
12493,5.412612741,1.0,4.818425218,1.0
12494,5.412612741,1.0,6.696029248,1.0
12495,5.412612741,1.0,3.331422192,1.0
12496,5.412612741,1.0,6.884917469,1.0
12497,5.412612741,1.0,19.806237448,1.0
12498,5.412612741,1.0,1.461947367,1.0
12499,5.412612741,1.0,6.782565889,1.0
12500,5.412612741,1.0,9.71155112,1.0
12501,5.412612741,1.0,8.295439778,1.0
12502,5.412612741,1.0,14.040953069,1.0
12503,5.412612741,1.0,5.237392338,1.0
12504,5.412612741,1.0,12.314548823,1.0
12505,5.412612741,1.0,18.341066883,1.0
12506,5.412612741,1.0,3.177860741,1.0
12507,5.412612741,1.0,5.542460168,1.0
12508,5.412612741,1.0,6.305349834,1.0
12509,5.412612741,1.0,4.207592557,1.0
12510,5.412612741,1.0,10.198167248,1.0
12511,5.412612741,1.0,23.927254061,0.0
12512,5.412612741,1.0,3.738174695,1.0
12513,5.412612741,1.0,5.318849241,1.0
12514,5.412612741,1.0,18.855302324,1.0
12515,5.412612741,1.0,6.026101551,1.0
12516,5.412612741,1.0,5.872903346,1.0
12517,5.412612741,1.0,3.021146021,0.0
12518,5.412612741,1.0,4.047358916,1.0
12519,13.574966657,1.0,11.65146074,1.0
12520,13.574966657,1.0,3.320043803,1.0
12521,13.574966657,1.0,130.865646049,1.0
12522,13.574966657,1.0,0.3451184811,1.0
12523,13.574966657,1.0,6.049206712,1.0
12524,13.574966657,1.0,43.881908864,1.0
12525,13.574966657,1.0,7.41032757,1.0
12526,13.574966657,1.0,23.009498747,1.0
12527,13.574966657,1.0,3.389171977,1.0
12528,13.574966657,1.0,6.696029248,1.0
12529,13.574966657,1.0,8.188774877,1.0
12530,13.574966657,1.0,4.381866605,1.0
12531,13.574966657,1.0,8.893250362,1.0
12532,13.574966657,1.0,16.986753427,1.0
12533,13.574966657,1.0,33.569029236,1.0
12534,13.574966657,1.0,8.45860943,1.0
12535,13.574966657,1.0,6.394778045,1.0
12536,13.574966657,1.0,9.722560875,0.0
12537,13.574966657,1.0,28.598737411,1.0
12538,13.574966657,1.0,6.884917469,1.0
12539,13.574966657,1.0,7.253592044,1.0
12540,13.574966657,1.0,19.806237448,1.0
12541,13.574966657,1.0,3.87276971,1.0
12542,13.574966657,1.0,1.461947367,1.0
12543,13.574966657,1.0,8.295439778,1.0
12544,13.574966657,1.0,14.040953069,1.0
12545,13.574966657,1.0,5.237392338,1.0
12546,13.574966657,1.0,12.314548823,1.0
12547,13.574966657,1.0,18.00089822,1.0
12548,13.574966657,1.0,6.816885683,1.0
12549,13.574966657,1.0,23.390458917,1.0
12550,13.574966657,1.0,18.341066883,1.0
12551,13.574966657,1.0,3.559635685,1.0
12552,13.574966657,1.0,3.177860741,1.0
12553,13.574966657,1.0,6.218754449,1.0
12554,13.574966657,1.0,10.861725655,1.0
12555,13.574966657,1.0,2.390961954,1.0
12556,13.574966657,1.0,10.235504409,1.0
12557,13.574966657,1.0,5.318849241,1.0
12558,13.574966657,1.0,6.026101551,1.0
12559,13.574966657,1.0,5.648012104,1.0
12560,13.574966657,1.0,1.800603616,1.0
12561,13.574966657,1.0,8.196082118,1.0
12562,13.574966657,1.0,25.0116746,1.0
12563,13.574966657,1.0,91.156961989,1.0
12564,3.177860741,1.0,11.65146074,1.0
12565,3.177860741,1.0,14.256756103,1.0
12566,3.177860741,1.0,11.232143896,1.0
12567,3.177860741,1.0,4.193289994,1.0
12568,3.177860741,1.0,10.025288705,1.0
12569,3.177860741,1.0,10.016669087,1.0
12570,3.177860741,1.0,5.189647153,1.0
12571,3.177860741,1.0,5.816563551,1.0
12572,3.177860741,1.0,3.389171977,1.0
12573,3.177860741,1.0,17.059242232,1.0
12574,3.177860741,1.0,6.696029248,1.0
12575,3.177860741,1.0,3.62084223,1.0
12576,3.177860741,1.0,3.696128234,1.0
12577,3.177860741,1.0,8.893250362,1.0
12578,3.177860741,1.0,8.45860943,1.0
12579,3.177860741,1.0,28.598737411,1.0
12580,3.177860741,1.0,6.884917469,1.0
12581,3.177860741,1.0,7.253592044,1.0
12582,3.177860741,1.0,1.380324536,1.0
12583,3.177860741,1.0,3.288067738,1.0
12584,3.177860741,1.0,19.806237448,1.0
12585,3.177860741,1.0,1.461947367,1.0
12586,3.177860741,1.0,4.137506743,1.0
12587,3.177860741,1.0,9.082305407,1.0
12588,3.177860741,1.0,5.412612741,1.0
12589,3.177860741,1.0,9.71155112,1.0
12590,3.177860741,1.0,8.295439778,1.0
12591,3.177860741,1.0,23.390458917,1.0
12592,3.177860741,1.0,11.57419617,1.0
12593,3.177860741,1.0,6.893769984,1.0
12594,3.177860741,1.0,18.341066883,1.0
12595,3.177860741,1.0,7.659051738,1.0
12596,3.177860741,1.0,8.068554411,1.0
12597,3.177860741,1.0,10.861725655,1.0
12598,3.177860741,1.0,4.207592557,1.0
12599,3.177860741,1.0,3.836845692,1.0
12600,3.177860741,1.0,2.390961954,1.0
12601,3.177860741,1.0,6.23365539,1.0
12602,3.177860741,1.0,23.583721319,1.0
12603,3.177860741,1.0,8.516840935,1.0
12604,3.177860741,1.0,18.855302324,1.0
12605,3.177860741,1.0,7.888433382,1.0
12606,3.177860741,1.0,7.9903188,1.0
12607,3.177860741,1.0,25.0116746,1.0
12608,3.177860741,1.0,3.923454175,1.0
12609,8.105857013,1.0,11.65146074,1.0
12610,8.105857013,1.0,0.2336933914,1.0
12611,8.105857013,1.0,17.059242232,1.0
12612,8.105857013,1.0,6.086591474,1.0
12613,8.105857013,1.0,6.305349834,1.0
12614,8.105857013,1.0,18.99975294,1.0
12615,8.105857013,1.0,4.172027313,1.0
12616,8.105857013,1.0,9.150646684,1.0
12617,8.105857013,1.0,5.648012104,1.0
12618,8.105857013,1.0,0.8613647712,1.0
12619,8.196082118,1.0,11.65146074,1.0
12620,8.196082118,1.0,14.256756103,1.0
12621,8.196082118,1.0,3.320043803,1.0
12622,8.196082118,1.0,40.90551563,1.0
12623,8.196082118,1.0,8.38717511,1.0
12624,8.196082118,1.0,6.05151979,1.0
12625,8.196082118,1.0,7.253592044,1.0
12626,8.196082118,1.0,19.806237448,1.0
12627,8.196082118,1.0,1.461947367,1.0
12628,8.196082118,1.0,6.086591474,1.0
12629,8.196082118,1.0,9.082305407,1.0
12630,8.196082118,1.0,12.671115978,1.0
12631,8.196082118,1.0,6.782565889,1.0
12632,8.196082118,1.0,8.295439778,1.0
12633,8.196082118,1.0,14.040953069,1.0
12634,8.196082118,1.0,13.574966657,1.0
12635,8.196082118,1.0,2.401768348,1.0
12636,8.196082118,1.0,6.963512648,1.0
12637,8.196082118,1.0,1.922086858,1.0
12638,8.196082118,1.0,8.843522305,1.0
12639,8.196082118,1.0,18.855302324,1.0
12640,8.196082118,1.0,3.923454175,1.0
12641,8.988959255,1.0,11.65146074,1.0
12642,8.988959255,1.0,3.251524778,1.0
12643,8.988959255,1.0,9.900612688,1.0
12644,8.988959255,1.0,5.362171947,1.0
12645,8.988959255,1.0,4.193289994,1.0
12646,8.988959255,1.0,4.359083834,1.0
12647,8.988959255,1.0,0.2378778019,1.0
12648,8.988959255,1.0,10.016669087,1.0
12649,8.988959255,1.0,8.078335378,1.0
12650,8.988959255,1.0,3.62084223,1.0
12651,8.988959255,1.0,0.2951445344,1.0
12652,8.988959255,1.0,16.986753427,1.0
12653,8.988959255,1.0,6.076137367,1.0
12654,8.988959255,1.0,20.418653862,1.0
12655,8.988959255,1.0,9.082305407,1.0
12656,8.988959255,1.0,6.816885683,1.0
12657,8.988959255,1.0,1.213586358,1.0
12658,8.988959255,1.0,18.341066883,1.0
12659,8.988959255,1.0,3.559635685,1.0
12660,8.988959255,1.0,3.961920632,1.0
12661,8.988959255,1.0,13.574966657,1.0
12662,8.988959255,1.0,4.491154076,1.0
12663,8.988959255,1.0,8.107437704,1.0
12664,8.988959255,1.0,3.208916221,1.0
12665,8.988959255,1.0,10.198167248,1.0
12666,8.988959255,1.0,3.738174695,1.0
12667,8.988959255,1.0,23.583721319,1.0
12668,8.988959255,1.0,1.800603616,1.0
12669,8.988959255,1.0,12.023650799,1.0
12670,0.8613647712,1.0,11.65146074,1.0
12671,0.8613647712,1.0,5.075006428,1.0
12672,0.8613647712,1.0,28.598737411,1.0
12673,0.8613647712,1.0,1.380324536,1.0
12674,0.8613647712,1.0,9.082305407,1.0
12675,0.8613647712,1.0,8.295439778,1.0
12676,0.8613647712,1.0,8.068554411,1.0
12677,0.8613647712,1.0,13.297675544,1.0
12678,0.8613647712,1.0,8.107437704,1.0
12679,0.8613647712,1.0,18.855302324,1.0
12680,0.8613647712,1.0,8.105857013,1.0
12681,0.8613647712,1.0,7.9903188,1.0
12682,21.17309223,1.0,11.65146074,1.0
12683,21.17309223,1.0,3.251524778,1.0
12684,21.17309223,1.0,17.546131361,1.0
12685,21.17309223,1.0,76.104832671,1.0
12686,21.17309223,1.0,7.600481659,1.0
12687,21.17309223,1.0,22.78146695,1.0
12688,21.17309223,1.0,22.627451627,1.0
12689,21.17309223,1.0,16.746607955,1.0
12690,21.17309223,1.0,15.189863814,1.0
12691,21.17309223,1.0,14.075695698,1.0
12692,21.17309223,1.0,7.094763502,1.0
12693,21.17309223,1.0,13.445185063,1.0
12694,21.17309223,1.0,5.068988668,1.0
12695,21.17309223,1.0,49.330409711,1.0
12696,21.17309223,1.0,14.998267347,1.0
12697,21.17309223,1.0,4.773145152,1.0
12698,21.17309223,1.0,5.814209188,1.0
12699,21.17309223,1.0,3.855461904,1.0
12700,21.17309223,1.0,5.97652199,1.0
12701,21.17309223,1.0,7.469166361,1.0
12702,21.17309223,1.0,4.513045268,1.0
12703,21.17309223,1.0,3.73091468,1.0
12704,21.17309223,1.0,6.903729822,1.0
12705,21.17309223,1.0,7.659051738,1.0
12706,21.17309223,1.0,8.107437704,1.0
12707,21.17309223,1.0,13.387590061,0.0
12708,21.17309223,1.0,2.197170175,1.0
12709,21.17309223,1.0,112.099655851,1.0
12710,21.17309223,1.0,19.467428092,1.0
12711,21.17309223,1.0,14.597938965,1.0
12712,21.17309223,1.0,15.293129274,1.0
12713,18.013532299,1.0,11.65146074,1.0
12714,18.013532299,1.0,7.600481659,1.0
12715,18.013532299,1.0,5.995996753,1.0
12716,18.013532299,1.0,2.497470498,1.0
12717,18.013532299,1.0,23.390458917,1.0
12718,18.013532299,1.0,8.843522305,1.0
12719,18.013532299,1.0,6.52281174,1.0
12720,18.013532299,1.0,4.594228449,1.0
12721,4.411776195,1.0,0.3722089646,0.0
12722,4.411776195,1.0,11.232143896,1.0
12723,4.411776195,1.0,5.638247624,1.0
12724,4.411776195,1.0,8.338097174,1.0
12725,4.411776195,1.0,3.414323425,1.0
12726,4.411776195,1.0,6.749450958,1.0
12727,4.411776195,1.0,10.582231785,1.0
12728,4.411776195,1.0,7.362360638,1.0
12729,2.666798276,1.0,2.809630333,1.0
12730,2.666798276,1.0,11.770692834,1.0
12731,2.666798276,1.0,3.170768537,1.0
12732,2.666798276,1.0,6.181101777,1.0
12733,2.666798276,1.0,7.095566032,1.0
12734,2.666798276,1.0,12.10266456,1.0
12735,2.666798276,1.0,12.457716354,1.0
12736,2.666798276,1.0,4.359083834,1.0
12737,2.666798276,1.0,0.8000162359,1.0
12738,2.666798276,1.0,8.187427692,1.0
12739,2.666798276,1.0,6.703281844,1.0
12740,2.666798276,1.0,8.077203943,1.0
12741,2.666798276,1.0,6.5091864,1.0
12742,2.666798276,1.0,22.78146695,1.0
12743,2.666798276,1.0,5.646775288,0.0
12744,2.666798276,1.0,2.497470498,1.0
12745,2.666798276,1.0,4.357638184,1.0
12746,2.666798276,1.0,9.082305407,1.0
12747,2.666798276,1.0,4.207592557,1.0
12748,2.666798276,1.0,63.569424162,1.0
12749,2.666798276,1.0,19.845513323,1.0
12750,2.666798276,1.0,8.196082118,1.0
12751,2.666798276,1.0,5.38214551,1.0
12752,9.98284207,1.0,2.809630333,1.0
12753,9.98284207,1.0,11.770692834,1.0
12754,9.98284207,1.0,14.256756103,1.0
12755,9.98284207,1.0,24.479933455,1.0
12756,9.98284207,1.0,37.98547584,1.0
12757,9.98284207,1.0,12.666276573,1.0
12758,9.98284207,1.0,5.980333505,1.0
12759,9.98284207,1.0,3.287148858,1.0
12760,9.98284207,1.0,6.904083149,1.0
12761,9.98284207,1.0,1.462530536,1.0
12762,9.98284207,1.0,21.47320625,1.0
12763,9.98284207,1.0,6.63113924,1.0
12764,9.98284207,1.0,5.189647153,1.0
12765,9.98284207,1.0,21.957598551,1.0
12766,9.98284207,1.0,22.627451627,1.0
12767,9.98284207,1.0,16.746607955,1.0
12768,9.98284207,1.0,15.189863814,1.0
12769,9.98284207,1.0,8.020350441,1.0
12770,9.98284207,1.0,6.588528896,1.0
12771,9.98284207,1.0,23.163711763,1.0
12772,9.98284207,1.0,8.078335378,1.0
12773,9.98284207,1.0,41.816248515,1.0
12774,9.98284207,1.0,1.380324536,1.0
12775,9.98284207,1.0,9.082305407,1.0
12776,9.98284207,1.0,7.228822587,1.0
12777,9.98284207,1.0,24.186224197,1.0
12778,9.98284207,1.0,0.2801905995,1.0
12779,9.98284207,1.0,7.373882175,1.0
12780,9.98284207,1.0,18.598069279,1.0
12781,9.98284207,1.0,13.219212113,1.0
12782,9.98284207,1.0,5.453609324,1.0
12783,6.057768872,1.0,2.809630333,1.0
12784,6.057768872,1.0,4.359083834,1.0
12785,6.057768872,1.0,6.703281844,1.0
12786,6.057768872,1.0,7.493519305,1.0
12787,6.057768872,1.0,5.173046124,1.0
12788,6.057768872,1.0,21.47320625,1.0
12789,6.057768872,1.0,27.334429574,1.0
12790,6.057768872,1.0,5.189647153,1.0
12791,6.057768872,1.0,10.561206156,1.0
12792,6.057768872,1.0,16.746607955,1.0
12793,6.057768872,1.0,5.816563551,1.0
12794,6.057768872,1.0,15.066753188,1.0
12795,6.057768872,1.0,7.326654522,1.0
12796,6.057768872,1.0,5.913494239,1.0
12797,6.057768872,1.0,8.629651598,1.0
12798,6.057768872,1.0,8.599022846,1.0
12799,6.057768872,1.0,4.063647561,1.0
12800,6.057768872,1.0,41.816248515,1.0
12801,6.057768872,1.0,6.430427326,1.0
12802,6.057768872,1.0,8.188774877,1.0
12803,6.057768872,1.0,7.228822587,1.0
12804,6.057768872,1.0,4.995556646,1.0
12805,6.057768872,1.0,8.334980135,1.0
12806,14.597938965,1.0,2.809630333,1.0
12807,14.597938965,1.0,3.321907625,1.0
12808,14.597938965,1.0,6.703281844,1.0
12809,14.597938965,1.0,2.666798276,1.0
12810,14.597938965,1.0,629.457019025,1.0
12811,14.597938965,1.0,46.94762608,1.0
12812,14.597938965,1.0,3.305399263,0.0
12813,14.597938965,1.0,53.620745395,1.0
12814,14.597938965,1.0,6.057768872,1.0
12815,14.597938965,1.0,7.094763502,1.0
12816,14.597938965,1.0,41.816248515,1.0
12817,14.597938965,1.0,5.068988668,1.0
12818,14.597938965,1.0,10.123192269,1.0
12819,14.597938965,1.0,2.192416695,1.0
12820,14.597938965,1.0,4.984751974,1.0
12821,14.597938965,1.0,3.811754697,1.0
12822,14.597938965,1.0,6.903729822,1.0
12823,14.597938965,1.0,1.922086858,1.0
12824,14.597938965,1.0,63.569424162,1.0
12825,14.597938965,1.0,3.581472819,1.0
12826,14.597938965,1.0,19.467428092,1.0
12827,14.597938965,1.0,16.979769685,1.0
12828,14.597938965,1.0,21.17309223,1.0
12829,2.661209826,1.0,11.958363872,1.0
12830,2.661209826,1.0,13.092587036,1.0
12831,2.661209826,1.0,18.92806364,1.0
12832,2.661209826,1.0,8.501191644,1.0
12833,2.661209826,1.0,13.88327424,1.0
12834,2.661209826,1.0,153.378432818,1.0
12835,2.661209826,1.0,3.436895491,1.0
12836,2.661209826,1.0,3.697724209,1.0
12837,2.661209826,1.0,6.604095251,1.0
12838,2.661209826,1.0,11.305962931,1.0
12839,2.661209826,1.0,3.696128234,1.0
12840,2.661209826,1.0,6.977362658,1.0
12841,2.661209826,1.0,12.671115978,1.0
12842,2.661209826,1.0,4.690452556,1.0
12843,2.661209826,1.0,0.6844692855,1.0
12844,2.661209826,1.0,1.401963675,0.0
12845,2.661209826,1.0,3.822486041,1.0
12846,2.661209826,1.0,4.753731003,1.0
12847,2.661209826,1.0,5.322609897,1.0
12848,53.620745395,1.0,11.958363872,1.0
12849,53.620745395,1.0,13.61728709,1.0
12850,53.620745395,1.0,14.639793863,1.0
12851,53.620745395,1.0,40.90551563,1.0
12852,53.620745395,1.0,15.733724505,1.0
12853,53.620745395,1.0,4.216885931,1.0
12854,53.620745395,1.0,2.979654483,1.0
12855,53.620745395,1.0,4.910712497,1.0
12856,53.620745395,1.0,6.604095251,1.0
12857,53.620745395,1.0,15.925449164,1.0
12858,53.620745395,1.0,2.649064229,1.0
12859,53.620745395,1.0,15.611347975,1.0
12860,53.620745395,1.0,7.214621746,1.0
12861,53.620745395,1.0,5.014749404,1.0
12862,53.620745395,1.0,10.123192269,1.0
12863,53.620745395,1.0,5.515849566,1.0
12864,53.620745395,1.0,12.835121545,1.0
12865,53.620745395,1.0,19.467428092,1.0
12866,53.620745395,1.0,8.061526394,1.0
12867,53.620745395,1.0,12.292862519,1.0
12868,12.155923652,0.0,11.958363872,1.0
12869,12.155923652,0.0,1.235103146,0.0
12870,12.155923652,0.0,3.353531592,0.0
12871,12.155923652,0.0,5.722009525,0.0
12872,12.155923652,0.0,6.907984275,0.0
12873,12.155923652,0.0,10.861725655,1.0
12874,12.155923652,0.0,4.140323188,1.0
12875,12.155923652,0.0,17.99554838,0.0
12876,12.155923652,0.0,10.744893785,0.0
12877,12.155923652,0.0,8.580112819,0.0
12878,12.155923652,0.0,10.639342998,0.0
12879,12.155923652,0.0,84.435994812,0.0
12880,12.155923652,0.0,2.962675292,0.0
12881,6.903729822,1.0,11.958363872,1.0
12882,6.903729822,1.0,3.251524778,1.0
12883,6.903729822,1.0,5.068988668,1.0
12884,6.903729822,1.0,49.330409711,1.0
12885,6.903729822,1.0,5.97652199,1.0
12886,6.903729822,1.0,14.040953069,1.0
12887,6.903729822,1.0,4.513045268,1.0
12888,6.903729822,1.0,3.73091468,1.0
12889,6.903729822,1.0,7.950666232,1.0
12890,6.903729822,1.0,3.177860741,1.0
12891,6.903729822,1.0,8.068554411,1.0
12892,6.903729822,1.0,10.235504409,1.0
12893,6.903729822,1.0,37.938945266,1.0
12894,6.903729822,1.0,8.094688499,1.0
12895,6.903729822,1.0,0.7325953691,1.0
12896,6.903729822,1.0,5.02729186,1.0
12897,6.903729822,1.0,14.597938965,1.0
12898,6.903729822,1.0,5.318928376,1.0
12899,6.903729822,1.0,15.293129274,1.0
12900,6.903729822,1.0,21.17309223,1.0
12901,6.004037544,1.0,11.958363872,1.0
12902,6.004037544,1.0,3.909467109,1.0
12903,6.004037544,1.0,8.38717511,1.0
12904,6.004037544,1.0,6.066736314,1.0
12905,6.004037544,1.0,8.324245087,1.0
12906,17.857043751,0.0,11.958363872,1.0
12907,17.857043751,0.0,4.066517949,1.0
12908,17.857043751,0.0,3.724726563,1.0
12909,17.857043751,0.0,1.800603616,1.0
12910,5.814209188,1.0,3.251524778,1.0
12911,5.814209188,1.0,75.77402169,0.0
12912,5.814209188,1.0,5.206241117,0.0
12913,5.814209188,1.0,4.678165374,1.0
12914,5.814209188,1.0,14.075695698,1.0
12915,5.814209188,1.0,5.068988668,1.0
12916,5.814209188,1.0,2.192416695,1.0
12917,5.814209188,1.0,4.773145152,1.0
12918,5.814209188,1.0,15.776847279,1.0
12919,5.814209188,1.0,3.855461904,1.0
12920,5.814209188,1.0,4.513045268,1.0
12921,5.814209188,1.0,7.659051738,1.0
12922,5.814209188,1.0,13.297675544,1.0
12923,5.814209188,1.0,10.079968615,1.0
12924,5.814209188,1.0,0.7325953691,1.0
12925,5.814209188,1.0,14.597938965,1.0
12926,5.814209188,1.0,5.552837028,1.0
12927,5.814209188,1.0,21.17309223,1.0
12928,5.97652199,1.0,3.251524778,1.0
12929,5.97652199,1.0,9.026109677,1.0
12930,5.97652199,1.0,4.773145152,1.0
12931,5.97652199,1.0,5.814209188,1.0
12932,5.97652199,1.0,3.855461904,1.0
12933,5.97652199,1.0,7.469166361,1.0
12934,5.97652199,1.0,4.513045268,1.0
12935,5.97652199,1.0,3.73091468,1.0
12936,5.97652199,1.0,6.903729822,1.0
12937,5.97652199,1.0,8.107437704,1.0
12938,5.97652199,1.0,8.995419211,1.0
12939,5.97652199,1.0,7.750732528,1.0
12940,5.97652199,1.0,2.829771388,1.0
12941,5.97652199,1.0,11.253524316,1.0
12942,5.97652199,1.0,112.099655851,1.0
12943,5.97652199,1.0,11.166607992,0.0
12944,5.97652199,1.0,15.293129274,1.0
12945,5.97652199,1.0,21.17309223,1.0
12946,4.513045268,1.0,3.251524778,1.0
12947,4.513045268,1.0,6.649897259,1.0
12948,4.513045268,1.0,6.80925624,1.0
12949,4.513045268,1.0,5.068988668,1.0
12950,4.513045268,1.0,4.773145152,1.0
12951,4.513045268,1.0,11.863979571,1.0
12952,4.513045268,1.0,5.814209188,1.0
12953,4.513045268,1.0,3.855461904,1.0
12954,4.513045268,1.0,5.97652199,1.0
12955,4.513045268,1.0,3.297807408,1.0
12956,4.513045268,1.0,7.469166361,1.0
12957,4.513045268,1.0,3.00079294,1.0
12958,4.513045268,1.0,6.903729822,1.0
12959,4.513045268,1.0,7.659051738,1.0
12960,4.513045268,1.0,8.068554411,1.0
12961,4.513045268,1.0,8.107437704,1.0
12962,4.513045268,1.0,21.17309223,1.0
12963,7.99491551,0.0,3.251524778,1.0
12964,7.99491551,0.0,40.90551563,1.0
12965,7.99491551,0.0,7.674939651,1.0
12966,7.99491551,0.0,4.729220073,0.0
12967,7.99491551,0.0,5.206241117,0.0
12968,7.99491551,0.0,7.094763502,1.0
12969,7.99491551,0.0,10.123192269,1.0
12970,7.99491551,0.0,26.668067758,0.0
12971,7.99491551,0.0,8.149136421,0.0
12972,7.99491551,0.0,5.65764652,0.0
12973,5.362171947,1.0,9.801194355,1.0
12974,5.362171947,1.0,24.479933455,1.0
12975,5.362171947,1.0,11.232143896,1.0
12976,5.362171947,1.0,3.321907625,1.0
12977,5.362171947,1.0,17.546131361,1.0
12978,5.362171947,1.0,5.082210723,1.0
12979,5.362171947,1.0,54.832733215,1.0
12980,5.362171947,1.0,1.461947367,1.0
12981,5.362171947,1.0,3.208916221,1.0
12982,5.362171947,1.0,10.557429856,1.0
12983,5.362171947,1.0,9.936302085,1.0
12984,5.362171947,1.0,8.988959255,1.0
12985,5.362171947,1.0,2.660204161,1.0
12986,5.362171947,1.0,0.8053114143,1.0
12987,4.699347888,1.0,9.801194355,1.0
12988,4.699347888,1.0,1.719961452,1.0
12989,4.699347888,1.0,0.8219731651,1.0
12990,4.699347888,1.0,1.875798661,1.0
12991,4.699347888,1.0,1.403998083,1.0
12992,3.545406837,1.0,9.801194355,1.0
12993,3.545406837,1.0,9.400666164,1.0
12994,3.545406837,1.0,4.699347888,1.0
12995,3.545406837,1.0,0.8219731651,1.0
12996,3.545406837,1.0,2.104971415,1.0
12997,13.442647268,1.0,9.801194355,1.0
12998,13.442647268,1.0,3.425917973,1.0
12999,13.442647268,1.0,2.888906621,1.0
13000,13.442647268,1.0,16.219736768,1.0
13001,13.442647268,1.0,6.086591474,1.0
13002,8.38717511,1.0,9.801194355,1.0
13003,8.38717511,1.0,24.479933455,1.0
13004,8.38717511,1.0,11.687696093,1.0
13005,8.38717511,1.0,7.429994027,1.0
13006,8.38717511,1.0,0.7274009746,1.0
13007,8.38717511,1.0,10.561206156,1.0
13008,8.38717511,1.0,7.326654522,1.0
13009,8.38717511,1.0,8.663691625,1.0
13010,8.38717511,1.0,8.931451495,1.0
13011,8.38717511,1.0,10.056347203,1.0
13012,8.38717511,1.0,2.660204161,1.0
13013,8.38717511,1.0,54.237297373,1.0
13014,8.38717511,1.0,0.8053114143,1.0
13015,3.811754697,1.0,9.801194355,1.0
13016,3.811754697,1.0,14.639793863,1.0
13017,3.811754697,1.0,6.120753644,1.0
13018,3.811754697,1.0,4.193583381,1.0
13019,3.811754697,1.0,1.21352677,1.0
13020,3.811754697,1.0,6.696029248,1.0
13021,3.811754697,1.0,15.776847279,1.0
13022,3.811754697,1.0,3.331422192,1.0
13023,3.811754697,1.0,6.394778045,1.0
13024,3.811754697,1.0,28.598737411,1.0
13025,3.811754697,1.0,8.295439778,1.0
13026,3.811754697,1.0,6.816885683,1.0
13027,3.811754697,1.0,3.560045955,1.0
13028,3.811754697,1.0,6.218754449,1.0
13029,3.811754697,1.0,9.150646684,1.0
13030,3.811754697,1.0,8.988959255,1.0
13031,3.811754697,1.0,21.17309223,1.0
13032,4.036846382,1.0,9.801194355,1.0
13033,4.036846382,1.0,3.398050431,1.0
13034,4.036846382,1.0,5.118084663,1.0
13035,4.036846382,1.0,4.632907015,1.0
13036,4.036846382,1.0,4.046800418,1.0
13037,11.630957699,1.0,9.801194355,1.0
13038,10.088455912,1.0,9.801194355,1.0
13039,10.088455912,1.0,3.909467109,1.0
13040,10.088455912,1.0,18.92806364,1.0
13041,10.088455912,1.0,2.661209826,1.0
13042,10.088455912,1.0,6.604095251,1.0
13043,10.088455912,1.0,23.009498747,1.0
13044,10.088455912,1.0,0.3344836215,1.0
13045,10.088455912,1.0,4.826154305,1.0
13046,10.506069004,1.0,9.801194355,1.0
13047,10.506069004,1.0,1.434826229,1.0
13048,10.506069004,1.0,2.75363561,1.0
13049,10.506069004,1.0,0.5358451426,0.0
13050,14.430824224,1.0,11.770692834,1.0
13051,10.582231785,1.0,11.770692834,1.0
13052,10.582231785,1.0,4.09207587,1.0
13053,10.582231785,1.0,30.257567237,1.0
13054,10.582231785,1.0,2.888906621,1.0
13055,13.954711516,1.0,11.770692834,1.0
13056,13.954711516,1.0,3.321907625,1.0
13057,13.954711516,1.0,18.92806364,1.0
13058,13.954711516,1.0,4.457214021,1.0
13059,13.954711516,1.0,2.531792876,1.0
13060,13.954711516,1.0,54.237297373,1.0
13061,5.318849241,1.0,11.770692834,1.0
13062,5.318849241,1.0,0.2336933914,1.0
13063,5.318849241,1.0,10.025288705,1.0
13064,5.318849241,1.0,1.856012985,1.0
13065,5.318849241,1.0,4.359083834,1.0
13066,5.318849241,1.0,4.051893071,1.0
13067,5.318849241,1.0,7.008746013,1.0
13068,5.318849241,1.0,23.009498747,1.0
13069,5.318849241,1.0,19.806237448,1.0
13070,5.318849241,1.0,9.71155112,1.0
13071,5.318849241,1.0,12.314548823,1.0
13072,5.318849241,1.0,6.816885683,1.0
13073,5.318849241,1.0,18.341066883,1.0
13074,5.318849241,1.0,2.482229293,1.0
13075,5.318849241,1.0,0.1335456021,0.0
13076,5.318849241,1.0,19.845513323,1.0
13077,5.318849241,1.0,11.253524316,1.0
13078,5.318849241,1.0,8.843522305,1.0
13079,5.318849241,1.0,4.621428657,1.0
13080,5.318849241,1.0,6.257818439,1.0
13081,5.318849241,1.0,3.637886738,1.0
13082,5.318849241,1.0,5.341431198,1.0
13083,5.318849241,1.0,3.101439572,1.0
13084,5.318849241,1.0,5.450804765,1.0
13085,5.318849241,1.0,7.025923962,1.0
13086,5.318849241,1.0,6.790219312,1.0
13087,5.318849241,1.0,5.648012104,1.0
13088,5.318849241,1.0,5.333559156,1.0
13089,5.318849241,1.0,3.422984265,1.0
13090,5.318849241,1.0,0.8053114143,1.0
13091,6.795597285,1.0,3.932857026,1.0
13092,6.795597285,1.0,12.457716354,1.0
13093,6.795597285,1.0,10.635386245,1.0
13094,6.795597285,1.0,27.334429574,1.0
13095,6.795597285,1.0,63.569424162,1.0
13096,6.795597285,1.0,134.232246392,1.0
13097,6.795597285,1.0,38.515792955,1.0
13098,6.749450958,1.0,3.932857026,1.0
13099,6.749450958,1.0,17.546131361,1.0
13100,6.749450958,1.0,40.90551563,1.0
13101,6.749450958,1.0,10.635386245,1.0
13102,6.749450958,1.0,3.353531592,0.0
13103,6.749450958,1.0,8.102589681,1.0
13104,6.749450958,1.0,134.232246392,1.0
13105,6.749450958,1.0,5.257523475,1.0
13106,6.749450958,1.0,2.660204161,1.0
13107,6.749450958,1.0,13.53178188,1.0
13108,6.749450958,1.0,14.86461468,1.0
13109,4.193289994,1.0,14.256756103,1.0
13110,4.193289994,1.0,9.900612688,1.0
13111,4.193289994,1.0,4.614399465,1.0
13112,4.193289994,1.0,3.341894097,1.0
13113,4.193289994,1.0,22.78146695,1.0
13114,4.193289994,1.0,17.059242232,1.0
13115,4.193289994,1.0,8.188774877,1.0
13116,4.193289994,1.0,3.62084223,1.0
13117,4.193289994,1.0,4.381866605,1.0
13118,4.193289994,1.0,0.2951445344,1.0
13119,4.193289994,1.0,33.569029236,1.0
13120,4.193289994,1.0,8.45860943,1.0
13121,4.193289994,1.0,19.806237448,1.0
13122,4.193289994,1.0,4.137506743,1.0
13123,4.193289994,1.0,6.782565889,1.0
13124,4.193289994,1.0,14.040953069,1.0
13125,4.193289994,1.0,12.314548823,1.0
13126,4.193289994,1.0,6.816885683,1.0
13127,4.193289994,1.0,23.390458917,1.0
13128,4.193289994,1.0,11.57419617,1.0
13129,4.193289994,1.0,18.341066883,1.0
13130,4.193289994,1.0,3.559635685,1.0
13131,4.193289994,1.0,3.177860741,1.0
13132,4.193289994,1.0,5.840658135,1.0
13133,4.193289994,1.0,7.750732528,1.0
13134,4.193289994,1.0,1.793332891,1.0
13135,4.193289994,1.0,3.764193323,1.0
13136,4.193289994,1.0,18.701816578,1.0
13137,4.193289994,1.0,8.988959255,1.0
13138,4.193289994,1.0,2.660204161,1.0
13139,4.614399465,1.0,14.256756103,1.0
13140,4.614399465,1.0,10.181441025,1.0
13141,4.614399465,1.0,12.338558256,1.0
13142,4.614399465,1.0,7.08934858,1.0
13143,4.614399465,1.0,0.7274009746,1.0
13144,4.614399465,1.0,4.381866605,1.0
13145,4.614399465,1.0,3.915305063,1.0
13146,4.614399465,1.0,6.086591474,1.0
13147,4.614399465,1.0,6.305349834,1.0
13148,4.614399465,1.0,3.836845692,1.0
13149,4.614399465,1.0,8.995419211,1.0
13150,4.614399465,1.0,0.0991073772,1.0
13151,4.614399465,1.0,8.105857013,1.0
13152,4.614399465,1.0,8.334980135,1.0
13153,5.292400948,1.0,14.256756103,1.0
13154,5.292400948,1.0,10.181441025,1.0
13155,5.292400948,1.0,10.016669087,1.0
13156,5.292400948,1.0,3.647826401,1.0
13157,5.292400948,1.0,6.907984275,0.0
13158,5.292400948,1.0,19.806237448,1.0
13159,5.292400948,1.0,18.195908064,1.0
13160,5.292400948,1.0,3.73091468,1.0
13161,5.292400948,1.0,3.961920632,1.0
13162,5.292400948,1.0,8.107437704,1.0
13163,5.292400948,1.0,2.390961954,1.0
13164,5.292400948,1.0,18.598069279,1.0
13165,5.292400948,1.0,12.715212237,1.0
13166,8.893250362,1.0,14.256756103,1.0
13167,8.893250362,1.0,1.213275618,1.0
13168,8.893250362,1.0,4.614399465,1.0
13169,8.893250362,1.0,629.457019025,1.0
13170,8.893250362,1.0,10.016669087,1.0
13171,8.893250362,1.0,6.884917469,1.0
13172,8.893250362,1.0,19.806237448,1.0
13173,8.893250362,1.0,3.87276971,1.0
13174,8.893250362,1.0,9.082305407,1.0
13175,8.893250362,1.0,6.782565889,1.0
13176,8.893250362,1.0,14.040953069,1.0
13177,8.893250362,1.0,6.893769984,1.0
13178,8.893250362,1.0,18.341066883,1.0
13179,8.893250362,1.0,3.177860741,1.0
13180,8.893250362,1.0,4.207592557,1.0
13181,6.179985299,1.0,14.256756103,1.0
13182,6.179985299,1.0,4.051893071,1.0
13183,6.179985299,1.0,46.94762608,1.0
13184,6.179985299,1.0,7.41032757,1.0
13185,6.179985299,1.0,3.331422192,1.0
13186,6.179985299,1.0,3.647826401,1.0
13187,6.179985299,1.0,33.569029236,1.0
13188,6.179985299,1.0,8.45860943,1.0
13189,6.179985299,1.0,7.253592044,1.0
13190,6.179985299,1.0,19.806237448,1.0
13191,6.179985299,1.0,9.082305407,1.0
13192,6.179985299,1.0,14.040953069,1.0
13193,6.179985299,1.0,23.390458917,1.0
13194,6.179985299,1.0,11.57419617,1.0
13195,6.179985299,1.0,5.840658135,1.0
13196,6.179985299,1.0,6.790219312,1.0
13197,6.179985299,1.0,29.988838829,1.0
13198,6.179985299,1.0,18.855302324,1.0
13199,6.179985299,1.0,8.988959255,1.0
13200,9.722560875,0.0,14.256756103,1.0
13201,9.722560875,0.0,1.235103146,0.0
13202,9.722560875,0.0,73.678253805,0.0
13203,9.722560875,0.0,3.353531592,0.0
13204,9.722560875,0.0,2.912262262,0.0
13205,9.722560875,0.0,6.384550977,0.0
13206,9.722560875,0.0,5.722009525,0.0
13207,9.722560875,0.0,2.645715291,0.0
13208,9.722560875,0.0,1.906842655,0.0
13209,9.722560875,0.0,4.675694624,0.0
13210,9.722560875,0.0,7.048802068,0.0
13211,9.722560875,0.0,27.217773067,0.0
13212,9.722560875,0.0,4.004822702,0.0
13213,9.722560875,0.0,1.706916885,0.0
13214,9.722560875,0.0,8.573559835,0.0
13215,9.722560875,0.0,9.850920108,0.0
13216,9.722560875,0.0,9.011999131,1.0
13217,9.722560875,0.0,10.639342998,0.0
13218,9.722560875,0.0,8.907896787,0.0
13219,9.722560875,0.0,84.435994812,0.0
13220,9.722560875,0.0,4.589062752,0.0
13221,7.253592044,1.0,14.256756103,1.0
13222,7.253592044,1.0,17.546131361,1.0
13223,7.253592044,1.0,130.865646049,1.0
13224,7.253592044,1.0,5.951084905,1.0
13225,7.253592044,1.0,7.08934858,1.0
13226,7.253592044,1.0,7.41032757,1.0
13227,7.253592044,1.0,49.330409711,1.0
13228,7.253592044,1.0,3.389171977,1.0
13229,7.253592044,1.0,15.776847279,1.0
13230,7.253592044,1.0,3.62084223,1.0
13231,7.253592044,1.0,8.45860943,1.0
13232,7.253592044,1.0,6.884917469,1.0
13233,7.253592044,1.0,19.806237448,1.0
13234,7.253592044,1.0,6.086591474,1.0
13235,7.253592044,1.0,9.082305407,1.0
13236,7.253592044,1.0,5.412612741,1.0
13237,7.253592044,1.0,23.390458917,1.0
13238,7.253592044,1.0,3.559635685,1.0
13239,7.253592044,1.0,13.574966657,1.0
13240,7.253592044,1.0,5.542460168,1.0
13241,7.253592044,1.0,8.068554411,1.0
13242,7.253592044,1.0,10.198167248,1.0
13243,7.253592044,1.0,17.888502667,1.0
13244,7.253592044,1.0,5.450804765,1.0
13245,7.253592044,1.0,18.855302324,1.0
13246,7.253592044,1.0,6.026101551,1.0
13247,7.253592044,1.0,8.196082118,1.0
13248,7.253592044,1.0,25.0116746,1.0
13249,4.137506743,1.0,14.256756103,1.0
13250,4.137506743,1.0,14.744961584,1.0
13251,4.137506743,1.0,20.540037372,1.0
13252,4.137506743,1.0,3.255616154,1.0
13253,4.137506743,1.0,7.41032757,1.0
13254,4.137506743,1.0,8.327704218,1.0
13255,4.137506743,1.0,8.188774877,1.0
13256,4.137506743,1.0,5.292400948,1.0
13257,4.137506743,1.0,4.381866605,1.0
13258,4.137506743,1.0,3.915305063,1.0
13259,4.137506743,1.0,33.569029236,1.0
13260,4.137506743,1.0,8.45860943,1.0
13261,4.137506743,1.0,18.996217281,1.0
13262,4.137506743,1.0,7.253592044,1.0
13263,4.137506743,1.0,1.380324536,1.0
13264,4.137506743,1.0,1.461947367,1.0
13265,4.137506743,1.0,18.195908064,1.0
13266,4.137506743,1.0,9.082305407,1.0
13267,4.137506743,1.0,6.782565889,1.0
13268,4.137506743,1.0,5.412612741,1.0
13269,4.137506743,1.0,14.040953069,1.0
13270,4.137506743,1.0,12.314548823,1.0
13271,4.137506743,1.0,1.213586358,1.0
13272,4.137506743,1.0,18.341066883,1.0
13273,4.137506743,1.0,3.559635685,1.0
13274,4.137506743,1.0,3.961920632,1.0
13275,4.137506743,1.0,3.177860741,1.0
13276,4.137506743,1.0,10.861725655,1.0
13277,4.137506743,1.0,2.401768348,1.0
13278,4.137506743,1.0,1.922086858,1.0
13279,4.137506743,1.0,7.025923962,1.0
13280,4.137506743,1.0,7.362360638,1.0
13281,4.137506743,1.0,2.531792876,1.0
13282,4.137506743,1.0,6.254853155,1.0
13283,4.137506743,1.0,4.91908351,1.0
13284,8.50266253,1.0,14.256756103,1.0
13285,8.50266253,1.0,10.653092482,1.0
13286,8.50266253,1.0,9.141805687,1.0
13287,8.50266253,1.0,4.678165374,1.0
13288,8.50266253,1.0,15.611347975,1.0
13289,8.50266253,1.0,10.123192269,1.0
13290,8.50266253,1.0,4.060263375,1.0
13291,8.50266253,1.0,8.148691521,1.0
13292,8.50266253,1.0,19.142118001,1.0
13293,8.50266253,1.0,10.9074083,1.0
13294,8.50266253,1.0,7.900750518,1.0
13295,8.50266253,1.0,37.938945266,1.0
13296,8.50266253,1.0,16.073363508,1.0
13297,8.50266253,1.0,16.732592538,1.0
13298,8.50266253,1.0,35.503722327,1.0
13299,3.559635685,1.0,14.256756103,1.0
13300,3.559635685,1.0,0.03889010165,1.0
13301,3.559635685,1.0,4.193289994,1.0
13302,3.559635685,1.0,7.600481659,1.0
13303,3.559635685,1.0,10.025288705,1.0
13304,3.559635685,1.0,3.414323425,1.0
13305,3.559635685,1.0,5.951084905,1.0
13306,3.559635685,1.0,7.41032757,1.0
13307,3.559635685,1.0,10.561206156,1.0
13308,3.559635685,1.0,8.327704218,1.0
13309,3.559635685,1.0,13.445185063,1.0
13310,3.559635685,1.0,8.188774877,1.0
13311,3.559635685,1.0,4.381866605,1.0
13312,3.559635685,1.0,0.2951445344,1.0
13313,3.559635685,1.0,33.569029236,1.0
13314,3.559635685,1.0,8.45860943,1.0
13315,3.559635685,1.0,6.394778045,1.0
13316,3.559635685,1.0,28.598737411,1.0
13317,3.559635685,1.0,6.884917469,1.0
13318,3.559635685,1.0,7.253592044,1.0
13319,3.559635685,1.0,1.380324536,1.0
13320,3.559635685,1.0,1.461947367,1.0
13321,3.559635685,1.0,4.137506743,1.0
13322,3.559635685,1.0,18.195908064,1.0
13323,3.559635685,1.0,9.082305407,1.0
13324,3.559635685,1.0,5.412612741,1.0
13325,3.559635685,1.0,8.295439778,1.0
13326,3.559635685,1.0,14.040953069,1.0
13327,3.559635685,1.0,5.237392338,1.0
13328,3.559635685,1.0,7.076362169,1.0
13329,3.559635685,1.0,18.341066883,1.0
13330,3.559635685,1.0,5.542460168,1.0
13331,3.559635685,1.0,6.963512648,1.0
13332,3.559635685,1.0,1.824459944,1.0
13333,3.559635685,1.0,8.516840935,1.0
13334,3.559635685,1.0,5.648012104,1.0
13335,3.559635685,1.0,6.254853155,1.0
13336,3.559635685,1.0,15.870165456,1.0
13337,4.207592557,1.0,14.256756103,1.0
13338,4.207592557,1.0,9.400666164,1.0
13339,4.207592557,1.0,13.442647268,1.0
13340,4.207592557,1.0,2.666798276,1.0
13341,4.207592557,1.0,629.457019025,1.0
13342,4.207592557,1.0,7.008746013,1.0
13343,4.207592557,1.0,4.91953619,1.0
13344,4.207592557,1.0,46.94762608,1.0
13345,4.207592557,1.0,2.497470498,1.0
13346,4.207592557,1.0,17.059242232,1.0
13347,4.207592557,1.0,6.696029248,1.0
13348,4.207592557,1.0,15.776847279,1.0
13349,4.207592557,1.0,8.893250362,1.0
13350,4.207592557,1.0,16.986753427,1.0
13351,4.207592557,1.0,33.569029236,1.0
13352,4.207592557,1.0,6.884917469,1.0
13353,4.207592557,1.0,19.806237448,1.0
13354,4.207592557,1.0,6.782565889,1.0
13355,4.207592557,1.0,5.412612741,1.0
13356,4.207592557,1.0,9.71155112,1.0
13357,4.207592557,1.0,8.295439778,1.0
13358,4.207592557,1.0,7.076362169,1.0
13359,4.207592557,1.0,15.149110824,1.0
13360,4.207592557,1.0,3.177860741,1.0
13361,4.207592557,1.0,6.963512648,1.0
13362,4.207592557,1.0,3.836845692,1.0
13363,4.207592557,1.0,4.449113565,1.0
13364,4.207592557,1.0,8.931451495,1.0
13365,4.207592557,1.0,7.879326678,1.0
13366,4.207592557,1.0,7.9903188,1.0
13367,4.207592557,1.0,25.0116746,1.0
13368,4.491154076,1.0,14.256756103,1.0
13369,4.491154076,1.0,6.181101777,1.0
13370,4.491154076,1.0,11.232143896,1.0
13371,4.491154076,1.0,6.83799714,1.0
13372,4.491154076,1.0,9.400666164,1.0
13373,4.491154076,1.0,7.08934858,1.0
13374,4.491154076,1.0,43.881908864,1.0
13375,4.491154076,1.0,10.635386245,1.0
13376,4.491154076,1.0,17.059242232,1.0
13377,4.491154076,1.0,33.569029236,1.0
13378,4.491154076,1.0,28.598737411,1.0
13379,4.491154076,1.0,6.086591474,1.0
13380,4.491154076,1.0,5.412612741,1.0
13381,4.491154076,1.0,8.295439778,1.0
13382,4.491154076,1.0,12.314548823,1.0
13383,4.491154076,1.0,7.076362169,1.0
13384,4.491154076,1.0,18.341066883,1.0
13385,4.491154076,1.0,6.218754449,1.0
13386,4.491154076,1.0,6.963512648,1.0
13387,4.491154076,1.0,13.297675544,1.0
13388,4.491154076,1.0,4.172027313,1.0
13389,4.491154076,1.0,8.995419211,1.0
13390,4.491154076,1.0,10.235504409,1.0
13391,4.491154076,1.0,5.318849241,1.0
13392,4.491154076,1.0,8.516840935,1.0
13393,4.491154076,1.0,6.182571409,1.0
13394,4.491154076,1.0,8.334980135,1.0
13395,4.491154076,1.0,5.538429016,1.0
13396,2.390961954,1.0,14.256756103,1.0
13397,2.390961954,1.0,130.865646049,1.0
13398,2.390961954,1.0,629.457019025,1.0
13399,2.390961954,1.0,7.736976522,1.0
13400,2.390961954,1.0,5.142898705,1.0
13401,2.390961954,1.0,8.188774877,1.0
13402,2.390961954,1.0,5.292400948,1.0
13403,2.390961954,1.0,3.647826401,1.0
13404,2.390961954,1.0,6.179985299,1.0
13405,2.390961954,1.0,28.598737411,1.0
13406,2.390961954,1.0,6.782565889,1.0
13407,2.390961954,1.0,5.412612741,1.0
13408,2.390961954,1.0,11.57419617,1.0
13409,2.390961954,1.0,18.341066883,1.0
13410,2.390961954,1.0,3.559635685,1.0
13411,2.390961954,1.0,3.961920632,1.0
13412,2.390961954,1.0,3.177860741,1.0
13413,2.390961954,1.0,6.963512648,1.0
13414,2.390961954,1.0,18.99975294,1.0
13415,2.390961954,1.0,7.098798777,1.0
13416,2.390961954,1.0,12.715212237,1.0
13417,2.390961954,1.0,18.855302324,1.0
13418,2.390961954,1.0,19.467428092,1.0
13419,2.390961954,1.0,7.9903188,1.0
13420,2.390961954,1.0,25.0116746,1.0
13421,2.390961954,1.0,3.923454175,1.0
13422,2.390961954,1.0,91.156961989,1.0
13423,19.845513323,1.0,14.256756103,1.0
13424,19.845513323,1.0,4.193289994,1.0
13425,19.845513323,1.0,4.457214021,1.0
13426,19.845513323,1.0,5.328803376,1.0
13427,19.845513323,1.0,6.703281844,1.0
13428,19.845513323,1.0,6.795597285,1.0
13429,19.845513323,1.0,7.08934858,1.0
13430,19.845513323,1.0,629.457019025,1.0
13431,19.845513323,1.0,46.94762608,1.0
13432,19.845513323,1.0,14.930979187,1.0
13433,19.845513323,1.0,10.561206156,1.0
13434,19.845513323,1.0,5.816563551,1.0
13435,19.845513323,1.0,28.598737411,1.0
13436,19.845513323,1.0,14.040953069,1.0
13437,19.845513323,1.0,6.218754449,1.0
13438,19.845513323,1.0,6.963512648,1.0
13439,19.845513323,1.0,10.198167248,1.0
13440,19.845513323,1.0,11.253524316,1.0
13441,19.845513323,1.0,8.843522305,1.0
13442,19.845513323,1.0,17.888502667,1.0
13443,19.845513323,1.0,5.318849241,1.0
13444,19.845513323,1.0,6.257818439,1.0
13445,19.845513323,1.0,6.23365539,1.0
13446,19.845513323,1.0,3.637886738,1.0
13447,19.845513323,1.0,23.583721319,1.0
13448,19.845513323,1.0,5.341431198,1.0
13449,19.845513323,1.0,3.101439572,1.0
13450,19.845513323,1.0,5.450804765,1.0
13451,19.845513323,1.0,7.025923962,1.0
13452,19.845513323,1.0,9.885977802,1.0
13453,19.845513323,1.0,7.308146865,1.0
13454,19.845513323,1.0,6.790219312,1.0
13455,19.845513323,1.0,8.516840935,1.0
13456,19.845513323,1.0,12.715212237,1.0
13457,19.845513323,1.0,4.119021003,1.0
13458,19.845513323,1.0,46.998665241,1.0
13459,19.845513323,1.0,3.422984265,1.0
13460,8.070385649,1.0,14.256756103,1.0
13461,8.070385649,1.0,7.41032757,1.0
13462,8.070385649,1.0,8.078335378,1.0
13463,8.070385649,1.0,8.893250362,1.0
13464,8.070385649,1.0,6.305349834,1.0
13465,8.070385649,1.0,8.068554411,1.0
13466,8.070385649,1.0,3.560045955,1.0
13467,8.070385649,1.0,6.218754449,1.0
13468,8.070385649,1.0,18.855302324,1.0
13469,8.070385649,1.0,8.196082118,1.0
13470,8.070385649,1.0,8.988959255,1.0
13471,8.070385649,1.0,1.200808632,1.0
13472,8.070385649,1.0,7.954241052,1.0
13473,8.070385649,1.0,10.464270693,1.0
13474,8.070385649,1.0,4.427730716,1.0
13475,5.913494239,1.0,6.106868048,1.0
13476,5.913494239,1.0,13.092587036,1.0
13477,5.913494239,1.0,6.057768872,1.0
13478,5.913494239,1.0,5.189647153,1.0
13479,5.913494239,1.0,22.627451627,1.0
13480,5.913494239,1.0,5.816563551,1.0
13481,5.913494239,1.0,7.326654522,1.0
13482,5.913494239,1.0,8.599022846,1.0
13483,5.913494239,1.0,5.899303052,1.0
13484,5.913494239,1.0,4.063647561,1.0
13485,5.913494239,1.0,13.070268138,1.0
13486,5.913494239,1.0,16.979769685,1.0
13487,5.899303052,1.0,6.106868048,1.0
13488,5.899303052,1.0,10.013880072,1.0
13489,5.899303052,1.0,9.98284207,1.0
13490,5.899303052,1.0,21.342876657,1.0
13491,5.899303052,1.0,7.440375649,1.0
13492,5.899303052,1.0,7.326654522,1.0
13493,5.899303052,1.0,6.063404837,1.0
13494,5.899303052,1.0,23.163711763,1.0
13495,5.899303052,1.0,7.748182289,1.0
13496,5.899303052,1.0,8.599022846,1.0
13497,5.899303052,1.0,4.063647561,1.0
13498,5.899303052,1.0,8.123570646,1.0
13499,5.899303052,1.0,33.569029236,1.0
13500,5.899303052,1.0,3.559635685,1.0
13501,5.899303052,1.0,5.477244591,0.0
13502,5.899303052,1.0,7.135698552,1.0
13503,5.899303052,1.0,7.373882175,1.0
13504,5.899303052,1.0,18.598069279,1.0
13505,5.899303052,1.0,7.879326678,1.0
13506,5.899303052,1.0,13.219212113,1.0
13507,13.219212113,1.0,6.106868048,1.0
13508,13.219212113,1.0,4.359083834,1.0
13509,13.219212113,1.0,6.703281844,1.0
13510,13.219212113,1.0,3.287148858,1.0
13511,13.219212113,1.0,5.899303052,1.0
13512,13.219212113,1.0,33.569029236,1.0
13513,13.219212113,1.0,24.186224197,1.0
13514,13.219212113,1.0,3.581472819,1.0
13515,13.219212113,1.0,11.778400279,1.0
13516,13.219212113,1.0,22.38547886,1.0
13517,5.638247624,1.0,13.092587036,1.0
13518,5.638247624,1.0,3.604027164,1.0
13519,5.638247624,1.0,1.85862259,1.0
13520,5.638247624,1.0,7.600481659,1.0
13521,5.638247624,1.0,3.497293236,1.0
13522,5.638247624,1.0,5.082210723,1.0
13523,5.638247624,1.0,4.134774924,1.0
13524,5.638247624,1.0,3.441276775,1.0
13525,5.638247624,1.0,4.165395202,1.0
13526,3.909467109,1.0,13.092587036,1.0
13527,3.909467109,1.0,18.92806364,1.0
13528,3.909467109,1.0,3.660314357,1.0
13529,3.909467109,1.0,1.999447028,1.0
13530,3.909467109,1.0,5.17795514,1.0
13531,3.909467109,1.0,12.338558256,1.0
13532,3.909467109,1.0,2.661209826,1.0
13533,3.909467109,1.0,1.169372331,1.0
13534,3.909467109,1.0,3.697724209,1.0
13535,3.909467109,1.0,6.604095251,1.0
13536,3.909467109,1.0,49.330409711,1.0
13537,3.909467109,1.0,3.822486041,1.0
13538,3.909467109,1.0,0.3344836215,1.0
13539,3.909467109,1.0,4.818576649,1.0
13540,1.856012985,1.0,13.092587036,1.0
13541,1.856012985,1.0,11.232143896,1.0
13542,1.856012985,1.0,5.638247624,1.0
13543,1.856012985,1.0,8.223679022,1.0
13544,1.856012985,1.0,5.951084905,1.0
13545,1.856012985,1.0,7.008746013,1.0
13546,1.856012985,1.0,9.71155112,1.0
13547,1.856012985,1.0,6.790219312,1.0
13548,1.856012985,1.0,1.503732411,1.0
13549,1.856012985,1.0,1.800603616,1.0
13550,1.856012985,1.0,8.612110379,1.0
13551,1.856012985,1.0,8.617819401,1.0
13552,6.455500381,1.0,13.092587036,1.0
13553,6.455500381,1.0,10.349034039,1.0
13554,6.455500381,1.0,7.758727092,1.0
13555,6.049206712,1.0,13.092587036,1.0
13556,6.049206712,1.0,37.98547584,1.0
13557,6.049206712,1.0,11.574078018,1.0
13558,6.049206712,1.0,5.078284966,1.0
13559,6.049206712,1.0,12.666276573,1.0
13560,6.049206712,1.0,5.328803376,1.0
13561,6.049206712,1.0,6.503926579,1.0
13562,6.049206712,1.0,2.636539717,1.0
13563,6.049206712,1.0,5.775634328,1.0
13564,6.049206712,1.0,8.123570646,1.0
13565,6.049206712,1.0,7.076362169,1.0
13566,6.049206712,1.0,18.598069279,1.0
13567,6.141325198,1.0,13.092587036,1.0
13568,6.141325198,1.0,2.661209826,1.0
13569,6.141325198,1.0,7.770027438,1.0
13570,6.141325198,1.0,9.515976293,1.0
13571,6.141325198,1.0,0.4289517024,1.0
13572,6.141325198,1.0,1.341409792,1.0
13573,6.141325198,1.0,1.426097319,1.0
13574,6.141325198,1.0,3.071931185,1.0
13575,6.141325198,1.0,4.690452556,1.0
13576,6.141325198,1.0,1.93329749,1.0
13577,6.141325198,1.0,5.105516935,1.0
13578,6.141325198,1.0,1.419281651,1.0
13579,6.141325198,1.0,0.5130403028,1.0
13580,6.141325198,1.0,0.6705666026,1.0
13581,6.141325198,1.0,0.7346031658,1.0
13582,6.141325198,1.0,5.844142797,0.0
13583,6.141325198,1.0,2.345714065,1.0
13584,6.141325198,1.0,1.141903095,1.0
13585,6.141325198,1.0,30.150731299,1.0
13586,7.770027438,1.0,13.092587036,1.0
13587,7.770027438,1.0,28.295164043,0.0
13588,7.770027438,1.0,1.681462384,1.0
13589,7.770027438,1.0,5.756985413,1.0
13590,7.770027438,1.0,7.662964114,1.0
13591,7.770027438,1.0,6.055020615,1.0
13592,7.770027438,1.0,13.574966657,1.0
13593,7.770027438,1.0,5.099776649,1.0
13594,7.770027438,1.0,4.562011581,1.0
13595,7.770027438,1.0,10.41981138,1.0
13596,7.770027438,1.0,4.743119874,1.0
13597,7.770027438,1.0,1.141903095,1.0
13598,7.770027438,1.0,4.753731003,1.0
13599,7.770027438,1.0,1.280519931,1.0
13600,7.770027438,1.0,7.036139984,1.0
13601,2.129545428,1.0,13.092587036,1.0
13602,2.129545428,1.0,4.375431128,1.0
13603,2.129545428,1.0,2.028649949,1.0
13604,2.129545428,1.0,8.680223289,1.0
13605,2.129545428,1.0,5.17795514,1.0
13606,2.129545428,1.0,3.696128234,1.0
13607,2.129545428,1.0,3.288067738,1.0
13608,2.129545428,1.0,3.998340136,0.0
13609,2.129545428,1.0,1.93329749,1.0
13610,2.129545428,1.0,0.5130403028,1.0
13611,2.129545428,1.0,0.6705666026,1.0
13612,2.129545428,1.0,4.753731003,1.0
13613,2.129545428,1.0,24.65499671,1.0
13614,8.495133609,1.0,13.092587036,1.0
13615,8.495133609,1.0,6.831887515,1.0
13616,8.495133609,1.0,5.734774545,1.0
13617,8.495133609,1.0,2.942608565,1.0
13618,8.495133609,1.0,7.763450156,1.0
13619,8.495133609,1.0,7.662964114,1.0
13620,8.495133609,1.0,6.109671996,1.0
13621,8.495133609,1.0,2.425018168,1.0
13622,8.495133609,1.0,2.326729959,1.0
13623,8.495133609,1.0,9.515976293,1.0
13624,8.495133609,1.0,0.4289517024,1.0
13625,8.495133609,1.0,18.521265883,1.0
13626,8.495133609,1.0,6.17753814,1.0
13627,8.495133609,1.0,4.047135063,0.0
13628,8.495133609,1.0,4.774561819,1.0
13629,8.495133609,1.0,3.181592814,1.0
13630,8.495133609,1.0,1.416005328,1.0
13631,8.495133609,1.0,24.65499671,1.0
13632,8.495133609,1.0,9.820527386,1.0
13633,8.495133609,1.0,4.829505682,1.0
13634,8.495133609,1.0,4.262285822,1.0
13635,2.043936169,1.0,13.092587036,1.0
13636,2.043936169,1.0,6.008978366,1.0
13637,2.043936169,1.0,3.660314357,1.0
13638,2.043936169,1.0,3.062796437,1.0
13639,2.043936169,1.0,9.515976293,1.0
13640,2.043936169,1.0,6.288576781,1.0
13641,2.043936169,1.0,3.071931185,1.0
13642,2.043936169,1.0,1.93329749,1.0
13643,2.043936169,1.0,4.047135063,0.0
13644,2.043936169,1.0,5.099776649,1.0
13645,2.043936169,1.0,6.415927604,1.0
13646,2.043936169,1.0,4.743119874,1.0
13647,2.043936169,1.0,1.188412879,1.0
13648,2.043936169,1.0,1.608127492,1.0
13649,11.305962931,1.0,13.092587036,1.0
13650,11.305962931,1.0,40.90551563,1.0
13651,11.305962931,1.0,1.999447028,1.0
13652,11.305962931,1.0,7.500010293,1.0
13653,11.305962931,1.0,1.681462384,1.0
13654,11.305962931,1.0,153.378432818,1.0
13655,11.305962931,1.0,15.733724505,1.0
13656,11.305962931,1.0,3.341894097,1.0
13657,11.305962931,1.0,9.643040622,1.0
13658,11.305962931,1.0,15.776847279,1.0
13659,11.305962931,1.0,3.372868411,0.0
13660,11.305962931,1.0,9.525955471,1.0
13661,11.305962931,1.0,3.071931185,1.0
13662,11.305962931,1.0,2.833460751,1.0
13663,11.305962931,1.0,5.306124882,1.0
13664,11.305962931,1.0,6.878149792,1.0
13665,11.305962931,1.0,6.415927604,1.0
13666,11.305962931,1.0,45.854721033,1.0
13667,11.305962931,1.0,30.150731299,1.0
13668,11.305962931,1.0,6.008748456,1.0
13669,11.305962931,1.0,10.397099174,1.0
13670,2.833460751,1.0,13.092587036,1.0
13671,2.833460751,1.0,4.817981994,1.0
13672,2.833460751,1.0,1.681462384,1.0
13673,2.833460751,1.0,2.271211233,1.0
13674,2.833460751,1.0,4.753731003,1.0
13675,4.342798623,1.0,13.092587036,1.0
13676,4.342798623,1.0,12.307254829,1.0
13677,4.342798623,1.0,0.5130403028,1.0
13678,12.307254829,1.0,13.092587036,1.0
13679,12.307254829,1.0,5.101340986,1.0
13680,12.307254829,1.0,4.075596891,1.0
13681,12.307254829,1.0,23.127912882,1.0
13682,12.307254829,1.0,5.17795514,1.0
13683,12.307254829,1.0,2.661209826,1.0
13684,12.307254829,1.0,3.128520781,1.0
13685,12.307254829,1.0,0.7072698146,1.0
13686,12.307254829,1.0,3.341894097,1.0
13687,12.307254829,1.0,3.697724209,1.0
13688,12.307254829,1.0,2.043936169,1.0
13689,12.307254829,1.0,11.305962931,1.0
13690,12.307254829,1.0,4.045987677,1.0
13691,12.307254829,1.0,4.690452556,1.0
13692,12.307254829,1.0,5.105516935,1.0
13693,12.307254829,1.0,0.5130403028,1.0
13694,12.307254829,1.0,5.306124882,1.0
13695,12.307254829,1.0,7.360620477,1.0
13696,12.307254829,1.0,4.562011581,1.0
13697,12.307254829,1.0,6.415927604,1.0
13698,12.307254829,1.0,4.743119874,1.0
13699,12.307254829,1.0,5.844142797,0.0
13700,12.307254829,1.0,9.885977802,1.0
13701,12.307254829,1.0,5.257523475,1.0
13702,12.307254829,1.0,2.148455503,1.0
13703,12.307254829,1.0,19.300014971,1.0
13704,0.6705666026,1.0,13.092587036,1.0
13705,0.6705666026,1.0,3.341894097,1.0
13706,0.6705666026,1.0,2.129545428,1.0
13707,0.6705666026,1.0,5.756985413,1.0
13708,0.6705666026,1.0,11.305962931,1.0
13709,0.6705666026,1.0,13.451980124,1.0
13710,0.6705666026,1.0,1.237786255,1.0
13711,0.6705666026,1.0,2.028386934,1.0
13712,0.6705666026,1.0,1.419281651,1.0
13713,0.6705666026,1.0,5.099776649,1.0
13714,0.6705666026,1.0,7.360620477,1.0
13715,0.6705666026,1.0,6.851861599,1.0
13716,0.6705666026,1.0,1.400644306,1.0
13717,0.6705666026,1.0,1.608127492,1.0
13718,4.562011581,1.0,13.092587036,1.0
13719,4.562011581,1.0,6.141325198,1.0
13720,4.562011581,1.0,14.930979187,1.0
13721,4.562011581,1.0,3.288067738,1.0
13722,4.562011581,1.0,4.047135063,0.0
13723,4.562011581,1.0,12.307254829,1.0
13724,4.562011581,1.0,23.450551653,1.0
13725,4.562011581,1.0,7.491649438,1.0
13726,4.562011581,1.0,1.280519931,1.0
13727,6.878149792,1.0,13.092587036,1.0
13728,6.878149792,1.0,7.500010293,1.0
13729,6.878149792,1.0,153.378432818,1.0
13730,6.878149792,1.0,2.661209826,1.0
13731,6.878149792,1.0,5.424393042,1.0
13732,6.878149792,1.0,7.770027438,1.0
13733,6.878149792,1.0,3.436895491,1.0
13734,6.878149792,1.0,14.930979187,1.0
13735,6.878149792,1.0,5.756985413,1.0
13736,6.878149792,1.0,4.690452556,1.0
13737,6.878149792,1.0,2.49777588,1.0
13738,6.878149792,1.0,1.419281651,1.0
13739,6.878149792,1.0,23.450551653,1.0
13740,6.878149792,1.0,4.562011581,1.0
13741,6.878149792,1.0,0.7346031658,1.0
13742,6.878149792,1.0,4.743119874,1.0
13743,6.878149792,1.0,24.65499671,1.0
13744,6.415927604,1.0,13.092587036,1.0
13745,6.415927604,1.0,6.831887515,1.0
13746,6.415927604,1.0,4.075596891,1.0
13747,6.415927604,1.0,5.173055758,1.0
13748,6.415927604,1.0,5.17795514,1.0
13749,6.415927604,1.0,3.341894097,1.0
13750,6.415927604,1.0,1.64516445,1.0
13751,6.415927604,1.0,7.770027438,1.0
13752,6.415927604,1.0,2.129545428,1.0
13753,6.415927604,1.0,3.071931185,1.0
13754,6.415927604,1.0,4.342798623,1.0
13755,6.415927604,1.0,0.6705666026,1.0
13756,6.415927604,1.0,4.562011581,1.0
13757,6.415927604,1.0,2.49253761,1.0
13758,6.415927604,1.0,0.06957856727,0.0
13759,6.415927604,1.0,24.65499671,1.0
13760,6.415927604,1.0,3.287873652,1.0
13761,6.415927604,1.0,1.280519931,1.0
13762,6.415927604,1.0,1.608127492,1.0
13763,3.822486041,1.0,13.092587036,1.0
13764,3.822486041,1.0,3.909467109,1.0
13765,3.822486041,1.0,18.92806364,1.0
13766,3.822486041,1.0,3.660314357,1.0
13767,3.822486041,1.0,2.661209826,1.0
13768,3.822486041,1.0,8.280750395,1.0
13769,3.822486041,1.0,3.436895491,1.0
13770,3.822486041,1.0,3.697724209,1.0
13771,3.822486041,1.0,6.604095251,1.0
13772,3.822486041,1.0,23.009498747,1.0
13773,3.822486041,1.0,9.134226434,1.0
13774,3.822486041,1.0,4.05226854,1.0
13775,3.822486041,1.0,10.056347203,1.0
13776,4.753731003,1.0,13.092587036,1.0
13777,4.753731003,1.0,13.950356735,1.0
13778,4.753731003,1.0,7.500010293,1.0
13779,4.753731003,1.0,1.681462384,1.0
13780,4.753731003,1.0,2.129545428,1.0
13781,4.753731003,1.0,2.326080633,1.0
13782,4.753731003,1.0,10.349034039,1.0
13783,4.753731003,1.0,11.305962931,1.0
13784,4.753731003,1.0,3.696128234,1.0
13785,4.753731003,1.0,3.238436483,1.0
13786,4.753731003,1.0,6.851861599,1.0
13787,4.753731003,1.0,6.415927604,1.0
13788,4.753731003,1.0,45.854721033,1.0
13789,4.753731003,1.0,24.65499671,1.0
13790,4.753731003,1.0,3.287873652,1.0
13791,0.3344836215,1.0,13.092587036,1.0
13792,0.3344836215,1.0,3.436895491,1.0
13793,0.3344836215,1.0,3.697724209,1.0
13794,0.3344836215,1.0,6.604095251,1.0
13795,0.3344836215,1.0,23.009498747,1.0
13796,0.3344836215,1.0,49.330409711,1.0
13797,0.3344836215,1.0,10.088455912,1.0
13798,0.3344836215,1.0,4.627303628,1.0
13799,1.280519931,1.0,13.092587036,1.0
13800,1.280519931,1.0,4.193289994,1.0
13801,1.280519931,1.0,1.681462384,1.0
13802,1.280519931,1.0,2.661209826,1.0
13803,1.280519931,1.0,7.770027438,1.0
13804,1.280519931,1.0,2.129545428,1.0
13805,1.280519931,1.0,5.756985413,1.0
13806,1.280519931,1.0,2.326080633,1.0
13807,1.280519931,1.0,6.907984275,0.0
13808,1.280519931,1.0,6.396409402,1.0
13809,1.280519931,1.0,5.506224572,1.0
13810,1.280519931,1.0,10.861725655,1.0
13811,1.280519931,1.0,3.191550099,1.0
13812,1.280519931,1.0,2.833460751,1.0
13813,1.280519931,1.0,12.307254829,1.0
13814,1.280519931,1.0,4.562011581,1.0
13815,1.280519931,1.0,4.753731003,1.0
13816,1.280519931,1.0,9.885977802,1.0
13817,1.280519931,1.0,24.65499671,1.0
13818,1.280519931,1.0,5.823561992,1.0
13819,1.280519931,1.0,10.397099174,1.0
13820,1.859358022,1.0,13.092587036,1.0
13821,1.859358022,1.0,13.61728709,1.0
13822,1.859358022,1.0,13.86957637,1.0
13823,1.859358022,1.0,1.618033423,1.0
13824,1.859358022,1.0,13.012196231,1.0
13825,1.859358022,1.0,3.901493385,1.0
13826,1.859358022,1.0,2.526151503,1.0
13827,4.91908351,1.0,13.092587036,1.0
13828,4.91908351,1.0,3.170768537,1.0
13829,4.91908351,1.0,8.338097174,1.0
13830,4.91908351,1.0,7.095566032,1.0
13831,4.91908351,1.0,12.10266456,1.0
13832,4.91908351,1.0,3.414323425,1.0
13833,4.91908351,1.0,27.334429574,1.0
13834,4.91908351,1.0,4.137506743,1.0
13835,4.91908351,1.0,10.50722291,1.0
13836,4.91908351,1.0,8.094688499,1.0
13837,4.91908351,1.0,17.275100495,1.0
13838,4.91908351,1.0,6.385563697,1.0
13839,19.300014971,1.0,13.092587036,1.0
13840,19.300014971,1.0,6.008978366,1.0
13841,19.300014971,1.0,4.817981994,1.0
13842,19.300014971,1.0,153.378432818,1.0
13843,19.300014971,1.0,3.352271824,1.0
13844,19.300014971,1.0,4.800824173,1.0
13845,19.300014971,1.0,2.942608565,1.0
13846,19.300014971,1.0,9.515976293,1.0
13847,19.300014971,1.0,10.41981138,1.0
13848,19.300014971,1.0,2.301450275,1.0
13849,19.300014971,1.0,1.608127492,1.0
13850,5.951084905,1.0,9.900612688,1.0
13851,5.951084905,1.0,12.10266456,1.0
13852,5.951084905,1.0,1.856012985,1.0
13853,5.951084905,1.0,4.672699676,1.0
13854,5.951084905,1.0,3.255616154,1.0
13855,5.951084905,1.0,4.614399465,1.0
13856,5.951084905,1.0,629.457019025,1.0
13857,5.951084905,1.0,9.141805687,1.0
13858,5.951084905,1.0,7.41032757,1.0
13859,5.951084905,1.0,17.059242232,1.0
13860,5.951084905,1.0,3.331422192,1.0
13861,5.951084905,1.0,3.62084223,1.0
13862,5.951084905,1.0,8.893250362,1.0
13863,5.951084905,1.0,0.2951445344,1.0
13864,5.951084905,1.0,7.253592044,1.0
13865,5.951084905,1.0,19.806237448,1.0
13866,5.951084905,1.0,6.086591474,1.0
13867,5.951084905,1.0,12.671115978,1.0
13868,5.951084905,1.0,6.782565889,1.0
13869,5.951084905,1.0,7.076362169,1.0
13870,5.951084905,1.0,6.816885683,1.0
13871,5.951084905,1.0,23.390458917,1.0
13872,5.951084905,1.0,6.893769984,1.0
13873,5.951084905,1.0,18.341066883,1.0
13874,5.951084905,1.0,13.574966657,1.0
13875,5.951084905,1.0,3.637886738,1.0
13876,5.951084905,1.0,6.790219312,1.0
13877,5.951084905,1.0,18.855302324,1.0
13878,5.951084905,1.0,6.026101551,1.0
13879,5.951084905,1.0,5.648012104,1.0
13880,5.951084905,1.0,7.888433382,1.0
13881,8.629651598,1.0,9.900612688,1.0
13882,8.629651598,1.0,15.722078037,1.0
13883,8.629651598,1.0,2.888906621,1.0
13884,8.629651598,1.0,10.016669087,1.0
13885,8.629651598,1.0,5.189647153,1.0
13886,8.629651598,1.0,8.327704218,1.0
13887,8.629651598,1.0,5.913494239,1.0
13888,8.629651598,1.0,5.521065503,1.0
13889,8.629651598,1.0,8.078335378,1.0
13890,8.629651598,1.0,41.816248515,1.0
13891,8.629651598,1.0,33.569029236,1.0
13892,8.629651598,1.0,18.996217281,1.0
13893,8.629651598,1.0,4.137506743,1.0
13894,8.629651598,1.0,4.995556646,1.0
13895,8.629651598,1.0,3.799529216,1.0
13896,8.629651598,1.0,9.153441064,1.0
13897,8.629651598,1.0,18.598069279,1.0
13898,8.629651598,1.0,10.235504409,1.0
13899,8.629651598,1.0,4.621428657,1.0
13900,8.629651598,1.0,7.308146865,1.0
13901,8.629651598,1.0,6.026101551,1.0
13902,8.629651598,1.0,16.979769685,1.0
13903,8.629651598,1.0,7.879326678,1.0
13904,8.629651598,1.0,41.790035293,1.0
13905,6.086591474,1.0,9.900612688,1.0
13906,6.086591474,1.0,6.83799714,1.0
13907,6.086591474,1.0,3.901493385,1.0
13908,6.086591474,1.0,4.193289994,1.0
13909,6.086591474,1.0,4.614399465,1.0
13910,6.086591474,1.0,7.08934858,1.0
13911,6.086591474,1.0,46.94762608,1.0
13912,6.086591474,1.0,10.016669087,1.0
13913,6.086591474,1.0,5.075006428,1.0
13914,6.086591474,1.0,7.41032757,1.0
13915,6.086591474,1.0,6.063404837,1.0
13916,6.086591474,1.0,8.629651598,1.0
13917,6.086591474,1.0,6.120753644,1.0
13918,6.086591474,1.0,3.331422192,1.0
13919,6.086591474,1.0,18.996217281,1.0
13920,6.086591474,1.0,28.598737411,1.0
13921,6.086591474,1.0,4.137506743,1.0
13922,6.086591474,1.0,5.412612741,1.0
13923,6.086591474,1.0,14.040953069,1.0
13924,6.086591474,1.0,6.816885683,1.0
13925,6.086591474,1.0,18.341066883,1.0
13926,6.086591474,1.0,3.177860741,1.0
13927,6.086591474,1.0,6.963512648,1.0
13928,6.086591474,1.0,8.102589681,1.0
13929,6.086591474,1.0,18.855302324,1.0
13930,6.086591474,1.0,7.888433382,1.0
13931,6.086591474,1.0,8.988959255,1.0
13932,6.086591474,1.0,7.9903188,1.0
13933,6.086591474,1.0,25.0116746,1.0
13934,6.086591474,1.0,8.070385649,1.0
13935,6.086591474,1.0,91.156961989,1.0
13936,6.893769984,1.0,9.900612688,1.0
13937,6.893769984,1.0,4.193289994,1.0
13938,6.893769984,1.0,8.501191644,1.0
13939,6.893769984,1.0,0.2378778019,1.0
13940,6.893769984,1.0,7.08934858,1.0
13941,6.893769984,1.0,43.881908864,1.0
13942,6.893769984,1.0,7.008746013,1.0
13943,6.893769984,1.0,9.643040622,1.0
13944,6.893769984,1.0,17.059242232,1.0
13945,6.893769984,1.0,3.331422192,1.0
13946,6.893769984,1.0,6.977362658,1.0
13947,6.893769984,1.0,33.569029236,1.0
13948,6.893769984,1.0,19.806237448,1.0
13949,6.893769984,1.0,6.086591474,1.0
13950,6.893769984,1.0,14.040953069,1.0
13951,6.893769984,1.0,7.076362169,1.0
13952,6.893769984,1.0,6.816885683,1.0
13953,6.893769984,1.0,10.198167248,1.0
13954,6.893769984,1.0,5.318849241,1.0
13955,6.893769984,1.0,18.855302324,1.0
13956,6.893769984,1.0,5.872903346,1.0
13957,5.341431198,1.0,9.900612688,1.0
13958,5.341431198,1.0,4.359083834,1.0
13959,5.341431198,1.0,4.051893071,1.0
13960,5.341431198,1.0,7.008746013,1.0
13961,5.341431198,1.0,17.059242232,1.0
13962,5.341431198,1.0,12.314548823,1.0
13963,5.341431198,1.0,7.303226098,0.0
13964,5.341431198,1.0,4.621428657,1.0
13965,5.341431198,1.0,5.318849241,1.0
13966,5.341431198,1.0,6.790219312,1.0
13967,5.341431198,1.0,4.594228449,1.0
13968,14.598625688,1.0,7.735346804,1.0
13969,14.598625688,1.0,10.181441025,1.0
13970,14.598625688,1.0,40.880111633,0.0
13971,14.598625688,1.0,24.145793363,1.0
13972,14.598625688,1.0,5.078284966,1.0
13973,14.598625688,1.0,2.153464008,1.0
13974,14.598625688,1.0,4.210712808,1.0
13975,14.598625688,1.0,6.649897259,1.0
13976,14.598625688,1.0,1.380324536,1.0
13977,14.598625688,1.0,10.50722291,1.0
13978,14.598625688,1.0,5.538429016,1.0
13979,14.598625688,1.0,6.827557706,1.0
13980,4.76171626,1.0,7.735346804,1.0
13981,4.76171626,1.0,12.457716354,1.0
13982,4.76171626,1.0,8.078335378,1.0
13983,4.76171626,1.0,18.598069279,1.0
13984,4.76171626,1.0,7.012375128,1.0
13985,4.76171626,1.0,5.38214551,1.0
13986,80.515084524,1.0,7.735346804,1.0
13987,80.515084524,1.0,6.179985299,1.0
13988,80.515084524,1.0,22.38547886,1.0
13989,5.38214551,1.0,7.735346804,1.0
13990,5.38214551,1.0,6.181101777,1.0
13991,5.38214551,1.0,7.095566032,1.0
13992,5.38214551,1.0,12.457716354,1.0
13993,5.38214551,1.0,40.90551563,1.0
13994,5.38214551,1.0,8.187427692,1.0
13995,5.38214551,1.0,2.666798276,1.0
13996,5.38214551,1.0,8.077203943,1.0
13997,5.38214551,1.0,7.674939651,1.0
13998,5.38214551,1.0,5.173046124,1.0
13999,5.38214551,1.0,4.381866605,1.0
14000,5.38214551,1.0,18.598069279,1.0
14001,5.38214551,1.0,10.50722291,1.0
14002,5.38214551,1.0,19.845513323,1.0
14003,5.38214551,1.0,4.066517949,1.0
14004,5.38214551,1.0,8.988959255,1.0
14005,5.38214551,1.0,46.998665241,1.0
14006,5.38214551,1.0,3.422984265,1.0
14007,5.38214551,1.0,1.393107025,1.0
14008,5.38214551,1.0,6.827557706,1.0
14009,5.38214551,1.0,4.91908351,1.0
14010,5.38214551,1.0,17.275100495,1.0
14011,8.063670476,1.0,7.735346804,1.0
14012,8.063670476,1.0,3.170768537,1.0
14013,8.063670476,1.0,6.5091864,1.0
14014,8.063670476,1.0,0.4262515307,1.0
14015,8.063670476,1.0,23.163711763,1.0
14016,8.063670476,1.0,10.50722291,1.0
14017,8.063670476,1.0,8.516840935,1.0
14018,1.800603616,1.0,3.170768537,1.0
14019,1.800603616,1.0,0.2336933914,1.0
14020,1.800603616,1.0,8.223679022,1.0
14021,1.800603616,1.0,1.856012985,1.0
14022,1.800603616,1.0,2.401768348,1.0
14023,4.672699676,1.0,6.181101777,1.0
14024,4.672699676,1.0,7.357964603,1.0
14025,4.672699676,1.0,15.779551822,1.0
14026,4.672699676,1.0,7.930824421,1.0
14027,4.672699676,1.0,165.196432139,0.0
14028,4.672699676,1.0,8.123570646,1.0
14029,4.672699676,1.0,4.137506743,1.0
14030,4.672699676,1.0,5.525326408,1.0
14031,4.672699676,1.0,3.724726563,1.0
14032,3.00079294,1.0,6.181101777,1.0
14033,3.00079294,1.0,2.192416695,1.0
14034,3.00079294,1.0,3.855461904,1.0
14035,3.00079294,1.0,12.120044245,1.0
14036,3.00079294,1.0,5.97652199,1.0
14037,3.00079294,1.0,7.469166361,1.0
14038,3.00079294,1.0,4.513045268,1.0
14039,3.00079294,1.0,3.73091468,1.0
14040,3.00079294,1.0,10.9074083,1.0
14041,3.00079294,1.0,7.659051738,1.0
14042,3.00079294,1.0,8.107437704,1.0
14043,6.257818439,1.0,6.181101777,1.0
14044,6.257818439,1.0,3.414323425,1.0
14045,6.257818439,1.0,8.501191644,1.0
14046,6.257818439,1.0,6.004574686,1.0
14047,6.257818439,1.0,4.359083834,1.0
14048,6.257818439,1.0,5.693360228,1.0
14049,6.257818439,1.0,6.05151979,1.0
14050,6.257818439,1.0,10.016669087,1.0
14051,6.257818439,1.0,5.075006428,1.0
14052,6.257818439,1.0,16.219736768,1.0
14053,6.257818439,1.0,17.059242232,1.0
14054,6.257818439,1.0,19.806237448,1.0
14055,6.257818439,1.0,20.418653862,1.0
14056,6.257818439,1.0,7.076362169,1.0
14057,6.257818439,1.0,6.816885683,1.0
14058,6.257818439,1.0,8.068554411,1.0
14059,6.257818439,1.0,4.207592557,1.0
14060,6.257818439,1.0,10.198167248,1.0
14061,6.257818439,1.0,19.845513323,1.0
14062,6.257818439,1.0,11.253524316,1.0
14063,6.257818439,1.0,8.843522305,1.0
14064,6.257818439,1.0,17.888502667,1.0
14065,6.257818439,1.0,4.621428657,1.0
14066,6.257818439,1.0,5.318849241,1.0
14067,6.257818439,1.0,6.23365539,1.0
14068,6.257818439,1.0,3.637886738,1.0
14069,6.257818439,1.0,23.583721319,1.0
14070,6.257818439,1.0,3.101439572,1.0
14071,6.257818439,1.0,5.450804765,1.0
14072,6.257818439,1.0,7.025923962,1.0
14073,6.257818439,1.0,7.308146865,1.0
14074,6.257818439,1.0,6.790219312,1.0
14075,6.257818439,1.0,10.487538393,1.0
14076,6.257818439,1.0,4.119021003,1.0
14077,6.257818439,1.0,25.0116746,1.0
14078,0.8679306657,1.0,6.181101777,1.0
14079,0.8679306657,1.0,40.90551563,1.0
14080,0.8679306657,1.0,11.284623998,1.0
14081,0.8679306657,1.0,13.41431181,1.0
14082,0.8679306657,1.0,63.569424162,1.0
14083,14.86461468,1.0,6.181101777,1.0
14084,14.86461468,1.0,6.004574686,1.0
14085,14.86461468,1.0,5.980333505,1.0
14086,14.86461468,1.0,4.777806825,1.0
14087,14.86461468,1.0,8.663691625,1.0
14088,14.86461468,1.0,134.232246392,1.0
14089,203.143738217,0.0,7.357964603,1.0
14090,203.143738217,0.0,10.025288705,1.0
14091,203.143738217,0.0,14.598625688,1.0
14092,203.143738217,0.0,5.797601397,1.0
14093,203.143738217,0.0,3.66616111,1.0
14094,5.995996753,1.0,7.357964603,1.0
14095,5.995996753,1.0,76.104832671,1.0
14096,5.995996753,1.0,6.243918196,1.0
14097,5.995996753,1.0,21.47320625,1.0
14098,5.995996753,1.0,6.063404837,1.0
14099,5.995996753,1.0,29.064479699,1.0
14100,5.995996753,1.0,23.163711763,1.0
14101,5.995996753,1.0,41.816248515,1.0
14102,5.995996753,1.0,22.680958327,1.0
14103,5.995996753,1.0,10.277541211,1.0
14104,5.995996753,1.0,18.598069279,1.0
14105,5.995996753,1.0,6.854782535,1.0
14106,5.995996753,1.0,12.715212237,1.0
14107,5.995996753,1.0,6.52281174,1.0
14108,5.995996753,1.0,19.300014971,1.0
14109,5.840658135,1.0,7.357964603,1.0
14110,5.840658135,1.0,8.495133609,1.0
14111,5.840658135,1.0,6.120753644,1.0
14112,5.840658135,1.0,15.776847279,1.0
14113,5.840658135,1.0,11.809729744,1.0
14114,5.840658135,1.0,6.394778045,1.0
14115,5.840658135,1.0,18.996217281,1.0
14116,5.840658135,1.0,20.418653862,1.0
14117,5.840658135,1.0,12.671115978,1.0
14118,5.840658135,1.0,18.00089822,1.0
14119,5.840658135,1.0,6.816885683,1.0
14120,5.840658135,1.0,3.767829505,1.0
14121,5.840658135,1.0,13.574966657,1.0
14122,5.840658135,1.0,5.894179482,1.0
14123,5.840658135,1.0,4.207592557,1.0
14124,5.840658135,1.0,18.99975294,1.0
14125,5.840658135,1.0,4.140323188,1.0
14126,9.134226434,1.0,24.479933455,1.0
14127,9.134226434,1.0,3.164674771,1.0
14128,9.134226434,1.0,6.385563697,1.0
14129,7.170901694,1.0,24.479933455,1.0
14130,7.170901694,1.0,54.832733215,1.0
14131,7.170901694,1.0,3.164674771,1.0
14132,7.170901694,1.0,13.351374522,1.0
14133,2.660204161,1.0,15.779551822,1.0
14134,2.660204161,1.0,5.362171947,1.0
14135,2.660204161,1.0,7.930824421,1.0
14136,2.660204161,1.0,2.888906621,1.0
14137,2.660204161,1.0,4.411776195,1.0
14138,2.660204161,1.0,6.827557706,1.0
14139,2.660204161,1.0,7.9903188,1.0
14140,2.660204161,1.0,0.8053114143,1.0
14141,2.660204161,1.0,1.337015436,1.0
14142,2.809630333,1.0,11.232143896,1.0
14143,2.809630333,1.0,8.629651598,1.0
14144,2.809630333,1.0,5.521065503,1.0
14145,2.809630333,1.0,41.816248515,1.0
14146,2.809630333,1.0,33.569029236,1.0
14147,2.809630333,1.0,7.228822587,1.0
14148,2.809630333,1.0,26.111237618,1.0
14149,3.363732976,1.0,11.232143896,1.0
14150,3.363732976,1.0,13.61728709,1.0
14151,3.363732976,1.0,6.008978366,1.0
14152,3.363732976,1.0,15.733724505,1.0
14153,3.363732976,1.0,0.1958913398,1.0
14154,3.363732976,1.0,4.04841049,1.0
14155,3.363732976,1.0,10.695111153,1.0
14156,3.363732976,1.0,20.540037372,1.0
14157,3.363732976,1.0,2.2197354,1.0
14158,3.363732976,1.0,6.17753814,1.0
14159,3.363732976,1.0,3.949528024,1.0
14160,3.363732976,1.0,3.952164526,1.0
14161,2.979654483,1.0,11.232143896,1.0
14162,2.979654483,1.0,53.620745395,1.0
14163,2.979654483,1.0,4.543431095,1.0
14164,2.979654483,1.0,7.440375649,1.0
14165,2.979654483,1.0,4.56934201,1.0
14166,10.116729733,1.0,11.232143896,1.0
14167,10.116729733,1.0,5.32825762,1.0
14168,10.116729733,1.0,15.611347975,1.0
14169,10.116729733,1.0,7.094763502,1.0
14170,10.116729733,1.0,4.245903096,1.0
14171,10.116729733,1.0,7.214621746,1.0
14172,10.116729733,1.0,8.735817523,1.0
14173,10.116729733,1.0,14.998267347,1.0
14174,10.116729733,1.0,5.014749404,1.0
14175,10.116729733,1.0,10.123192269,1.0
14176,10.116729733,1.0,3.72542787,1.0
14177,10.116729733,1.0,10.006734416,1.0
14178,3.208916221,1.0,11.232143896,1.0
14179,3.208916221,1.0,11.315364155,1.0
14180,3.208916221,1.0,12.457716354,1.0
14181,3.208916221,1.0,17.86679629,1.0
14182,3.208916221,1.0,21.957598551,1.0
14183,3.208916221,1.0,5.521065503,1.0
14184,3.208916221,1.0,8.078335378,1.0
14185,3.208916221,1.0,16.219736768,1.0
14186,3.208916221,1.0,10.277541211,1.0
14187,3.208916221,1.0,11.362555877,1.0
14188,3.208916221,1.0,7.373882175,1.0
14189,3.208916221,1.0,2.197170175,1.0
14190,3.208916221,1.0,13.070268138,1.0
14191,3.208916221,1.0,4.066517949,1.0
14192,3.208916221,1.0,46.998665241,1.0
14193,7.025923962,1.0,11.232143896,1.0
14194,7.025923962,1.0,0.2336933914,1.0
14195,7.025923962,1.0,0.147742687,1.0
14196,7.025923962,1.0,4.359083834,1.0
14197,7.025923962,1.0,4.134774924,1.0
14198,7.025923962,1.0,14.930979187,1.0
14199,7.025923962,1.0,41.816248515,1.0
14200,7.025923962,1.0,7.750732528,1.0
14201,7.025923962,1.0,0.07754331243,0.0
14202,7.025923962,1.0,19.845513323,1.0
14203,7.025923962,1.0,11.253524316,1.0
14204,7.025923962,1.0,8.843522305,1.0
14205,7.025923962,1.0,17.888502667,1.0
14206,7.025923962,1.0,4.621428657,1.0
14207,7.025923962,1.0,5.318849241,1.0
14208,7.025923962,1.0,6.257818439,1.0
14209,7.025923962,1.0,6.23365539,1.0
14210,7.025923962,1.0,23.583721319,1.0
14211,7.025923962,1.0,5.341431198,1.0
14212,7.025923962,1.0,3.101439572,1.0
14213,7.025923962,1.0,5.450804765,1.0
14214,7.025923962,1.0,6.790219312,1.0
14215,7.025923962,1.0,4.119021003,1.0
14216,7.025923962,1.0,15.293129274,1.0
14217,7.025923962,1.0,25.0116746,1.0
14218,11.778400279,1.0,11.232143896,1.0
14219,11.778400279,1.0,3.287148858,1.0
14220,11.778400279,1.0,46.94762608,1.0
14221,11.778400279,1.0,29.277283858,0.0
14222,11.778400279,1.0,22.627451627,1.0
14223,11.778400279,1.0,16.746607955,1.0
14224,11.778400279,1.0,6.588528896,1.0
14225,11.778400279,1.0,29.064479699,1.0
14226,11.778400279,1.0,23.163711763,1.0
14227,11.778400279,1.0,5.899303052,1.0
14228,11.778400279,1.0,4.063647561,1.0
14229,11.778400279,1.0,33.569029236,1.0
14230,11.778400279,1.0,4.995556646,1.0
14231,11.778400279,1.0,24.186224197,1.0
14232,11.778400279,1.0,3.581472819,1.0
14233,11.778400279,1.0,35.190700103,1.0
14234,11.778400279,1.0,24.65499671,1.0
14235,11.778400279,1.0,6.419404649,1.0
14236,11.778400279,1.0,5.257523475,1.0
14237,11.778400279,1.0,39.375745086,1.0
14238,11.778400279,1.0,147.947753554,1.0
14239,11.778400279,1.0,22.38547886,1.0
14240,11.778400279,1.0,13.219212113,1.0
14241,11.778400279,1.0,17.275100495,1.0
14242,4.427730716,1.0,11.232143896,1.0
14243,4.427730716,1.0,3.320043803,1.0
14244,4.427730716,1.0,5.638247624,1.0
14245,4.427730716,1.0,10.025288705,1.0
14246,4.427730716,1.0,3.497293236,1.0
14247,4.427730716,1.0,4.672699676,1.0
14248,4.427730716,1.0,2.888906621,1.0
14249,4.427730716,1.0,4.134774924,1.0
14250,4.427730716,1.0,23.009498747,1.0
14251,4.427730716,1.0,8.123570646,1.0
14252,4.427730716,1.0,9.134226434,1.0
14253,4.427730716,1.0,6.305349834,1.0
14254,4.427730716,1.0,7.362360638,1.0
14255,4.427730716,1.0,3.082268333,1.0
14256,4.427730716,1.0,13.351374522,1.0
14257,11.65146074,1.0,6.83799714,1.0
14258,11.65146074,1.0,10.181441025,1.0
14259,11.65146074,1.0,14.639793863,1.0
14260,11.65146074,1.0,4.051893071,1.0
14261,11.65146074,1.0,629.457019025,1.0
14262,11.65146074,1.0,6.05151979,1.0
14263,11.65146074,1.0,10.016669087,1.0
14264,11.65146074,1.0,4.357638184,1.0
14265,11.65146074,1.0,41.816248515,1.0
14266,11.65146074,1.0,4.193583381,1.0
14267,11.65146074,1.0,3.389171977,1.0
14268,11.65146074,1.0,17.059242232,1.0
14269,11.65146074,1.0,3.915305063,1.0
14270,11.65146074,1.0,8.893250362,1.0
14271,11.65146074,1.0,28.598737411,1.0
14272,11.65146074,1.0,6.884917469,1.0
14273,11.65146074,1.0,19.806237448,1.0
14274,11.65146074,1.0,6.086591474,1.0
14275,11.65146074,1.0,5.237392338,1.0
14276,11.65146074,1.0,12.314548823,1.0
14277,11.65146074,1.0,13.574966657,1.0
14278,11.65146074,1.0,6.305349834,1.0
14279,11.65146074,1.0,8.068554411,1.0
14280,11.65146074,1.0,6.963512648,1.0
14281,11.65146074,1.0,13.297675544,1.0
14282,11.65146074,1.0,4.172027313,1.0
14283,11.65146074,1.0,63.569424162,1.0
14284,11.65146074,1.0,6.23365539,1.0
14285,11.65146074,1.0,18.855302324,1.0
14286,11.65146074,1.0,8.105857013,1.0
14287,11.65146074,1.0,25.0116746,1.0
14288,1.85862259,1.0,6.83799714,1.0
14289,1.85862259,1.0,4.672699676,1.0
14290,1.85862259,1.0,2.888906621,1.0
14291,1.85862259,1.0,8.617819401,1.0
14292,4.028014858,1.0,6.83799714,1.0
14293,4.028014858,1.0,11.574078018,1.0
14294,4.028014858,1.0,4.678165374,1.0
14295,4.028014858,1.0,4.381866605,1.0
14296,4.028014858,1.0,0.2951445344,1.0
14297,4.028014858,1.0,16.986753427,1.0
14298,5.847750914,1.0,6.83799714,1.0
14299,5.847750914,1.0,10.013880072,1.0
14300,5.847750914,1.0,2.2197354,1.0
14301,5.847750914,1.0,9.643040622,1.0
14302,5.847750914,1.0,22.680958327,1.0
14303,5.847750914,1.0,17.059242232,1.0
14304,5.847750914,1.0,6.394778045,1.0
14305,5.847750914,1.0,18.996217281,1.0
14306,5.847750914,1.0,3.87276971,1.0
14307,5.847750914,1.0,20.418653862,1.0
14308,5.847750914,1.0,18.195908064,1.0
14309,5.847750914,1.0,12.671115978,1.0
14310,5.847750914,1.0,5.506224572,1.0
14311,5.847750914,1.0,3.836845692,1.0
14312,5.847750914,1.0,4.140323188,1.0
14313,5.847750914,1.0,16.462756475,1.0
14314,5.847750914,1.0,9.011999131,1.0
14315,5.847750914,1.0,15.870165456,1.0
14316,3.637886738,1.0,6.83799714,1.0
14317,3.637886738,1.0,4.359083834,1.0
14318,3.637886738,1.0,4.614399465,1.0
14319,3.637886738,1.0,17.059242232,1.0
14320,3.637886738,1.0,3.915305063,1.0
14321,3.637886738,1.0,3.177860741,1.0
14322,3.637886738,1.0,4.491154076,1.0
14323,3.637886738,1.0,4.172027313,1.0
14324,3.637886738,1.0,19.845513323,1.0
14325,3.637886738,1.0,8.843522305,1.0
14326,3.637886738,1.0,5.318849241,1.0
14327,3.637886738,1.0,6.257818439,1.0
14328,3.637886738,1.0,23.583721319,1.0
14329,3.637886738,1.0,5.341431198,1.0
14330,3.637886738,1.0,3.101439572,1.0
14331,3.637886738,1.0,5.450804765,1.0
14332,3.637886738,1.0,6.790219312,1.0
14333,3.637886738,1.0,6.026101551,1.0
14334,5.538429016,1.0,6.83799714,1.0
14335,5.538429016,1.0,5.824984678,1.0
14336,5.538429016,1.0,13.61728709,1.0
14337,5.538429016,1.0,15.733724505,1.0
14338,5.538429016,1.0,3.363732976,1.0
14339,5.538429016,1.0,9.643040622,1.0
14340,5.538429016,1.0,2.726007976,1.0
14341,5.538429016,1.0,28.598737411,1.0
14342,5.538429016,1.0,4.045987677,1.0
14343,5.538429016,1.0,9.820527386,1.0
14344,5.538429016,1.0,4.818576649,1.0
14345,5.538429016,1.0,7.622568974,1.0
14346,5.538429016,1.0,6.008748456,1.0
14347,54.237297373,1.0,6.83799714,1.0
14348,54.237297373,1.0,3.321907625,1.0
14349,54.237297373,1.0,7.600481659,1.0
14350,54.237297373,1.0,8.38717511,1.0
14351,54.237297373,1.0,5.075006428,1.0
14352,8.338097174,1.0,1.85862259,1.0
14353,8.338097174,1.0,4.066517949,1.0
14354,8.338097174,1.0,4.427730716,1.0
14355,9.936302085,1.0,1.85862259,1.0
14356,9.936302085,1.0,5.638247624,1.0
14357,9.936302085,1.0,4.09207587,1.0
14358,7.500010293,1.0,3.321907625,1.0
14359,7.500010293,1.0,13.61728709,1.0
14360,7.500010293,1.0,40.90551563,1.0
14361,7.500010293,1.0,10.038287437,1.0
14362,7.500010293,1.0,11.081644824,0.0
14363,7.500010293,1.0,22.78146695,1.0
14364,7.500010293,1.0,6.141325198,1.0
14365,7.500010293,1.0,6.588528896,1.0
14366,7.500010293,1.0,6.17753814,1.0
14367,7.500010293,1.0,2.49777588,1.0
14368,7.500010293,1.0,1.419281651,1.0
14369,7.500010293,1.0,12.307254829,1.0
14370,7.500010293,1.0,6.878149792,1.0
14371,7.500010293,1.0,8.995419211,1.0
14372,7.500010293,1.0,4.818576649,1.0
14373,7.500010293,1.0,2.947136582,1.0
14374,7.500010293,1.0,4.018046527,1.0
14375,8.223679022,1.0,4.722583566,1.0
14376,8.223679022,1.0,3.320043803,1.0
14377,8.223679022,1.0,7.600481659,1.0
14378,8.223679022,1.0,4.672699676,1.0
14379,8.223679022,1.0,6.040723779,1.0
14380,8.223679022,1.0,13.033793733,1.0
14381,8.223679022,1.0,15.240375229,1.0
14382,8.223679022,1.0,12.671115978,1.0
14383,8.223679022,1.0,5.419900895,1.0
14384,8.223679022,1.0,11.535903549,1.0
14385,8.223679022,1.0,8.324245087,1.0
14386,8.223679022,1.0,4.05226854,1.0
14387,8.223679022,1.0,10.056347203,1.0
14388,8.223679022,1.0,91.156961989,1.0
14389,16.958161255,1.0,9.400666164,1.0
14390,16.958161255,1.0,14.038027143,1.0
14391,16.958161255,1.0,3.545406837,1.0
14392,16.958161255,1.0,1.875798661,1.0
14393,1.173436015,1.0,9.400666164,1.0
14394,1.173436015,1.0,0.5088358989,1.0
14395,21.957598551,1.0,9.400666164,1.0
14396,21.957598551,1.0,9.98284207,1.0
14397,21.957598551,1.0,46.94762608,1.0
14398,21.957598551,1.0,5.173046124,1.0
14399,21.957598551,1.0,21.47320625,1.0
14400,21.957598551,1.0,6.63113924,1.0
14401,21.957598551,1.0,15.189863814,1.0
14402,21.957598551,1.0,8.020350441,1.0
14403,21.957598551,1.0,5.816563551,1.0
14404,21.957598551,1.0,15.066753188,1.0
14405,21.957598551,1.0,6.588528896,1.0
14406,21.957598551,1.0,23.163711763,1.0
14407,21.957598551,1.0,5.899303052,1.0
14408,21.957598551,1.0,4.357638184,1.0
14409,21.957598551,1.0,41.816248515,1.0
14410,21.957598551,1.0,16.219736768,1.0
14411,21.957598551,1.0,3.647826401,1.0
14412,21.957598551,1.0,9.082305407,1.0
14413,21.957598551,1.0,8.295439778,1.0
14414,21.957598551,1.0,7.228822587,1.0
14415,21.957598551,1.0,7.373882175,1.0
14416,21.957598551,1.0,2.197170175,1.0
14417,21.957598551,1.0,22.431469976,0.0
14418,21.957598551,1.0,5.453609324,1.0
14419,15.149110824,1.0,9.400666164,1.0
14420,15.149110824,1.0,6.5091864,1.0
14421,15.149110824,1.0,5.292400948,1.0
14422,15.149110824,1.0,11.809729744,1.0
14423,15.149110824,1.0,18.996217281,1.0
14424,15.149110824,1.0,28.598737411,1.0
14425,15.149110824,1.0,9.525955471,1.0
14426,15.149110824,1.0,12.671115978,1.0
14427,15.149110824,1.0,11.57419617,1.0
14428,15.149110824,1.0,5.506224572,1.0
14429,15.149110824,1.0,5.847750914,1.0
14430,15.149110824,1.0,5.996384101,1.0
14431,15.149110824,1.0,4.207592557,1.0
14432,15.149110824,1.0,3.836845692,1.0
14433,15.149110824,1.0,4.140323188,1.0
14434,15.149110824,1.0,5.840658135,1.0
14435,15.149110824,1.0,9.011999131,1.0
14436,15.149110824,1.0,1.893593655,1.0
14437,16.462756475,1.0,9.400666164,1.0
14438,16.462756475,1.0,4.359083834,1.0
14439,16.462756475,1.0,15.733724505,1.0
14440,16.462756475,1.0,4.860815553,1.0
14441,16.462756475,1.0,46.94762608,1.0
14442,16.462756475,1.0,22.78146695,1.0
14443,16.462756475,1.0,0.6323481537,1.0
14444,16.462756475,1.0,9.643040622,1.0
14445,16.462756475,1.0,2.747730392,1.0
14446,16.462756475,1.0,5.142898705,1.0
14447,16.462756475,1.0,6.076137367,1.0
14448,16.462756475,1.0,18.996217281,1.0
14449,16.462756475,1.0,19.806237448,1.0
14450,16.462756475,1.0,3.87276971,1.0
14451,16.462756475,1.0,20.418653862,1.0
14452,16.462756475,1.0,3.836845692,1.0
14453,16.462756475,1.0,4.140323188,1.0
14454,16.462756475,1.0,10.277541211,1.0
14455,16.462756475,1.0,9.011999131,1.0
14456,16.462756475,1.0,9.102690599,1.0
14457,16.462756475,1.0,4.119021003,1.0
14458,3.738174695,1.0,9.400666164,1.0
14459,3.738174695,1.0,8.123570646,1.0
14460,3.738174695,1.0,1.21352677,1.0
14461,3.738174695,1.0,6.076137367,1.0
14462,3.738174695,1.0,4.137506743,1.0
14463,3.738174695,1.0,12.314548823,1.0
14464,3.738174695,1.0,4.621428657,1.0
14465,3.738174695,1.0,25.0116746,1.0
14466,3.738174695,1.0,12.023650799,1.0
14467,5.113142616,1.0,3.320043803,1.0
14468,5.113142616,1.0,3.757640503,1.0
14469,5.113142616,1.0,2.203857633,1.0
14470,5.113142616,1.0,2.819656285,1.0
14471,5.113142616,1.0,10.013880072,1.0
14472,5.113142616,1.0,6.5091864,1.0
14473,5.113142616,1.0,7.493519305,1.0
14474,5.113142616,1.0,21.342876657,1.0
14475,5.113142616,1.0,18.99975294,1.0
14476,5.113142616,1.0,3.101439572,1.0
14477,5.113142616,1.0,0.5816461023,1.0
14478,5.113142616,1.0,4.089121753,1.0
14479,5.113142616,1.0,5.846871423,1.0
14480,49.675986752,1.0,3.320043803,1.0
14481,49.675986752,1.0,5.693360228,1.0
14482,49.675986752,1.0,5.673623555,1.0
14483,49.675986752,1.0,6.865690139,1.0
14484,49.675986752,1.0,13.033793733,1.0
14485,13.070268138,1.0,3.320043803,1.0
14486,13.070268138,1.0,27.334429574,1.0
14487,13.070268138,1.0,6.63113924,1.0
14488,13.070268138,1.0,16.746607955,1.0
14489,13.070268138,1.0,7.326654522,1.0
14490,13.070268138,1.0,23.163711763,1.0
14491,13.070268138,1.0,8.629651598,1.0
14492,13.070268138,1.0,16.219736768,1.0
14493,13.070268138,1.0,8.123570646,1.0
14494,13.070268138,1.0,10.277541211,1.0
14495,13.070268138,1.0,7.228822587,1.0
14496,13.070268138,1.0,7.135698552,1.0
14497,13.070268138,1.0,10.557429856,1.0
14498,13.070268138,1.0,46.998665241,1.0
14499,13.070268138,1.0,1.393107025,1.0
14500,13.070268138,1.0,41.790035293,1.0
14501,8.094688499,1.0,3.320043803,1.0
14502,8.094688499,1.0,9.141805687,1.0
14503,8.094688499,1.0,29.064479699,1.0
14504,8.094688499,1.0,11.863979571,1.0
14505,8.094688499,1.0,12.120044245,1.0
14506,8.094688499,1.0,6.086591474,1.0
14507,8.094688499,1.0,7.454794161,1.0
14508,8.094688499,1.0,4.709903611,1.0
14509,8.094688499,1.0,3.297807408,1.0
14510,8.094688499,1.0,10.9074083,1.0
14511,8.094688499,1.0,7.900750518,1.0
14512,8.094688499,1.0,7.659051738,1.0
14513,8.094688499,1.0,4.449113565,1.0
14514,8.094688499,1.0,35.503722327,1.0
14515,8.094688499,1.0,6.477636474,1.0
14516,8.094688499,1.0,16.979769685,1.0
14517,8.094688499,1.0,7.455058179,1.0
14518,6.385563697,1.0,3.320043803,1.0
14519,6.385563697,1.0,0.2336933914,1.0
14520,6.385563697,1.0,1.685633058,1.0
14521,6.385563697,1.0,3.414323425,1.0
14522,6.385563697,1.0,5.082210723,1.0
14523,6.385563697,1.0,0.4262515307,1.0
14524,6.385563697,1.0,8.324245087,1.0
14525,1.556248334,1.0,5.638247624,1.0
14526,130.865646049,1.0,0.2336933914,1.0
14527,130.865646049,1.0,5.292400948,1.0
14528,130.865646049,1.0,8.45860943,1.0
14529,130.865646049,1.0,6.782565889,1.0
14530,130.865646049,1.0,6.816885683,1.0
14531,130.865646049,1.0,18.341066883,1.0
14532,130.865646049,1.0,3.961920632,1.0
14533,130.865646049,1.0,6.205428816,1.0
14534,130.865646049,1.0,18.855302324,1.0
14535,130.865646049,1.0,8.196082118,1.0
14536,130.865646049,1.0,7.9903188,1.0
14537,0.147742687,1.0,0.2336933914,1.0
14538,0.147742687,1.0,8.223679022,1.0
14539,0.147742687,1.0,0.03889010165,1.0
14540,0.147742687,1.0,4.359083834,1.0
14541,0.147742687,1.0,2.666798276,1.0
14542,0.147742687,1.0,15.925449164,1.0
14543,0.147742687,1.0,6.076137367,1.0
14544,0.147742687,1.0,3.559635685,1.0
14545,0.147742687,1.0,63.569424162,1.0
14546,0.147742687,1.0,7.170901694,1.0
14547,0.147742687,1.0,4.119021003,1.0
14548,3.497293236,1.0,0.2336933914,1.0
14549,3.497293236,1.0,8.280750395,1.0
14550,3.497293236,1.0,1.800603616,1.0
14551,11.574078018,1.0,0.2336933914,1.0
14552,11.574078018,1.0,14.744961584,1.0
14553,11.574078018,1.0,37.98547584,1.0
14554,11.574078018,1.0,14.598625688,1.0
14555,11.574078018,1.0,4.457214021,1.0
14556,11.574078018,1.0,12.666276573,1.0
14557,11.574078018,1.0,5.328803376,1.0
14558,11.574078018,1.0,6.503926579,1.0
14559,11.574078018,1.0,6.049206712,1.0
14560,11.574078018,1.0,2.636539717,1.0
14561,11.574078018,1.0,5.775634328,1.0
14562,11.574078018,1.0,8.599022846,1.0
14563,11.574078018,1.0,28.598737411,1.0
14564,0.6024504423,1.0,0.2336933914,1.0
14565,0.6024504423,1.0,2.084139887,0.0
14566,0.6024504423,1.0,7.9903188,1.0
14567,6.63113924,1.0,0.2336933914,1.0
14568,6.63113924,1.0,1.799544375,1.0
14569,6.63113924,1.0,9.98284207,1.0
14570,6.63113924,1.0,1.462530536,1.0
14571,6.63113924,1.0,21.47320625,1.0
14572,6.63113924,1.0,5.189647153,1.0
14573,6.63113924,1.0,21.957598551,1.0
14574,6.63113924,1.0,22.627451627,1.0
14575,6.63113924,1.0,15.189863814,1.0
14576,6.63113924,1.0,8.020350441,1.0
14577,6.63113924,1.0,29.064479699,1.0
14578,6.63113924,1.0,23.163711763,1.0
14579,6.63113924,1.0,8.629651598,1.0
14580,6.63113924,1.0,16.219736768,1.0
14581,6.63113924,1.0,7.228822587,1.0
14582,6.63113924,1.0,7.135698552,1.0
14583,6.63113924,1.0,1.824459944,1.0
14584,6.63113924,1.0,13.070268138,1.0
14585,6.63113924,1.0,9.153441064,1.0
14586,6.63113924,1.0,12.715212237,1.0
14587,6.63113924,1.0,8.243241662,1.0
14588,6.63113924,1.0,7.879326678,1.0
14589,6.63113924,1.0,5.453609324,1.0
14590,0.2951445344,1.0,0.2336933914,1.0
14591,0.2951445344,1.0,4.193289994,1.0
14592,0.2951445344,1.0,4.359083834,1.0
14593,0.2951445344,1.0,7.008746013,1.0
14594,0.2951445344,1.0,4.818425218,1.0
14595,0.2951445344,1.0,7.326654522,1.0
14596,0.2951445344,1.0,6.696029248,1.0
14597,0.2951445344,1.0,8.188774877,1.0
14598,0.2951445344,1.0,6.179985299,1.0
14599,0.2951445344,1.0,1.380324536,1.0
14600,0.2951445344,1.0,1.461947367,1.0
14601,0.2951445344,1.0,20.418653862,1.0
14602,0.2951445344,1.0,8.295439778,1.0
14603,0.2951445344,1.0,11.57419617,1.0
14604,0.2951445344,1.0,18.341066883,1.0
14605,0.2951445344,1.0,3.559635685,1.0
14606,0.2951445344,1.0,6.305349834,1.0
14607,0.2951445344,1.0,8.068554411,1.0
14608,0.2951445344,1.0,6.218754449,1.0
14609,0.2951445344,1.0,8.516840935,1.0
14610,0.2951445344,1.0,8.196082118,1.0
14611,0.2951445344,1.0,7.9903188,1.0
14612,0.2951445344,1.0,8.070385649,1.0
14613,4.537477814,1.0,8.338097174,1.0
14614,4.537477814,1.0,3.749242153,1.0
14615,4.537477814,1.0,4.818425218,1.0
14616,4.537477814,1.0,8.295439778,1.0
14617,4.537477814,1.0,12.314548823,1.0
14618,4.537477814,1.0,8.995419211,1.0
14619,4.537477814,1.0,6.205428816,1.0
14620,4.537477814,1.0,7.750732528,1.0
14621,4.537477814,1.0,0.07754331243,0.0
14622,4.537477814,1.0,8.843522305,1.0
14623,4.537477814,1.0,7.025923962,1.0
14624,4.537477814,1.0,6.026101551,1.0
14625,4.537477814,1.0,8.32811975,1.0
14626,4.537477814,1.0,4.119021003,1.0
14627,4.537477814,1.0,15.293129274,1.0
14628,17.926035137,0.0,8.655831002,0.0
14629,17.926035137,0.0,9.727860711,0.0
14630,17.926035137,0.0,31.940000062,0.0
14631,17.926035137,0.0,10.361449499,0.0
14632,17.926035137,0.0,16.222318711,0.0
14633,17.926035137,0.0,5.646775288,0.0
14634,17.926035137,0.0,28.217529498,0.0
14635,17.926035137,0.0,23.004257875,0.0
14636,17.926035137,0.0,11.802286831,0.0
14637,17.926035137,0.0,6.832421315,0.0
14638,17.926035137,0.0,9.026330067,0.0
14639,17.926035137,0.0,38.884839197,0.0
14640,17.926035137,0.0,17.167266676,0.0
14641,17.926035137,0.0,12.128903099,0.0
14642,17.926035137,0.0,10.075756973,0.0
14643,17.926035137,0.0,59.17079679,0.0
14644,17.926035137,0.0,16.261504351,0.0
14645,17.926035137,0.0,5.48985448,0.0
14646,17.926035137,0.0,1.263600825,0.0
14647,17.926035137,0.0,7.574758381,0.0
14648,17.926035137,0.0,10.321111206,0.0
14649,1.067421882,0.0,8.655831002,0.0
14650,1.067421882,0.0,31.940000062,0.0
14651,1.067421882,0.0,16.222318711,0.0
14652,1.067421882,0.0,17.926035137,0.0
14653,1.067421882,0.0,33.742370929,0.0
14654,1.067421882,0.0,11.111467247,0.0
14655,13.41431181,1.0,7.095566032,1.0
14656,13.41431181,1.0,5.628119807,1.0
14657,13.41431181,1.0,6.865690139,1.0
14658,13.41431181,1.0,10.478257015,1.0
14659,13.033793733,1.0,7.095566032,1.0
14660,13.033793733,1.0,1.577573875,0.0
14661,13.033793733,1.0,5.673623555,1.0
14662,6.72801545,1.0,17.546131361,1.0
14663,6.72801545,1.0,30.257567237,1.0
14664,6.72801545,1.0,4.990039785,1.0
14665,4.985086585,1.0,17.546131361,1.0
14666,4.985086585,1.0,8.38717511,1.0
14667,4.985086585,1.0,1.337015436,1.0
14668,3.101439572,1.0,17.546131361,1.0
14669,3.101439572,1.0,13.012196231,1.0
14670,3.101439572,1.0,1.681462384,1.0
14671,3.101439572,1.0,5.113142616,1.0
14672,3.101439572,1.0,4.359083834,1.0
14673,3.101439572,1.0,0.7274009746,1.0
14674,3.101439572,1.0,18.996217281,1.0
14675,3.101439572,1.0,5.894179482,1.0
14676,3.101439572,1.0,6.305349834,1.0
14677,3.101439572,1.0,6.205428816,1.0
14678,3.101439572,1.0,19.845513323,1.0
14679,3.101439572,1.0,11.253524316,1.0
14680,3.101439572,1.0,5.318849241,1.0
14681,3.101439572,1.0,6.257818439,1.0
14682,3.101439572,1.0,6.23365539,1.0
14683,3.101439572,1.0,7.025923962,1.0
14684,8.612110379,1.0,17.546131361,1.0
14685,8.612110379,1.0,0.3451184811,1.0
14686,8.612110379,1.0,40.90551563,1.0
14687,8.612110379,1.0,3.441276775,1.0
14688,8.612110379,1.0,4.427730716,1.0
14689,3.320043803,1.0,1.685633058,1.0
14690,3.320043803,1.0,5.114191242,1.0
14691,3.320043803,1.0,7.008746013,1.0
14692,3.320043803,1.0,10.190843374,1.0
14693,3.320043803,1.0,3.331422192,1.0
14694,3.320043803,1.0,12.314548823,1.0
14695,3.320043803,1.0,6.385563697,1.0
14696,5.594596397,1.0,5.824984678,1.0
14697,5.594596397,1.0,5.872903346,1.0
14698,5.515849566,1.0,5.824984678,1.0
14699,5.515849566,1.0,10.653092482,1.0
14700,5.515849566,1.0,11.863979571,1.0
14701,5.515849566,1.0,6.472934546,1.0
14702,5.515849566,1.0,8.50266253,1.0
14703,5.515849566,1.0,4.003663518,1.0
14704,5.515849566,1.0,4.737651137,1.0
14705,5.515849566,1.0,19.142118001,1.0
14706,5.515849566,1.0,14.341366069,1.0
14707,5.515849566,1.0,10.9074083,1.0
14708,5.515849566,1.0,13.574966657,1.0
14709,5.515849566,1.0,4.177580885,1.0
14710,0.7074212895,1.0,5.824984678,1.0
14711,0.7074212895,1.0,8.187427692,1.0
14712,0.7074212895,1.0,4.621428657,1.0
14713,0.7074212895,1.0,10.056347203,1.0
14714,4.722583566,1.0,8.223679022,1.0
14715,4.722583566,1.0,5.362171947,1.0
14716,16.174671951,1.0,8.223679022,1.0
14717,16.174671951,1.0,30.017045246,1.0
14718,16.174671951,1.0,10.478257015,1.0
14719,11.535903549,1.0,8.223679022,1.0
14720,11.535903549,1.0,13.954711516,1.0
14721,11.535903549,1.0,33.569029236,1.0
14722,11.535903549,1.0,8.931451495,1.0
14723,11.535903549,1.0,3.724726563,1.0
14724,11.535903549,1.0,8.612110379,1.0
14725,11.535903549,1.0,13.351374522,1.0
14726,8.324245087,1.0,8.223679022,1.0
14727,8.324245087,1.0,4.985086585,1.0
14728,8.324245087,1.0,63.569424162,1.0
14729,3.441276775,1.0,0.03889010165,1.0
14730,3.441276775,1.0,2.661209826,1.0
14731,3.441276775,1.0,8.324245087,1.0
14732,41.790035293,1.0,0.03889010165,1.0
14733,41.790035293,1.0,9.98284207,1.0
14734,41.790035293,1.0,5.189647153,1.0
14735,41.790035293,1.0,8.020350441,1.0
14736,41.790035293,1.0,11.133808458,1.0
14737,41.790035293,1.0,7.228822587,1.0
14738,41.790035293,1.0,7.135698552,1.0
14739,41.790035293,1.0,1.824459944,1.0
14740,4.359083834,1.0,14.744961584,1.0
14741,4.359083834,1.0,11.687696093,1.0
14742,4.359083834,1.0,6.503926579,1.0
14743,4.359083834,1.0,5.118084663,1.0
14744,4.359083834,1.0,0.4262515307,1.0
14745,4.359083834,1.0,21.342876657,1.0
14746,4.359083834,1.0,6.057768872,1.0
14747,4.359083834,1.0,4.134774924,1.0
14748,4.359083834,1.0,22.627451627,1.0
14749,4.359083834,1.0,10.561206156,1.0
14750,4.359083834,1.0,8.123570646,1.0
14751,4.359083834,1.0,1.21352677,1.0
14752,4.359083834,1.0,3.331422192,1.0
14753,4.359083834,1.0,6.076137367,1.0
14754,4.359083834,1.0,28.598737411,1.0
14755,4.359083834,1.0,7.253592044,1.0
14756,4.359083834,1.0,6.086591474,1.0
14757,4.359083834,1.0,10.861725655,1.0
14758,4.359083834,1.0,4.172027313,1.0
14759,4.359083834,1.0,5.306124882,1.0
14760,4.359083834,1.0,63.569424162,1.0
14761,4.359083834,1.0,19.845513323,1.0
14762,4.359083834,1.0,11.253524316,1.0
14763,4.359083834,1.0,8.843522305,1.0
14764,4.359083834,1.0,17.888502667,1.0
14765,4.359083834,1.0,4.621428657,1.0
14766,4.359083834,1.0,5.318849241,1.0
14767,4.359083834,1.0,6.257818439,1.0
14768,4.359083834,1.0,6.23365539,1.0
14769,4.359083834,1.0,23.583721319,1.0
14770,4.359083834,1.0,5.341431198,1.0
14771,4.359083834,1.0,7.025923962,1.0
14772,4.359083834,1.0,7.308146865,1.0
14773,4.359083834,1.0,18.855302324,1.0
14774,4.359083834,1.0,8.334980135,1.0
14775,4.359083834,1.0,4.119021003,1.0
14776,4.359083834,1.0,3.422984265,1.0
14777,4.359083834,1.0,13.219212113,1.0
14778,7.174117575,1.0,14.744961584,1.0
14779,7.174117575,1.0,6.243918196,1.0
14780,4.91953619,1.0,14.744961584,1.0
14781,4.91953619,1.0,10.510975334,1.0
14782,4.91953619,1.0,6.893769984,1.0
14783,5.014749404,1.0,14.744961584,1.0
14784,5.014749404,1.0,5.32825762,1.0
14785,5.014749404,1.0,15.611347975,1.0
14786,5.014749404,1.0,7.094763502,1.0
14787,5.014749404,1.0,4.245903096,1.0
14788,5.014749404,1.0,7.214621746,1.0
14789,5.014749404,1.0,10.116729733,1.0
14790,5.014749404,1.0,8.735817523,1.0
14791,5.014749404,1.0,14.998267347,1.0
14792,5.014749404,1.0,10.123192269,1.0
14793,5.014749404,1.0,7.832158225,1.0
14794,5.014749404,1.0,12.120044245,1.0
14795,5.014749404,1.0,8.148691521,1.0
14796,5.014749404,1.0,4.709903611,1.0
14797,5.014749404,1.0,14.011515573,1.0
14798,11.362555877,1.0,14.744961584,1.0
14799,11.362555877,1.0,7.41032757,1.0
14800,11.362555877,1.0,6.588528896,1.0
14801,11.362555877,1.0,9.223428395,1.0
14802,11.362555877,1.0,3.492015655,1.0
14803,11.362555877,1.0,5.237392338,1.0
14804,11.362555877,1.0,10.277541211,1.0
14805,11.362555877,1.0,7.228822587,1.0
14806,11.362555877,1.0,7.135698552,1.0
14807,11.362555877,1.0,3.799529216,1.0
14808,11.362555877,1.0,7.373882175,1.0
14809,11.362555877,1.0,3.320254456,1.0
14810,11.362555877,1.0,2.197170175,1.0
14811,3.811887281,0.0,14.744961584,1.0
14812,24.145793363,1.0,37.98547584,1.0
14813,24.145793363,1.0,8.38717511,1.0
14814,24.145793363,1.0,4.457214021,1.0
14815,7.227508895,1.0,37.98547584,1.0
14816,7.227508895,1.0,0.3451184811,1.0
14817,7.227508895,1.0,3.529590431,1.0
14818,7.227508895,1.0,4.162390443,1.0
14819,7.227508895,1.0,5.775634328,1.0
14820,7.227508895,1.0,1.930209873,1.0
14821,7.227508895,1.0,15.189863814,1.0
14822,7.227508895,1.0,15.776847279,1.0
14823,7.227508895,1.0,0.182405511,1.0
14824,7.227508895,1.0,7.797062477,1.0
14825,6.503926579,1.0,37.98547584,1.0
14826,6.503926579,1.0,11.574078018,1.0
14827,6.503926579,1.0,12.666276573,1.0
14828,6.503926579,1.0,5.775634328,1.0
14829,6.503926579,1.0,17.86679629,1.0
14830,6.503926579,1.0,11.133808458,1.0
14831,6.503926579,1.0,14.998267347,1.0
14832,6.503926579,1.0,6.963512648,1.0
14833,3.300146839,1.0,4.699347888,1.0
14834,3.300146839,1.0,0.8384482207,1.0
14835,3.300146839,1.0,3.484402046,1.0
14836,8.090140362,1.0,4.699347888,1.0
14837,8.090140362,1.0,0.8219731651,1.0
14838,8.090140362,1.0,1.246961627,1.0
14839,8.090140362,1.0,4.065597994,1.0
14840,8.090140362,1.0,1.155626465,0.0
14841,8.090140362,1.0,1.394490994,0.0
14842,1.838528041,1.0,0.7946927033,1.0
14843,1.838528041,1.0,8.090140362,1.0
14844,1.838528041,1.0,6.604095251,1.0
14845,37.98547584,1.0,1.344673725,1.0
14846,37.98547584,1.0,76.104832671,1.0
14847,37.98547584,1.0,11.574078018,1.0
14848,37.98547584,1.0,12.666276573,1.0
14849,37.98547584,1.0,5.328803376,1.0
14850,37.98547584,1.0,6.049206712,1.0
14851,37.98547584,1.0,5.775634328,1.0
14852,37.98547584,1.0,9.98284207,1.0
14853,37.98547584,1.0,5.816563551,1.0
14854,37.98547584,1.0,5.847750914,1.0
14855,37.98547584,1.0,8.791860278,0.0
14856,37.98547584,1.0,8.102589681,1.0
14857,37.98547584,1.0,11.253524316,1.0
14858,37.98547584,1.0,9.150646684,1.0
14859,37.98547584,1.0,6.719969953,1.0
14860,37.98547584,1.0,25.0116746,1.0
14861,2.435696128,0.0,16.958161255,1.0
14862,2.435696128,0.0,1.246961627,1.0
14863,0.7946927033,1.0,16.958161255,1.0
14864,0.7946927033,1.0,8.090140362,1.0
14865,0.8219731651,1.0,16.958161255,1.0
14866,0.8219731651,1.0,2.028649949,1.0
14867,0.8219731651,1.0,13.760180172,0.0
14868,1.875798661,1.0,16.958161255,1.0
14869,1.875798661,1.0,14.038027143,1.0
14870,1.875798661,1.0,1.719961452,1.0
14871,1.875798661,1.0,2.095835426,1.0
14872,1.875798661,1.0,3.320254456,1.0
14873,1.875798661,1.0,0.7796278929,1.0
14874,11.315364155,1.0,4.633551491,1.0
14875,11.315364155,1.0,4.327998862,1.0
14876,11.315364155,1.0,10.557429856,1.0
14877,11.315364155,1.0,14.011515573,1.0
14878,1.799544375,1.0,4.633551491,1.0
14879,9.223428395,1.0,4.633551491,1.0
14880,9.223428395,1.0,13.445185063,1.0
14881,9.223428395,1.0,5.812994014,0.0
14882,4.628131298,1.0,14.038027143,1.0
14883,4.628131298,1.0,1.838528041,1.0
14884,0.5088358989,1.0,14.038027143,1.0
14885,0.5088358989,1.0,24.395629494,1.0
14886,0.5088358989,1.0,4.315286857,0.0
14887,43.881908864,1.0,14.038027143,1.0
14888,43.881908864,1.0,14.639793863,1.0
14889,43.881908864,1.0,4.09207587,1.0
14890,43.881908864,1.0,3.255616154,1.0
14891,43.881908864,1.0,4.046800418,1.0
14892,43.881908864,1.0,22.78146695,1.0
14893,43.881908864,1.0,10.478257015,1.0
14894,43.881908864,1.0,27.334429574,1.0
14895,43.881908864,1.0,8.188774877,1.0
14896,43.881908864,1.0,4.381866605,1.0
14897,43.881908864,1.0,1.461947367,1.0
14898,43.881908864,1.0,7.076362169,1.0
14899,43.881908864,1.0,18.341066883,1.0
14900,43.881908864,1.0,5.525326408,1.0
14901,43.881908864,1.0,2.829771388,1.0
14902,43.881908864,1.0,10.50722291,1.0
14903,43.881908864,1.0,18.855302324,1.0
14904,43.881908864,1.0,6.026101551,1.0
14905,43.881908864,1.0,5.219724345,1.0
14906,43.881908864,1.0,10.056347203,1.0
14907,43.881908864,1.0,5.538429016,1.0
14908,43.881908864,1.0,91.156961989,1.0
14909,7.098798777,1.0,14.038027143,1.0
14910,7.098798777,1.0,0.5088358989,1.0
14911,1.758055141,1.0,4.628131298,1.0
14912,1.758055141,1.0,3.414323425,1.0
14913,1.758055141,1.0,12.338558256,1.0
14914,1.758055141,1.0,7.622599172,0.0
14915,1.758055141,1.0,15.776847279,1.0
14916,1.897366117,0.0,1.719961452,1.0
14917,1.434826229,1.0,1.719961452,1.0
14918,1.434826229,1.0,8.090140362,1.0
14919,1.434826229,1.0,2.390961954,1.0
14920,5.039131185,1.0,1.758055141,1.0
14921,5.039131185,1.0,0.2598520271,1.0
14922,5.039131185,1.0,2.390961954,1.0
14923,3.422984265,1.0,1.758055141,1.0
14924,3.422984265,1.0,0.2378778019,1.0
14925,3.422984265,1.0,1.380324536,1.0
14926,3.422984265,1.0,7.228822587,1.0
14927,3.422984265,1.0,7.135698552,1.0
14928,3.422984265,1.0,9.150646684,1.0
14929,3.422984265,1.0,46.998665241,1.0
14930,8.617819401,1.0,0.3451184811,1.0
14931,8.617819401,1.0,165.196432139,0.0
14932,8.617819401,1.0,15.240375229,1.0
14933,8.617819401,1.0,8.280750395,1.0
14934,8.617819401,1.0,4.066517949,1.0
14935,8.617819401,1.0,9.565858774,1.0
14936,8.617819401,1.0,6.827557706,1.0
14937,8.617819401,1.0,2.660204161,1.0
14938,8.617819401,1.0,3.367582976,1.0
14939,20.210697959,0.0,2.009909737,0.0
14940,3.219142959,0.0,2.009909737,0.0
14941,7.736976522,1.0,3.757640503,1.0
14942,7.736976522,1.0,5.424393042,1.0
14943,7.736976522,1.0,6.141325198,1.0
14944,7.736976522,1.0,1.807864563,1.0
14945,7.736976522,1.0,2.326729959,1.0
14946,7.736976522,1.0,9.515976293,1.0
14947,7.736976522,1.0,2.982104604,1.0
14948,7.736976522,1.0,2.747730392,1.0
14949,7.736976522,1.0,0.4289517024,1.0
14950,7.736976522,1.0,1.113769575,1.0
14951,7.736976522,1.0,1.653570907,1.0
14952,7.736976522,1.0,15.776847279,1.0
14953,7.736976522,1.0,3.316393044,1.0
14954,7.736976522,1.0,19.845513323,1.0
14955,7.736976522,1.0,4.046228683,1.0
14956,7.736976522,1.0,5.034039929,1.0
14957,1.807864563,1.0,3.757640503,1.0
14958,1.807864563,1.0,39.186740427,0.0
14959,1.807864563,1.0,2.942608565,1.0
14960,1.807864563,1.0,6.109671996,1.0
14961,1.807864563,1.0,2.326729959,1.0
14962,1.807864563,1.0,7.748182289,1.0
14963,1.807864563,1.0,2.825110966,1.0
14964,1.807864563,1.0,9.515976293,1.0
14965,1.807864563,1.0,2.982104604,1.0
14966,1.807864563,1.0,3.267694974,1.0
14967,1.807864563,1.0,3.14654208,1.0
14968,1.807864563,1.0,8.094688499,1.0
14969,0.4289517024,1.0,3.757640503,1.0
14970,0.4289517024,1.0,2.68841294,1.0
14971,0.4289517024,1.0,3.280174261,1.0
14972,0.4289517024,1.0,7.770027438,1.0
14973,0.4289517024,1.0,21.342876657,1.0
14974,0.4289517024,1.0,8.495133609,1.0
14975,0.4289517024,1.0,2.726007976,1.0
14976,0.4289517024,1.0,2.326729959,1.0
14977,0.4289517024,1.0,8.629651598,1.0
14978,0.4289517024,1.0,9.442750188,1.0
14979,0.4289517024,1.0,1.341409792,1.0
14980,0.4289517024,1.0,1.416005328,1.0
14981,0.4289517024,1.0,8.034464228,1.0
14982,0.4289517024,1.0,4.829505682,1.0
14983,0.4289517024,1.0,4.262285822,1.0
14984,4.049552408,1.0,3.757640503,1.0
14985,4.049552408,1.0,2.29377044,1.0
14986,4.049552408,1.0,2.01488985,1.0
14987,5.096361501,1.0,3.757640503,1.0
14988,5.096361501,1.0,14.467004793,1.0
14989,5.096361501,1.0,3.261338689,1.0
14990,5.096361501,1.0,3.316393044,1.0
14991,5.096361501,1.0,2.058667752,1.0
14992,18.521265883,1.0,3.757640503,1.0
14993,18.521265883,1.0,5.424393042,1.0
14994,18.521265883,1.0,6.109671996,1.0
14995,18.521265883,1.0,2.425018168,1.0
14996,18.521265883,1.0,2.326729959,1.0
14997,18.521265883,1.0,9.442750188,1.0
14998,18.521265883,1.0,3.267694974,1.0
14999,18.521265883,1.0,5.096361501,1.0
15000,18.521265883,1.0,6.17753814,1.0
15001,18.521265883,1.0,8.034464228,1.0
15002,18.521265883,1.0,6.477636474,1.0
15003,18.521265883,1.0,6.008748456,1.0
15004,0.3532749374,1.0,3.757640503,1.0
15005,0.3532749374,1.0,3.909467109,1.0
15006,0.3532749374,1.0,20.540037372,1.0
15007,0.3532749374,1.0,5.424393042,1.0
15008,0.3532749374,1.0,30.39277946,1.0
15009,0.3532749374,1.0,21.342876657,1.0
15010,0.3532749374,1.0,8.495133609,1.0
15011,0.3532749374,1.0,2.326729959,1.0
15012,0.3532749374,1.0,2.982104604,1.0
15013,0.3532749374,1.0,49.330409711,1.0
15014,0.3532749374,1.0,6.17753814,1.0
15015,0.3532749374,1.0,4.046228683,1.0
15016,0.3532749374,1.0,5.034039929,1.0
15017,45.854721033,1.0,3.757640503,1.0
15018,45.854721033,1.0,13.012196231,1.0
15019,45.854721033,1.0,3.494992531,1.0
15020,45.854721033,1.0,3.363732976,1.0
15021,45.854721033,1.0,0.7072698146,1.0
15022,45.854721033,1.0,46.94762608,1.0
15023,45.854721033,1.0,21.342876657,1.0
15024,45.854721033,1.0,5.466959489,1.0
15025,45.854721033,1.0,49.330409711,1.0
15026,45.854721033,1.0,5.142898705,1.0
15027,45.854721033,1.0,3.73091468,1.0
15028,45.854721033,1.0,3.350238297,1.0
15029,45.854721033,1.0,7.659051738,1.0
15030,45.854721033,1.0,30.150731299,1.0
15031,45.854721033,1.0,30.637355167,1.0
15032,45.854721033,1.0,3.24512057,1.0
15033,45.854721033,1.0,0.8518332926,1.0
15034,45.854721033,1.0,29.988838829,1.0
15035,45.854721033,1.0,35.190700103,1.0
15036,45.854721033,1.0,27.889315576,1.0
15037,45.854721033,1.0,24.65499671,1.0
15038,7.852596737,0.0,3.757640503,1.0
15039,4.633551491,1.0,11.315364155,1.0
15040,10.277541211,1.0,11.315364155,1.0
15041,10.277541211,1.0,12.10266456,1.0
15042,10.277541211,1.0,1.462530536,1.0
15043,10.277541211,1.0,21.342876657,1.0
15044,10.277541211,1.0,5.189647153,1.0
15045,10.277541211,1.0,8.327704218,1.0
15046,10.277541211,1.0,5.816563551,1.0
15047,10.277541211,1.0,23.163711763,1.0
15048,10.277541211,1.0,5.521065503,1.0
15049,10.277541211,1.0,41.816248515,1.0
15050,10.277541211,1.0,16.219736768,1.0
15051,10.277541211,1.0,8.123570646,1.0
15052,10.277541211,1.0,22.680958327,1.0
15053,10.277541211,1.0,4.381866605,1.0
15054,10.277541211,1.0,33.569029236,1.0
15055,10.277541211,1.0,4.995556646,1.0
15056,10.277541211,1.0,7.135698552,1.0
15057,10.277541211,1.0,11.362555877,1.0
15058,10.277541211,1.0,3.208916221,1.0
15059,10.277541211,1.0,3.320254456,1.0
15060,10.277541211,1.0,1.824459944,1.0
15061,10.277541211,1.0,2.197170175,1.0
15062,10.277541211,1.0,10.557429856,1.0
15063,10.277541211,1.0,18.598069279,1.0
15064,10.277541211,1.0,69.232611588,0.0
15065,10.277541211,1.0,5.639968198,1.0
15066,10.277541211,1.0,5.453609324,1.0
15067,1.739904876,1.0,2.095835426,1.0
15068,1.739904876,1.0,6.850318096,1.0
15069,1.739904876,1.0,1.471527839,1.0
15070,1.739904876,1.0,0.9407205668,1.0
15071,1.739904876,1.0,1.138637038,1.0
15072,1.739904876,1.0,3.320254456,1.0
15073,2.485741944,1.0,2.095835426,1.0
15074,2.485741944,1.0,0.5073452471,1.0
15075,2.485741944,1.0,1.739904876,1.0
15076,2.485741944,1.0,1.138637038,1.0
15077,2.485741944,1.0,1.591252315,1.0
15078,0.3029124476,1.0,2.095835426,1.0
15079,0.3029124476,1.0,1.739904876,1.0
15080,0.3029124476,1.0,2.485741944,1.0
15081,1.591252315,1.0,2.095835426,1.0
15082,1.591252315,1.0,6.850318096,1.0
15083,1.591252315,1.0,0.5073452471,1.0
15084,1.591252315,1.0,1.739904876,1.0
15085,1.591252315,1.0,2.485741944,1.0
15086,1.591252315,1.0,1.138637038,1.0
15087,1.591252315,1.0,10.535936863,1.0
15088,3.320254456,1.0,2.095835426,1.0
15089,3.320254456,1.0,1.124406429,1.0
15090,3.320254456,1.0,0.9407205668,1.0
15091,3.320254456,1.0,0.7245745632,1.0
15092,3.320254456,1.0,1.739904876,1.0
15093,3.320254456,1.0,5.521065503,1.0
15094,3.320254456,1.0,6.561641533,1.0
15095,3.320254456,1.0,7.228822587,1.0
15096,3.320254456,1.0,3.208916221,1.0
15097,3.320254456,1.0,1.824459944,1.0
15098,3.320254456,1.0,9.153441064,1.0
15099,3.320254456,1.0,46.998665241,1.0
15100,0.9345176651,1.0,1.864138708,1.0
15101,0.9345176651,1.0,2.921492185,1.0
15102,4.049015033,1.0,1.864138708,1.0
15103,4.049015033,1.0,3.119704196,1.0
15104,4.049015033,1.0,1.518626966,1.0
15105,4.049015033,1.0,1.66895996,1.0
15106,4.049015033,1.0,2.074770717,1.0
15107,4.049015033,1.0,7.8698833,1.0
15108,4.049015033,1.0,10.535936863,1.0
15109,4.049015033,1.0,8.279121697,1.0
15110,4.049015033,1.0,2.715038263,1.0
15111,15.870165456,1.0,1.864138708,1.0
15112,15.870165456,1.0,4.375431128,1.0
15113,15.870165456,1.0,4.049015033,1.0
15114,15.870165456,1.0,21.342876657,1.0
15115,15.870165456,1.0,3.124702326,1.0
15116,15.870165456,1.0,3.288067738,1.0
15117,15.870165456,1.0,12.671115978,1.0
15118,15.870165456,1.0,35.840505224,1.0
15119,15.870165456,1.0,6.026101551,1.0
15120,15.870165456,1.0,8.070385649,1.0
15121,1.246961627,1.0,0.8219731651,1.0
15122,1.246961627,1.0,1.470469781,0.0
15123,1.246961627,1.0,4.065597994,1.0
15124,1.246961627,1.0,13.760180172,0.0
15125,8.279121697,1.0,0.8219731651,1.0
15126,6.904083149,1.0,4.631218578,1.0
15127,6.904083149,1.0,76.104832671,1.0
15128,6.904083149,1.0,4.457214021,1.0
15129,6.904083149,1.0,1.213275618,1.0
15130,6.904083149,1.0,9.98284207,1.0
15131,6.904083149,1.0,629.457019025,1.0
15132,6.904083149,1.0,22.78146695,1.0
15133,6.904083149,1.0,21.342876657,1.0
15134,6.904083149,1.0,21.47320625,1.0
15135,6.904083149,1.0,10.561206156,1.0
15136,6.904083149,1.0,16.746607955,1.0
15137,6.904083149,1.0,15.189863814,1.0
15138,6.904083149,1.0,7.440375649,1.0
15139,6.904083149,1.0,8.020350441,1.0
15140,6.904083149,1.0,5.816563551,1.0
15141,6.904083149,1.0,5.913494239,1.0
15142,6.904083149,1.0,6.588528896,1.0
15143,6.904083149,1.0,6.063404837,1.0
15144,6.904083149,1.0,29.064479699,1.0
15145,6.904083149,1.0,23.163711763,1.0
15146,6.904083149,1.0,8.078335378,1.0
15147,6.904083149,1.0,4.063647561,1.0
15148,6.904083149,1.0,13.445185063,1.0
15149,6.904083149,1.0,22.680958327,1.0
15150,6.904083149,1.0,3.647826401,1.0
15151,6.904083149,1.0,18.598069279,1.0
15152,6.904083149,1.0,10.235504409,1.0
15153,6.904083149,1.0,35.190700103,1.0
15154,6.904083149,1.0,7.879326678,1.0
15155,1.496756436,1.0,4.631218578,1.0
15156,1.496756436,1.0,2.256347299,1.0
15157,1.496756436,1.0,3.181592814,1.0
15158,1.496756436,1.0,1.82620263,1.0
15159,1.470469781,0.0,10.444286214,0.0
15160,13.092587036,1.0,3.909467109,1.0
15161,13.092587036,1.0,18.92806364,1.0
15162,13.092587036,1.0,3.688305801,1.0
15163,13.092587036,1.0,1.999447028,1.0
15164,13.092587036,1.0,1.681462384,1.0
15165,13.092587036,1.0,10.695111153,1.0
15166,13.092587036,1.0,2.661209826,1.0
15167,13.092587036,1.0,5.424393042,1.0
15168,13.092587036,1.0,3.341894097,1.0
15169,13.092587036,1.0,6.141325198,1.0
15170,13.092587036,1.0,7.770027438,1.0
15171,13.092587036,1.0,3.436895491,1.0
15172,13.092587036,1.0,3.697724209,1.0
15173,13.092587036,1.0,6.604095251,1.0
15174,13.092587036,1.0,23.009498747,1.0
15175,13.092587036,1.0,5.756985413,1.0
15176,13.092587036,1.0,1.426097319,1.0
15177,13.092587036,1.0,10.349034039,1.0
15178,13.092587036,1.0,11.305962931,1.0
15179,13.092587036,1.0,6.396409402,1.0
15180,13.092587036,1.0,3.071931185,1.0
15181,13.092587036,1.0,7.048802068,0.0
15182,13.092587036,1.0,8.573559835,0.0
15183,13.092587036,1.0,4.690452556,1.0
15184,13.092587036,1.0,12.307254829,1.0
15185,13.092587036,1.0,5.306124882,1.0
15186,13.092587036,1.0,23.450551653,1.0
15187,13.092587036,1.0,4.562011581,1.0
15188,13.092587036,1.0,6.878149792,1.0
15189,13.092587036,1.0,7.986422452,1.0
15190,13.092587036,1.0,4.743119874,1.0
15191,13.092587036,1.0,11.149848577,1.0
15192,13.092587036,1.0,3.822486041,1.0
15193,13.092587036,1.0,1.188412879,1.0
15194,13.092587036,1.0,24.65499671,1.0
15195,13.092587036,1.0,10.088455912,1.0
15196,13.092587036,1.0,3.287873652,1.0
15197,13.092587036,1.0,0.3344836215,1.0
15198,13.092587036,1.0,1.280519931,1.0
15199,13.092587036,1.0,4.818576649,1.0
15200,13.092587036,1.0,9.565858774,1.0
15201,13.092587036,1.0,4.91908351,1.0
15202,13.092587036,1.0,54.237297373,1.0
15203,2.942608565,1.0,3.909467109,1.0
15204,2.942608565,1.0,18.95354209,1.0
15205,2.942608565,1.0,3.062796437,1.0
15206,2.942608565,1.0,30.39277946,1.0
15207,2.942608565,1.0,3.280174261,1.0
15208,2.942608565,1.0,21.342876657,1.0
15209,2.942608565,1.0,1.169372331,1.0
15210,2.942608565,1.0,1.807864563,1.0
15211,2.942608565,1.0,8.495133609,1.0
15212,2.942608565,1.0,2.326729959,1.0
15213,2.942608565,1.0,9.515976293,1.0
15214,2.942608565,1.0,0.4289517024,1.0
15215,2.942608565,1.0,6.17753814,1.0
15216,2.942608565,1.0,3.696128234,1.0
15217,2.942608565,1.0,3.071931185,1.0
15218,2.942608565,1.0,4.690452556,1.0
15219,2.942608565,1.0,1.93329749,1.0
15220,2.942608565,1.0,1.419281651,1.0
15221,2.942608565,1.0,4.979689688,1.0
15222,2.942608565,1.0,12.780643481,1.0
15223,2.942608565,1.0,8.034464228,1.0
15224,2.942608565,1.0,7.852596737,0.0
15225,2.942608565,1.0,7.622568974,1.0
15226,2.942608565,1.0,1.400644306,1.0
15227,2.942608565,1.0,6.3099015,1.0
15228,2.942608565,1.0,7.036139984,1.0
15229,2.942608565,1.0,5.445606096,1.0
15230,11.149848577,1.0,3.909467109,1.0
15231,11.149848577,1.0,18.92806364,1.0
15232,11.149848577,1.0,3.414323425,1.0
15233,11.149848577,1.0,10.582231785,1.0
15234,11.149848577,1.0,3.436895491,1.0
15235,11.149848577,1.0,9.134226434,1.0
15236,11.149848577,1.0,3.822486041,1.0
15237,4.627303628,1.0,3.909467109,1.0
15238,4.627303628,1.0,18.95354209,1.0
15239,4.627303628,1.0,13.88327424,1.0
15240,4.627303628,1.0,15.733724505,1.0
15241,4.627303628,1.0,21.80995475,1.0
15242,4.627303628,1.0,0.7072698146,1.0
15243,4.627303628,1.0,3.341894097,1.0
15244,4.627303628,1.0,5.646775288,0.0
15245,4.627303628,1.0,4.818425218,1.0
15246,4.627303628,1.0,5.466959489,1.0
15247,4.627303628,1.0,5.756985413,1.0
15248,4.627303628,1.0,6.109671996,1.0
15249,4.627303628,1.0,2.326080633,1.0
15250,4.627303628,1.0,3.696128234,1.0
15251,4.627303628,1.0,6.977362658,1.0
15252,4.627303628,1.0,3.372868411,0.0
15253,4.627303628,1.0,6.396409402,1.0
15254,4.627303628,1.0,3.238436483,1.0
15255,4.627303628,1.0,5.844142797,0.0
15256,4.627303628,1.0,5.962928218,1.0
15257,4.627303628,1.0,9.885977802,1.0
15258,4.627303628,1.0,3.378924377,1.0
15259,4.627303628,1.0,9.74202609,1.0
15260,4.627303628,1.0,5.538429016,1.0
15261,5.823561992,1.0,3.909467109,1.0
15262,5.823561992,1.0,1.681462384,1.0
15263,5.823561992,1.0,1.086237838,1.0
15264,5.823561992,1.0,21.80995475,1.0
15265,5.823561992,1.0,14.075695698,1.0
15266,5.823561992,1.0,10.349034039,1.0
15267,5.823561992,1.0,6.396409402,1.0
15268,5.823561992,1.0,18.00089822,1.0
15269,5.823561992,1.0,3.238436483,1.0
15270,5.823561992,1.0,4.753731003,1.0
15271,5.823561992,1.0,8.334980135,1.0
15272,5.823561992,1.0,39.845944866,1.0
15273,29.457087968,1.0,0.147742687,1.0
15274,29.457087968,1.0,10.653092482,1.0
15275,29.457087968,1.0,53.620745395,1.0
15276,29.457087968,1.0,8.552039371,0.0
15277,29.457087968,1.0,10.628219003,1.0
15278,29.457087968,1.0,6.173098905,1.0
15279,29.457087968,1.0,14.344899689,1.0
15280,29.457087968,1.0,15.925449164,1.0
15281,29.457087968,1.0,20.838285529,1.0
15282,29.457087968,1.0,4.124741698,1.0
15283,29.457087968,1.0,2.649064229,1.0
15284,29.457087968,1.0,11.740665257,1.0
15285,29.457087968,1.0,3.970810804,1.0
15286,29.457087968,1.0,4.995556646,1.0
15287,29.457087968,1.0,19.467428092,1.0
15288,29.457087968,1.0,19.694973874,1.0
15289,29.457087968,1.0,8.445477148,0.0
15290,29.457087968,1.0,6.932955197,1.0
15291,9.565858774,1.0,0.147742687,1.0
15292,9.565858774,1.0,3.300146839,1.0
15293,9.565858774,1.0,5.082210723,1.0
15294,9.565858774,1.0,4.134774924,1.0
15295,9.565858774,1.0,3.697724209,1.0
15296,9.565858774,1.0,6.066736314,1.0
15297,9.565858774,1.0,9.71155112,1.0
15298,9.565858774,1.0,3.350238297,1.0
15299,9.565858774,1.0,9.936302085,1.0
15300,9.565858774,1.0,7.170901694,1.0
15301,9.565858774,1.0,1.589522563,0.0
15302,9.565858774,1.0,0.8679306657,1.0
15303,9.565858774,1.0,4.91927798,1.0
15304,9.565858774,1.0,14.86461468,1.0
15305,9.565858774,1.0,4.427730716,1.0
15306,13.355967806,1.0,3.873068613,1.0
15307,13.355967806,1.0,10.181441025,1.0
15308,13.355967806,1.0,629.457019025,1.0
15309,13.355967806,1.0,46.94762608,1.0
15310,13.355967806,1.0,2.413486533,1.0
15311,13.355967806,1.0,1.292826324,1.0
15312,13.355967806,1.0,3.470926565,0.0
15313,13.355967806,1.0,1.20479175,1.0
15314,13.355967806,1.0,21.17309223,1.0
15315,2.104971415,1.0,3.873068613,1.0
15316,2.104971415,1.0,1.434826229,1.0
15317,0.8384482207,1.0,3.873068613,1.0
15318,0.8384482207,1.0,20.210697959,0.0
15319,3.292996031,1.0,13.61728709,1.0
15320,3.292996031,1.0,13.86957637,1.0
15321,3.292996031,1.0,5.95779745,1.0
15322,3.292996031,1.0,1.618033423,1.0
15323,3.292996031,1.0,13.012196231,1.0
15324,3.292996031,1.0,3.494992531,1.0
15325,3.292996031,1.0,3.901493385,1.0
15326,3.292996031,1.0,21.80995475,1.0
15327,3.292996031,1.0,2.138567555,1.0
15328,3.292996031,1.0,4.895174175,1.0
15329,1.618033423,1.0,13.61728709,1.0
15330,1.618033423,1.0,13.86957637,1.0
15331,1.618033423,1.0,5.95779745,1.0
15332,1.618033423,1.0,3.292996031,1.0
15333,1.618033423,1.0,13.012196231,1.0
15334,1.618033423,1.0,3.494992531,1.0
15335,1.618033423,1.0,3.901493385,1.0
15336,1.618033423,1.0,4.168654522,1.0
15337,1.618033423,1.0,5.693360228,1.0
15338,1.618033423,1.0,2.526151503,1.0
15339,1.618033423,1.0,1.280519931,1.0
15340,1.618033423,1.0,4.895174175,1.0
15341,3.901493385,1.0,13.61728709,1.0
15342,3.901493385,1.0,13.86957637,1.0
15343,3.901493385,1.0,5.95779745,1.0
15344,3.901493385,1.0,3.292996031,1.0
15345,3.901493385,1.0,1.618033423,1.0
15346,3.901493385,1.0,13.012196231,1.0
15347,3.901493385,1.0,3.494992531,1.0
15348,3.901493385,1.0,3.352271824,1.0
15349,3.901493385,1.0,4.59696749,1.0
15350,3.901493385,1.0,10.695111153,1.0
15351,3.901493385,1.0,8.804730121,1.0
15352,3.901493385,1.0,2.526151503,1.0
15353,3.901493385,1.0,40.778303484,1.0
15354,3.901493385,1.0,8.32811975,1.0
15355,3.901493385,1.0,4.408001027,1.0
15356,3.901493385,1.0,1.455553639,1.0
15357,3.901493385,1.0,10.397099174,1.0
15358,40.880111633,0.0,13.61728709,1.0
15359,40.880111633,0.0,73.678253805,0.0
15360,40.880111633,0.0,8.364312963,0.0
15361,40.880111633,0.0,12.034296163,0.0
15362,40.880111633,0.0,2.148455503,1.0
15363,166.000472564,0.0,13.61728709,1.0
15364,166.000472564,0.0,299.511290686,0.0
15365,166.000472564,0.0,557.341013159,0.0
15366,4.557235008,1.0,13.61728709,1.0
15367,4.557235008,1.0,1.618033423,1.0
15368,4.557235008,1.0,2.115961101,1.0
15369,4.557235008,1.0,15.733724505,1.0
15370,4.557235008,1.0,13.675393622,1.0
15371,4.168654522,1.0,13.61728709,1.0
15372,4.168654522,1.0,10.025288705,1.0
15373,4.168654522,1.0,5.920090744,1.0
15374,4.168654522,1.0,10.845083849,1.0
15375,4.168654522,1.0,4.59696749,1.0
15376,4.168654522,1.0,1.736117295,1.0
15377,4.168654522,1.0,0.1958913398,1.0
15378,0.1958913398,1.0,13.61728709,1.0
15379,0.1958913398,1.0,3.660314357,1.0
15380,0.1958913398,1.0,13.88327424,1.0
15381,0.1958913398,1.0,10.845083849,1.0
15382,0.1958913398,1.0,0.9830764551,1.0
15383,0.1958913398,1.0,15.733724505,1.0
15384,0.1958913398,1.0,5.554604713,1.0
15385,0.1958913398,1.0,2.138567555,1.0
15386,2.257905961,1.0,13.61728709,1.0
15387,2.257905961,1.0,13.86957637,1.0
15388,2.257905961,1.0,5.113142616,1.0
15389,2.257905961,1.0,1.114800644,1.0
15390,2.257905961,1.0,3.0029365,1.0
15391,2.257905961,1.0,5.971852864,1.0
15392,2.257905961,1.0,2.942608565,1.0
15393,2.257905961,1.0,22.627451627,1.0
15394,2.257905961,1.0,7.748182289,1.0
15395,2.257905961,1.0,12.671115978,1.0
15396,2.257905961,1.0,30.150731299,1.0
15397,1.286863813,1.0,13.61728709,1.0
15398,1.286863813,1.0,153.378432818,1.0
15399,1.286863813,1.0,4.59696749,1.0
15400,1.286863813,1.0,8.177023242,0.0
15401,1.286863813,1.0,2.301450275,1.0
15402,15.925449164,1.0,13.61728709,1.0
15403,15.925449164,1.0,76.104832671,1.0
15404,15.925449164,1.0,22.78146695,1.0
15405,15.925449164,1.0,53.620745395,1.0
15406,15.925449164,1.0,8.552039371,0.0
15407,15.925449164,1.0,10.628219003,1.0
15408,15.925449164,1.0,6.173098905,1.0
15409,15.925449164,1.0,14.344899689,1.0
15410,15.925449164,1.0,20.838285529,1.0
15411,15.925449164,1.0,4.124741698,1.0
15412,15.925449164,1.0,29.457087968,1.0
15413,15.925449164,1.0,3.970810804,1.0
15414,15.925449164,1.0,15.066753188,1.0
15415,15.925449164,1.0,6.588528896,1.0
15416,15.925449164,1.0,9.761304358,1.0
15417,15.925449164,1.0,7.454794161,1.0
15418,15.925449164,1.0,8.295439778,1.0
15419,15.925449164,1.0,6.480753385,1.0
15420,15.925449164,1.0,16.073363508,1.0
15421,15.925449164,1.0,19.467428092,1.0
15422,15.925449164,1.0,4.818576649,1.0
15423,15.925449164,1.0,4035.268876807,0.0
15424,15.925449164,1.0,6.932955197,1.0
15425,9.515976293,1.0,13.61728709,1.0
15426,9.515976293,1.0,23.127912882,1.0
15427,9.515976293,1.0,7.500010293,1.0
15428,9.515976293,1.0,12.644266328,1.0
15429,9.515976293,1.0,153.378432818,1.0
15430,9.515976293,1.0,3.050570362,1.0
15431,9.515976293,1.0,2.084139887,0.0
15432,9.515976293,1.0,5.424393042,1.0
15433,9.515976293,1.0,6.563758561,1.0
15434,9.515976293,1.0,30.39277946,1.0
15435,9.515976293,1.0,3.280174261,1.0
15436,9.515976293,1.0,46.94762608,1.0
15437,9.515976293,1.0,22.880030432,1.0
15438,9.515976293,1.0,2.942608565,1.0
15439,9.515976293,1.0,5.466959489,1.0
15440,9.515976293,1.0,7.763450156,1.0
15441,9.515976293,1.0,5.756985413,1.0
15442,9.515976293,1.0,8.495133609,1.0
15443,9.515976293,1.0,2.326729959,1.0
15444,9.515976293,1.0,1.496756436,1.0
15445,9.515976293,1.0,2.747730392,1.0
15446,9.515976293,1.0,0.4289517024,1.0
15447,9.515976293,1.0,13.445185063,1.0
15448,9.515976293,1.0,3.361155625,1.0
15449,9.515976293,1.0,18.521265883,1.0
15450,9.515976293,1.0,6.17753814,1.0
15451,9.515976293,1.0,3.372868411,0.0
15452,9.515976293,1.0,1.93329749,1.0
15453,9.515976293,1.0,1.25709916,1.0
15454,9.515976293,1.0,5.306124882,1.0
15455,9.515976293,1.0,23.450551653,1.0
15456,9.515976293,1.0,0.7346031658,1.0
15457,9.515976293,1.0,4.995556646,1.0
15458,9.515976293,1.0,6.878149792,1.0
15459,9.515976293,1.0,7.986422452,1.0
15460,9.515976293,1.0,13.070268138,1.0
15461,9.515976293,1.0,0.3532749374,1.0
15462,9.515976293,1.0,1.416005328,1.0
15463,9.515976293,1.0,8.034464228,1.0
15464,9.515976293,1.0,7.491649438,1.0
15465,9.515976293,1.0,6.008748456,1.0
15466,9.515976293,1.0,2.301450275,1.0
15467,9.515976293,1.0,10.397099174,1.0
15468,9.515976293,1.0,4.262285822,1.0
15469,4.193583381,1.0,13.61728709,1.0
15470,4.193583381,1.0,6.129802768,1.0
15471,4.193583381,1.0,6.05151979,1.0
15472,4.193583381,1.0,21.342876657,1.0
15473,4.193583381,1.0,1.21352677,1.0
15474,4.193583381,1.0,15.776847279,1.0
15475,4.193583381,1.0,11.809729744,1.0
15476,4.193583381,1.0,16.986753427,1.0
15477,4.193583381,1.0,6.394778045,1.0
15478,4.193583381,1.0,28.598737411,1.0
15479,4.193583381,1.0,19.806237448,1.0
15480,4.193583381,1.0,18.00089822,1.0
15481,4.193583381,1.0,3.811754697,1.0
15482,4.193583381,1.0,6.816885683,1.0
15483,4.193583381,1.0,1.213586358,1.0
15484,4.193583381,1.0,4.045987677,1.0
15485,4.193583381,1.0,5.447870108,1.0
15486,4.193583381,1.0,3.560045955,1.0
15487,4.193583381,1.0,18.99975294,1.0
15488,4.193583381,1.0,8.516840935,1.0
15489,4.193583381,1.0,25.0116746,1.0
15490,2.526151503,1.0,13.61728709,1.0
15491,2.526151503,1.0,13.86957637,1.0
15492,2.526151503,1.0,3.292996031,1.0
15493,2.526151503,1.0,1.618033423,1.0
15494,2.526151503,1.0,13.012196231,1.0
15495,2.526151503,1.0,9.557871275,1.0
15496,2.526151503,1.0,10.845083849,1.0
15497,2.526151503,1.0,2.115961101,1.0
15498,2.526151503,1.0,15.733724505,1.0
15499,2.526151503,1.0,1.086237838,1.0
15500,2.526151503,1.0,3.436895491,1.0
15501,2.526151503,1.0,2.138567555,1.0
15502,2.526151503,1.0,4.895174175,1.0
15503,2.526151503,1.0,6.954165906,1.0
15504,6.477636474,1.0,13.61728709,1.0
15505,6.477636474,1.0,2.271211233,1.0
15506,6.477636474,1.0,6.396409402,1.0
15507,6.477636474,1.0,5.844142797,0.0
15508,6.477636474,1.0,5.823561992,1.0
15509,0.6316603566,0.0,13.61728709,1.0
15510,12.042848406,1.0,13.86957637,1.0
15511,12.042848406,1.0,1.516380213,1.0
15512,12.042848406,1.0,1.222337511,1.0
15513,12.042848406,1.0,4.59696749,1.0
15514,12.042848406,1.0,20.540037372,1.0
15515,9.557871275,1.0,13.86957637,1.0
15516,9.557871275,1.0,13.012196231,1.0
15517,9.557871275,1.0,3.494992531,1.0
15518,9.557871275,1.0,18.92806364,1.0
15519,9.557871275,1.0,4.399667024,1.0
15520,9.557871275,1.0,1.736117295,1.0
15521,9.557871275,1.0,15.733724505,1.0
15522,9.557871275,1.0,4.168654522,1.0
15523,9.557871275,1.0,0.1958913398,1.0
15524,9.557871275,1.0,5.554604713,1.0
15525,9.557871275,1.0,1.402524531,1.0
15526,9.557871275,1.0,5.306124882,1.0
15527,9.557871275,1.0,24.65499671,1.0
15528,9.557871275,1.0,4.818576649,1.0
15529,7.094234271,1.0,13.86957637,1.0
15530,7.094234271,1.0,3.901493385,1.0
15531,7.094234271,1.0,1.186856672,1.0
15532,7.094234271,1.0,10.397099174,1.0
15533,7.094234271,1.0,6.208512798,1.0
15534,3.0029365,1.0,13.86957637,1.0
15535,3.0029365,1.0,3.66616111,1.0
15536,1.086237838,1.0,13.86957637,1.0
15537,1.086237838,1.0,3.494992531,1.0
15538,1.086237838,1.0,5.146293333,1.0
15539,1.086237838,1.0,2.526151503,1.0
15540,1.086237838,1.0,6.954165906,1.0
15541,2.606985069,1.0,13.86957637,1.0
15542,3.280174261,1.0,13.86957637,1.0
15543,3.280174261,1.0,13.012196231,1.0
15544,3.280174261,1.0,3.901493385,1.0
15545,3.280174261,1.0,12.644266328,1.0
15546,3.280174261,1.0,30.39277946,1.0
15547,3.280174261,1.0,7.770027438,1.0
15548,3.280174261,1.0,2.726007976,1.0
15549,3.280174261,1.0,2.425018168,1.0
15550,3.280174261,1.0,7.748182289,1.0
15551,3.280174261,1.0,5.146293333,1.0
15552,3.280174261,1.0,9.515976293,1.0
15553,3.280174261,1.0,2.982104604,1.0
15554,3.280174261,1.0,13.445185063,1.0
15555,3.280174261,1.0,6.17753814,1.0
15556,3.280174261,1.0,1.25709916,1.0
15557,3.280174261,1.0,4.829505682,1.0
15558,6.109671996,1.0,13.86957637,1.0
15559,6.109671996,1.0,2.203857633,1.0
15560,6.109671996,1.0,12.644266328,1.0
15561,6.109671996,1.0,30.39277946,1.0
15562,6.109671996,1.0,3.280174261,1.0
15563,6.109671996,1.0,3.441904024,1.0
15564,6.109671996,1.0,21.342876657,1.0
15565,6.109671996,1.0,9.643040622,1.0
15566,6.109671996,1.0,3.697724209,1.0
15567,6.109671996,1.0,2.942608565,1.0
15568,6.109671996,1.0,2.726007976,1.0
15569,6.109671996,1.0,7.748182289,1.0
15570,6.109671996,1.0,5.146293333,1.0
15571,6.109671996,1.0,9.442750188,1.0
15572,6.109671996,1.0,2.747730392,1.0
15573,6.109671996,1.0,442.31224115,0.0
15574,6.109671996,1.0,0.4289517024,1.0
15575,6.109671996,1.0,3.261338689,1.0
15576,6.109671996,1.0,1.113769575,1.0
15577,6.109671996,1.0,3.361155625,1.0
15578,6.109671996,1.0,18.521265883,1.0
15579,6.109671996,1.0,1.653570907,1.0
15580,6.109671996,1.0,22.680958327,1.0
15581,6.109671996,1.0,1.93329749,1.0
15582,6.109671996,1.0,2.345714065,1.0
15583,6.109671996,1.0,3.316393044,1.0
15584,6.109671996,1.0,2.058667752,1.0
15585,6.109671996,1.0,4.829505682,1.0
15586,10.123192269,1.0,13.86957637,1.0
15587,10.123192269,1.0,13.012196231,1.0
15588,10.123192269,1.0,2.257905961,1.0
15589,10.123192269,1.0,46.94762608,1.0
15590,10.123192269,1.0,6.063404837,1.0
15591,10.123192269,1.0,14.075695698,1.0
15592,10.123192269,1.0,5.32825762,1.0
15593,10.123192269,1.0,15.611347975,1.0
15594,10.123192269,1.0,7.094763502,1.0
15595,10.123192269,1.0,4.245903096,1.0
15596,10.123192269,1.0,7.214621746,1.0
15597,10.123192269,1.0,10.116729733,1.0
15598,10.123192269,1.0,8.735817523,1.0
15599,10.123192269,1.0,14.998267347,1.0
15600,10.123192269,1.0,5.014749404,1.0
15601,10.123192269,1.0,4.060263375,1.0
15602,10.123192269,1.0,7.165161717,1.0
15603,10.123192269,1.0,4.984751974,1.0
15604,10.123192269,1.0,6.472934546,1.0
15605,10.123192269,1.0,12.120044245,1.0
15606,10.123192269,1.0,8.50266253,1.0
15607,10.123192269,1.0,8.148691521,1.0
15608,10.123192269,1.0,4.709903611,1.0
15609,10.123192269,1.0,10.006734416,1.0
15610,10.123192269,1.0,7.750732528,1.0
15611,10.123192269,1.0,12.835121545,1.0
15612,10.123192269,1.0,37.938945266,1.0
15613,10.123192269,1.0,6.790219312,1.0
15614,10.123192269,1.0,8.094688499,1.0
15615,10.123192269,1.0,27.455093588,0.0
15616,10.123192269,1.0,5.02729186,1.0
15617,10.123192269,1.0,16.732592538,1.0
15618,10.123192269,1.0,22.431469976,0.0
15619,10.123192269,1.0,8.629413317,1.0
15620,10.123192269,1.0,12.023650799,1.0
15621,10.123192269,1.0,21.17309223,1.0
15622,3.353531592,0.0,5.95779745,1.0
15623,3.353531592,0.0,4.333050957,0.0
15624,3.353531592,0.0,6.384550977,0.0
15625,3.353531592,0.0,9.722560875,0.0
15626,3.353531592,0.0,6.907984275,0.0
15627,3.353531592,0.0,1.906842655,0.0
15628,3.353531592,0.0,7.048802068,0.0
15629,3.353531592,0.0,9.948752647,0.0
15630,3.353531592,0.0,84.435994812,0.0
15631,17.625436226,1.0,3.292996031,1.0
15632,17.625436226,1.0,1.114800644,1.0
15633,17.625436226,1.0,1.222337511,1.0
15634,17.625436226,1.0,7.094234271,1.0
15635,17.625436226,1.0,15.733724505,1.0
15636,3.341894097,1.0,3.292996031,1.0
15637,3.341894097,1.0,2.484388825,0.0
15638,3.341894097,1.0,2.326080633,1.0
15639,3.341894097,1.0,11.305962931,1.0
15640,3.341894097,1.0,6.977362658,1.0
15641,3.341894097,1.0,6.396409402,1.0
15642,3.341894097,1.0,18.00089822,1.0
15643,3.341894097,1.0,18.99975294,1.0
15644,3.341894097,1.0,12.307254829,1.0
15645,3.341894097,1.0,0.3654834683,1.0
15646,3.341894097,1.0,3.287873652,1.0
15647,6.954165906,1.0,3.292996031,1.0
15648,6.954165906,1.0,13.012196231,1.0
15649,6.954165906,1.0,3.494992531,1.0
15650,6.954165906,1.0,1.086237838,1.0
15651,6.954165906,1.0,2.526151503,1.0
15652,4.59696749,1.0,1.618033423,1.0
15653,4.59696749,1.0,3.494992531,1.0
15654,4.59696749,1.0,1.191753044,1.0
15655,4.59696749,1.0,97.392731161,1.0
15656,4.59696749,1.0,10.013880072,1.0
15657,4.59696749,1.0,5.854779429,1.0
15658,4.59696749,1.0,6.208512798,1.0
15659,282.447309949,1.0,13.012196231,1.0
15660,282.447309949,1.0,24.145793363,1.0
15661,282.447309949,1.0,5.816563551,1.0
15662,282.447309949,1.0,5.096383561,1.0
15663,4.04841049,1.0,13.012196231,1.0
15664,4.04841049,1.0,9.047296648,1.0
15665,4.04841049,1.0,9.557871275,1.0
15666,4.04841049,1.0,5.920090744,1.0
15667,4.04841049,1.0,153.378432818,1.0
15668,4.04841049,1.0,20.540037372,1.0
15669,4.04841049,1.0,3.021146021,0.0
15670,4.04841049,1.0,6.489954121,1.0
15671,0.4257586632,1.0,13.012196231,1.0
15672,23.506272743,0.0,13.012196231,1.0
15673,23.506272743,0.0,1.535356158,0.0
15674,23.506272743,0.0,6.194873255,0.0
15675,23.506272743,0.0,8.582386618,0.0
15676,27.455093588,0.0,13.012196231,1.0
15677,27.455093588,0.0,6.649897259,1.0
15678,27.455093588,0.0,160.643460126,0.0
15679,27.455093588,0.0,29.277283858,0.0
15680,27.455093588,0.0,25.448562517,0.0
15681,27.455093588,0.0,26.964553761,0.0
15682,27.455093588,0.0,25.388131117,0.0
15683,27.455093588,0.0,39.186740427,0.0
15684,27.455093588,0.0,5.943829326,0.0
15685,27.455093588,0.0,8.543727113,0.0
15686,27.455093588,0.0,26.951913011,0.0
15687,27.455093588,0.0,87.232541053,0.0
15688,27.455093588,0.0,18.425664971,0.0
15689,27.455093588,0.0,35.374851173,0.0
15690,27.455093588,0.0,68.828085539,0.0
15691,27.455093588,0.0,13.40154723,0.0
15692,27.455093588,0.0,30.957578952,0.0
15693,27.455093588,0.0,61.033765457,0.0
15694,27.455093588,0.0,28.141081071,0.0
15695,27.455093588,0.0,18.91100563,0.0
15696,27.455093588,0.0,5.526283878,0.0
15697,27.455093588,0.0,5.701306421,0.0
15698,9.820527386,1.0,13.012196231,1.0
15699,9.820527386,1.0,4.193289994,1.0
15700,9.820527386,1.0,7.500010293,1.0
15701,9.820527386,1.0,153.378432818,1.0
15702,9.820527386,1.0,0.9994807523,1.0
15703,9.820527386,1.0,1.380324536,1.0
15704,9.820527386,1.0,19.806237448,1.0
15705,9.820527386,1.0,7.076362169,1.0
15706,9.820527386,1.0,6.305349834,1.0
15707,9.820527386,1.0,5.306124882,1.0
15708,9.820527386,1.0,4.627303628,1.0
15709,9.820527386,1.0,4.818576649,1.0
15710,9.820527386,1.0,5.257523475,1.0
15711,9.820527386,1.0,3.764193323,1.0
15712,9.820527386,1.0,7.036139984,1.0
15713,2.018705924,1.0,3.494992531,1.0
15714,2.018705924,1.0,2.674431368,1.0
15715,2.018705924,1.0,12.042848406,1.0
15716,2.018705924,1.0,153.378432818,1.0
15717,2.018705924,1.0,2.115961101,1.0
15718,2.018705924,1.0,1.998908817,1.0
15719,2.018705924,1.0,4.723954086,1.0
15720,5.554604713,1.0,3.494992531,1.0
15721,5.554604713,1.0,3.660314357,1.0
15722,5.554604713,1.0,9.557871275,1.0
15723,5.554604713,1.0,5.920090744,1.0
15724,5.554604713,1.0,153.378432818,1.0
15725,5.554604713,1.0,8.655801073,1.0
15726,5.554604713,1.0,23.449607505,1.0
15727,5.554604713,1.0,2.526151503,1.0
15728,5.554604713,1.0,1.455553639,1.0
15729,2.294374038,1.0,3.494992531,1.0
15730,2.294374038,1.0,18.95354209,1.0
15731,2.294374038,1.0,5.920090744,1.0
15732,2.294374038,1.0,5.209010614,1.0
15733,2.294374038,1.0,4.672049272,1.0
15734,2.294374038,1.0,0.8000162359,1.0
15735,2.294374038,1.0,5.382430013,1.0
15736,30.39277946,1.0,3.494992531,1.0
15737,30.39277946,1.0,2.869133341,1.0
15738,30.39277946,1.0,12.644266328,1.0
15739,30.39277946,1.0,3.280174261,1.0
15740,30.39277946,1.0,21.342876657,1.0
15741,30.39277946,1.0,5.756985413,1.0
15742,30.39277946,1.0,6.109671996,1.0
15743,30.39277946,1.0,5.146293333,1.0
15744,30.39277946,1.0,9.515976293,1.0
15745,30.39277946,1.0,9.442750188,1.0
15746,30.39277946,1.0,2.747730392,1.0
15747,30.39277946,1.0,4.115432502,1.0
15748,30.39277946,1.0,4.300773021,1.0
15749,30.39277946,1.0,7.228822587,1.0
15750,30.39277946,1.0,4.995556646,1.0
15751,30.39277946,1.0,0.182405511,1.0
15752,30.39277946,1.0,2.345714065,1.0
15753,30.39277946,1.0,13.070268138,1.0
15754,30.39277946,1.0,0.3532749374,1.0
15755,30.39277946,1.0,1.79102269,1.0
15756,30.39277946,1.0,2.463370501,1.0
15757,30.39277946,1.0,4.047358916,1.0
15758,30.39277946,1.0,4.829505682,1.0
15759,9.442750188,1.0,3.494992531,1.0
15760,9.442750188,1.0,2.862854848,1.0
15761,9.442750188,1.0,3.280174261,1.0
15762,9.442750188,1.0,3.441904024,1.0
15763,9.442750188,1.0,1.807864563,1.0
15764,9.442750188,1.0,5.756985413,1.0
15765,9.442750188,1.0,8.495133609,1.0
15766,9.442750188,1.0,2.726007976,1.0
15767,9.442750188,1.0,6.109671996,1.0
15768,9.442750188,1.0,2.326729959,1.0
15769,9.442750188,1.0,7.748182289,1.0
15770,9.442750188,1.0,5.146293333,1.0
15771,9.442750188,1.0,2.825110966,1.0
15772,9.442750188,1.0,4.049552408,1.0
15773,9.442750188,1.0,8.295439778,1.0
15774,9.442750188,1.0,1.25709916,1.0
15775,9.442750188,1.0,1.416005328,1.0
15776,9.442750188,1.0,2.058667752,1.0
15777,9.442750188,1.0,4.262285822,1.0
15778,4.046228683,1.0,3.494992531,1.0
15779,4.046228683,1.0,7.736976522,1.0
15780,4.046228683,1.0,2.942608565,1.0
15781,4.046228683,1.0,1.807864563,1.0
15782,4.046228683,1.0,8.495133609,1.0
15783,4.046228683,1.0,6.109671996,1.0
15784,4.046228683,1.0,7.748182289,1.0
15785,4.046228683,1.0,2.982104604,1.0
15786,4.046228683,1.0,6.288576781,1.0
15787,4.046228683,1.0,3.255978393,1.0
15788,4.046228683,1.0,18.00089822,1.0
15789,4.046228683,1.0,0.3532749374,1.0
15790,4.046228683,1.0,2.058667752,1.0
15791,4.046228683,1.0,8.034464228,1.0
15792,4.046228683,1.0,3.14654208,1.0
15793,4.046228683,1.0,5.872903346,1.0
15794,1.585840096,1.0,3.901493385,1.0
15795,1.585840096,1.0,0.9994807523,1.0
15796,1.585840096,1.0,3.267694974,1.0
15797,1.585840096,1.0,12.671115978,1.0
15798,8.680223289,1.0,3.901493385,1.0
15799,8.680223289,1.0,5.424393042,1.0
15800,8.680223289,1.0,0.7072698146,1.0
15801,8.680223289,1.0,3.749242153,1.0
15802,8.680223289,1.0,2.938644066,1.0
15803,8.680223289,1.0,7.763450156,1.0
15804,8.680223289,1.0,6.17753814,1.0
15805,8.680223289,1.0,10.349034039,1.0
15806,8.680223289,1.0,4.979689688,1.0
15807,8.680223289,1.0,5.306124882,1.0
15808,8.680223289,1.0,23.450551653,1.0
15809,8.680223289,1.0,4.488847099,1.0
15810,8.680223289,1.0,2.330396578,1.0
15811,8.680223289,1.0,5.844142797,0.0
15812,8.680223289,1.0,24.65499671,1.0
15813,8.680223289,1.0,10.397099174,1.0
15814,8.170173078,1.0,3.901493385,1.0
15815,8.170173078,1.0,3.21699116,1.0
15816,8.170173078,1.0,2.299200452,1.0
15817,8.170173078,1.0,20.540037372,1.0
15818,0.824881682,1.0,3.901493385,1.0
15819,0.824881682,1.0,4.59696749,1.0
15820,8.804730121,1.0,3.901493385,1.0
15821,8.804730121,1.0,2.661209826,1.0
15822,8.804730121,1.0,40.778303484,1.0
15823,8.804730121,1.0,24.65499671,1.0
15824,1.93329749,1.0,3.901493385,1.0
15825,1.93329749,1.0,13.950356735,1.0
15826,1.93329749,1.0,4.075596891,1.0
15827,1.93329749,1.0,8.680223289,1.0
15828,1.93329749,1.0,7.736976522,1.0
15829,1.93329749,1.0,7.763450156,1.0
15830,1.93329749,1.0,5.756985413,1.0
15831,1.93329749,1.0,8.495133609,1.0
15832,1.93329749,1.0,9.515976293,1.0
15833,1.93329749,1.0,0.9001109856,1.0
15834,1.93329749,1.0,18.521265883,1.0
15835,1.93329749,1.0,6.17753814,1.0
15836,1.93329749,1.0,12.307254829,1.0
15837,1.93329749,1.0,5.306124882,1.0
15838,1.93329749,1.0,0.7346031658,1.0
15839,1.93329749,1.0,8.034464228,1.0
15840,1.93329749,1.0,4.262285822,1.0
15841,10.397099174,1.0,3.901493385,1.0
15842,10.397099174,1.0,8.680223289,1.0
15843,10.397099174,1.0,9.557871275,1.0
15844,10.397099174,1.0,153.378432818,1.0
15845,10.397099174,1.0,0.1958913398,1.0
15846,10.397099174,1.0,3.363732976,1.0
15847,10.397099174,1.0,3.130326904,1.0
15848,10.397099174,1.0,2.661209826,1.0
15849,10.397099174,1.0,1.64516445,1.0
15850,10.397099174,1.0,2.129545428,1.0
15851,10.397099174,1.0,9.442750188,1.0
15852,10.397099174,1.0,3.288067738,1.0
15853,10.397099174,1.0,3.750092612,0.0
15854,10.397099174,1.0,4.690452556,1.0
15855,10.397099174,1.0,1.419281651,1.0
15856,10.397099174,1.0,12.307254829,1.0
15857,10.397099174,1.0,5.306124882,1.0
15858,10.397099174,1.0,3.252543863,1.0
15859,10.397099174,1.0,7.758727092,1.0
15860,10.397099174,1.0,2.49253761,1.0
15861,10.397099174,1.0,7.986422452,1.0
15862,10.397099174,1.0,10.41981138,1.0
15863,10.397099174,1.0,5.844142797,0.0
15864,10.397099174,1.0,3.637886738,1.0
15865,10.397099174,1.0,24.65499671,1.0
15866,10.397099174,1.0,2.301450275,1.0
15867,10.397099174,1.0,1.608127492,1.0
15868,1.709430704,0.0,18.584471439,0.0
15869,1.709430704,0.0,20.051027715,0.0
15870,1.709430704,0.0,15.18411431,0.0
15871,1.709430704,0.0,27.455093588,0.0
15872,1.709430704,0.0,10.51791993,0.0
15873,20.779723853,0.0,18.584471439,0.0
15874,20.779723853,0.0,46.94762608,1.0
15875,20.779723853,0.0,25.448562517,0.0
15876,20.779723853,0.0,0.07754331243,0.0
15877,20.779723853,0.0,112.099655851,1.0
15878,20.779723853,0.0,10.51791993,0.0
15879,20.779723853,0.0,15.293129274,1.0
15880,4.995556646,1.0,18.584471439,0.0
15881,4.995556646,1.0,30.39277946,1.0
15882,4.995556646,1.0,3.457690284,1.0
15883,4.995556646,1.0,3.441904024,1.0
15884,4.995556646,1.0,1.293739933,1.0
15885,4.995556646,1.0,21.342876657,1.0
15886,4.995556646,1.0,6.057768872,1.0
15887,4.995556646,1.0,1.402524531,1.0
15888,4.995556646,1.0,2.649064229,1.0
15889,4.995556646,1.0,16.746607955,1.0
15890,4.995556646,1.0,7.662964114,1.0
15891,4.995556646,1.0,29.064479699,1.0
15892,4.995556646,1.0,5.146293333,1.0
15893,4.995556646,1.0,9.442750188,1.0
15894,4.995556646,1.0,11.133808458,1.0
15895,4.995556646,1.0,2.982104604,1.0
15896,4.995556646,1.0,442.31224115,0.0
15897,4.995556646,1.0,10.277541211,1.0
15898,4.995556646,1.0,7.228822587,1.0
15899,4.995556646,1.0,0.182405511,1.0
15900,4.995556646,1.0,2.430209341,0.0
15901,4.995556646,1.0,7.373882175,1.0
15902,4.995556646,1.0,1.824459944,1.0
15903,4.995556646,1.0,10.557429856,1.0
15904,4.995556646,1.0,9.153441064,1.0
15905,4.995556646,1.0,18.598069279,1.0
15906,4.995556646,1.0,1.793332891,1.0
15907,4.995556646,1.0,96.169620293,0.0
15908,4.995556646,1.0,4.818576649,1.0
15909,4.995556646,1.0,3.422984265,1.0
15910,4.995556646,1.0,3.520084103,1.0
15911,4.995556646,1.0,21.17309223,1.0
15912,35.374851173,0.0,18.584471439,0.0
15913,35.374851173,0.0,34.366867977,0.0
15914,35.374851173,0.0,13.975384578,0.0
15915,35.374851173,0.0,1.013024892,0.0
15916,35.374851173,0.0,6.396811195,0.0
15917,35.374851173,0.0,26.668067758,0.0
15918,35.374851173,0.0,6.247337911,0.0
15919,35.374851173,0.0,8.149136421,0.0
15920,35.374851173,0.0,5.65764652,0.0
15921,35.374851173,0.0,12.618480026,0.0
15922,35.374851173,0.0,61.033765457,0.0
15923,35.374851173,0.0,10.51791993,0.0
15924,35.374851173,0.0,8.615332064,0.0
15925,20.051027715,0.0,18.584471439,0.0
15926,20.051027715,0.0,1.709430704,0.0
15927,20.051027715,0.0,1.213275618,1.0
15928,20.051027715,0.0,34.366867977,0.0
15929,20.051027715,0.0,27.727856837,0.0
15930,20.051027715,0.0,5.206241117,0.0
15931,20.051027715,0.0,35.374851173,0.0
15932,20.051027715,0.0,26.668067758,0.0
15933,20.051027715,0.0,6.247337911,0.0
15934,20.051027715,0.0,8.149136421,0.0
15935,20.051027715,0.0,7.011299058,0.0
15936,20.051027715,0.0,12.618480026,0.0
15937,20.051027715,0.0,5.346237419,0.0
15938,20.051027715,0.0,10.51791993,0.0
15939,20.051027715,0.0,8.615332064,0.0
15940,20.051027715,0.0,22.431469976,0.0
15941,10.51791993,0.0,18.584471439,0.0
15942,10.51791993,0.0,27.727856837,0.0
15943,10.51791993,0.0,52.842355823,0.0
15944,10.51791993,0.0,35.374851173,0.0
15945,10.51791993,0.0,7.99491551,0.0
15946,10.51791993,0.0,20.051027715,0.0
15947,10.51791993,0.0,61.033765457,0.0
15948,10.51791993,0.0,5.526283878,0.0
15949,10.51791993,0.0,8.615332064,0.0
15950,10.51791993,0.0,22.431469976,0.0
15951,18.91100563,0.0,18.584471439,0.0
15952,18.91100563,0.0,75.77402169,0.0
15953,18.91100563,0.0,282.447309949,1.0
15954,18.91100563,0.0,20.051027715,0.0
15955,18.91100563,0.0,1.416005328,1.0
15956,8.615332064,0.0,18.584471439,0.0
15957,8.615332064,0.0,75.77402169,0.0
15958,8.615332064,0.0,34.366867977,0.0
15959,8.615332064,0.0,7.228822587,1.0
15960,8.615332064,0.0,5.65764652,0.0
15961,8.615332064,0.0,61.033765457,0.0
15962,8.615332064,0.0,10.51791993,0.0
15963,8.615332064,0.0,12.435498413,0.0
15964,8.615332064,0.0,22.431469976,0.0
15965,8.615332064,0.0,12.023650799,1.0
15966,0.3965622529,0.0,18.584471439,0.0
15967,0.3965622529,0.0,26.668067758,0.0
15968,0.3965622529,0.0,61.033765457,0.0
15969,22.431469976,0.0,18.584471439,0.0
15970,22.431469976,0.0,75.77402169,0.0
15971,22.431469976,0.0,20.779723853,0.0
15972,22.431469976,0.0,7.011299058,0.0
15973,22.431469976,0.0,112.099655851,1.0
15974,22.431469976,0.0,10.51791993,0.0
15975,22.431469976,0.0,18.91100563,0.0
15976,22.431469976,0.0,8.615332064,0.0
15977,3.529590431,1.0,76.104832671,1.0
15978,3.529590431,1.0,3.001320507,1.0
15979,3.529590431,1.0,5.995996753,1.0
15980,3.529590431,1.0,0.7274009746,1.0
15981,3.529590431,1.0,6.904083149,1.0
15982,3.529590431,1.0,21.47320625,1.0
15983,3.529590431,1.0,22.627451627,1.0
15984,3.529590431,1.0,4.357638184,1.0
15985,3.529590431,1.0,41.816248515,1.0
15986,3.529590431,1.0,15.776847279,1.0
15987,3.529590431,1.0,8.196082118,1.0
15988,3.529590431,1.0,25.0116746,1.0
15989,0.7274009746,1.0,76.104832671,1.0
15990,0.7274009746,1.0,11.687696093,1.0
15991,0.7274009746,1.0,6.243918196,1.0
15992,0.7274009746,1.0,7.227508895,1.0
15993,0.7274009746,1.0,6.049206712,1.0
15994,0.7274009746,1.0,5.995996753,1.0
15995,0.7274009746,1.0,4.669409215,1.0
15996,0.7274009746,1.0,8.020350441,1.0
15997,0.7274009746,1.0,8.078335378,1.0
15998,0.7274009746,1.0,41.816248515,1.0
15999,0.7274009746,1.0,8.188774877,1.0
16000,0.7274009746,1.0,8.663691625,1.0
16001,0.7274009746,1.0,4.018046527,1.0
16002,9.948752647,0.0,76.104832671,1.0
16003,9.948752647,0.0,73.678253805,0.0
16004,9.948752647,0.0,8.791860278,0.0
16005,9.948752647,0.0,14.212982833,0.0
16006,9.948752647,0.0,57.196357044,0.0
16007,9.948752647,0.0,6.288663898,0.0
16008,9.948752647,0.0,7.885392656,0.0
16009,9.948752647,0.0,17.99554838,0.0
16010,9.948752647,0.0,26.621552508,0.0
16011,9.948752647,0.0,25.084860848,0.0
16012,9.948752647,0.0,26.853872834,0.0
16013,9.948752647,0.0,24.466421136,0.0
16014,9.948752647,0.0,7.989855372,0.0
16015,9.948752647,0.0,20.918539645,0.0
16016,9.948752647,0.0,8.332959718,0.0
16017,10.490124507,0.0,76.104832671,1.0
16018,10.490124507,0.0,4.333050957,0.0
16019,10.490124507,0.0,6.384550977,0.0
16020,10.490124507,0.0,9.722560875,0.0
16021,10.490124507,0.0,6.907984275,0.0
16022,10.490124507,0.0,1.906842655,0.0
16023,10.490124507,0.0,7.048802068,0.0
16024,10.490124507,0.0,1.706916885,0.0
16025,10.490124507,0.0,5.376782587,0.0
16026,10.490124507,0.0,9.850920108,0.0
16027,10.490124507,0.0,15.453245152,0.0
16028,10.490124507,0.0,10.639342998,0.0
16029,10.490124507,0.0,84.435994812,0.0
16030,3.520084103,1.0,76.104832671,1.0
16031,3.520084103,1.0,14.075695698,1.0
16032,3.520084103,1.0,7.228822587,1.0
16033,3.082268333,1.0,76.104832671,1.0
16034,3.082268333,1.0,40.90551563,1.0
16035,3.082268333,1.0,5.951084905,1.0
16036,3.082268333,1.0,2.888906621,1.0
16037,3.082268333,1.0,4.134774924,1.0
16038,3.082268333,1.0,23.009498747,1.0
16039,3.082268333,1.0,4.427730716,1.0
16040,3.082268333,1.0,13.351374522,1.0
16041,5.102521016,0.0,10.163822863,1.0
16042,5.102521016,0.0,2.784885026,1.0
16043,14.939595736,0.0,10.163822863,1.0
16044,13.88327424,1.0,6.008978366,1.0
16045,13.88327424,1.0,18.95354209,1.0
16046,13.88327424,1.0,0.9830764551,1.0
16047,13.88327424,1.0,153.378432818,1.0
16048,13.88327424,1.0,15.733724505,1.0
16049,13.88327424,1.0,88.449822594,0.0
16050,13.88327424,1.0,2.018705924,1.0
16051,13.88327424,1.0,7.102530887,0.0
16052,13.88327424,1.0,4.04841049,1.0
16053,13.88327424,1.0,8.177023242,0.0
16054,13.88327424,1.0,8.32811975,1.0
16055,13.88327424,1.0,3.952164526,1.0
16056,13.88327424,1.0,6.489954121,1.0
16057,13.88327424,1.0,6.208512798,1.0
16058,4.075596891,1.0,6.008978366,1.0
16059,4.075596891,1.0,6.831887515,1.0
16060,4.075596891,1.0,4.690452556,1.0
16061,4.075596891,1.0,2.551878243,1.0
16062,4.075596891,1.0,4.342798623,1.0
16063,4.075596891,1.0,2.49253761,1.0
16064,4.075596891,1.0,7.986422452,1.0
16065,4.075596891,1.0,2.947136582,1.0
16066,4.075596891,1.0,10.132620344,1.0
16067,4.075596891,1.0,19.300014971,1.0
16068,23.127912882,1.0,6.008978366,1.0
16069,23.127912882,1.0,13.88327424,1.0
16070,23.127912882,1.0,13.950356735,1.0
16071,23.127912882,1.0,5.17795514,1.0
16072,23.127912882,1.0,13.511948517,1.0
16073,23.127912882,1.0,6.141325198,1.0
16074,23.127912882,1.0,7.770027438,1.0
16075,23.127912882,1.0,4.690452556,1.0
16076,23.127912882,1.0,2.028386934,1.0
16077,23.127912882,1.0,12.307254829,1.0
16078,23.127912882,1.0,23.450551653,1.0
16079,23.127912882,1.0,4.488847099,1.0
16080,23.127912882,1.0,4.743119874,1.0
16081,23.127912882,1.0,24.65499671,1.0
16082,23.127912882,1.0,19.300014971,1.0
16083,4.958403349,1.0,6.008978366,1.0
16084,4.958403349,1.0,3.660314357,1.0
16085,4.958403349,1.0,5.920090744,1.0
16086,4.958403349,1.0,4.04841049,1.0
16087,4.958403349,1.0,3.722445448,1.0
16088,6.17753814,1.0,6.008978366,1.0
16089,6.17753814,1.0,4.075596891,1.0
16090,6.17753814,1.0,23.127912882,1.0
16091,6.17753814,1.0,153.378432818,1.0
16092,6.17753814,1.0,5.424393042,1.0
16093,6.17753814,1.0,3.441904024,1.0
16094,6.17753814,1.0,8.057845528,1.0
16095,6.17753814,1.0,6.141325198,1.0
16096,6.17753814,1.0,7.770027438,1.0
16097,6.17753814,1.0,21.342876657,1.0
16098,6.17753814,1.0,2.942608565,1.0
16099,6.17753814,1.0,5.756985413,1.0
16100,6.17753814,1.0,8.495133609,1.0
16101,6.17753814,1.0,2.326729959,1.0
16102,6.17753814,1.0,9.515976293,1.0
16103,6.17753814,1.0,9.442750188,1.0
16104,6.17753814,1.0,4.690452556,1.0
16105,6.17753814,1.0,1.93329749,1.0
16106,6.17753814,1.0,3.238436483,1.0
16107,6.17753814,1.0,5.306124882,1.0
16108,6.17753814,1.0,5.099776649,1.0
16109,6.17753814,1.0,7.228822587,1.0
16110,6.17753814,1.0,2.49253761,1.0
16111,6.17753814,1.0,0.68947383,1.0
16112,6.17753814,1.0,0.3532749374,1.0
16113,6.17753814,1.0,1.188412879,1.0
16114,6.17753814,1.0,8.034464228,1.0
16115,6.17753814,1.0,24.65499671,1.0
16116,6.17753814,1.0,4.046228683,1.0
16117,6.17753814,1.0,10.132620344,1.0
16118,6.17753814,1.0,2.148455503,1.0
16119,6.17753814,1.0,8.203202899,1.0
16120,6.17753814,1.0,4.410578543,0.0
16121,6.17753814,1.0,1.400644306,1.0
16122,6.17753814,1.0,10.397099174,1.0
16123,4.690452556,1.0,6.008978366,1.0
16124,4.690452556,1.0,3.660314357,1.0
16125,4.690452556,1.0,6.455500381,1.0
16126,4.690452556,1.0,4.817981994,1.0
16127,4.690452556,1.0,8.680223289,1.0
16128,4.690452556,1.0,2.942608565,1.0
16129,4.690452556,1.0,2.129545428,1.0
16130,4.690452556,1.0,7.763450156,1.0
16131,4.690452556,1.0,11.305962931,1.0
16132,4.690452556,1.0,1.93329749,1.0
16133,4.690452556,1.0,0.5130403028,1.0
16134,4.690452556,1.0,6.415927604,1.0
16135,4.690452556,1.0,7.986422452,1.0
16136,4.690452556,1.0,4.488847099,1.0
16137,1.419281651,1.0,6.008978366,1.0
16138,1.419281651,1.0,5.17795514,1.0
16139,1.419281651,1.0,8.267278301,0.0
16140,1.419281651,1.0,14.930979187,1.0
16141,1.419281651,1.0,2.942608565,1.0
16142,1.419281651,1.0,7.763450156,1.0
16143,1.419281651,1.0,6.396409402,1.0
16144,1.419281651,1.0,2.49777588,1.0
16145,1.419281651,1.0,5.105516935,1.0
16146,1.419281651,1.0,4.562011581,1.0
16147,1.419281651,1.0,6.878149792,1.0
16148,1.419281651,1.0,7.758727092,1.0
16149,1.419281651,1.0,2.49253761,1.0
16150,1.419281651,1.0,10.41981138,1.0
16151,1.419281651,1.0,4.743119874,1.0
16152,1.419281651,1.0,1.188412879,1.0
16153,1.419281651,1.0,2.947136582,1.0
16154,1.419281651,1.0,1.608127492,1.0
16155,1.845319539,1.0,6.008978366,1.0
16156,1.845319539,1.0,12.307254829,1.0
16157,1.845319539,1.0,4.488847099,1.0
16158,1.845319539,1.0,4.753731003,1.0
16159,1.845319539,1.0,7.491649438,1.0
16160,1.608127492,1.0,6.008978366,1.0
16161,1.608127492,1.0,37.392342771,1.0
16162,1.608127492,1.0,6.831887515,1.0
16163,1.608127492,1.0,2.661209826,1.0
16164,1.608127492,1.0,7.770027438,1.0
16165,1.608127492,1.0,2.938644066,1.0
16166,1.608127492,1.0,7.763450156,1.0
16167,1.608127492,1.0,3.696128234,1.0
16168,1.608127492,1.0,6.063987134,1.0
16169,1.608127492,1.0,6.851861599,1.0
16170,1.608127492,1.0,1.400644306,1.0
16171,5.707759977,0.0,9.727860711,0.0
16172,5.707759977,0.0,63.666383596,0.0
16173,5.707759977,0.0,41.586679644,0.0
16174,5.707759977,0.0,11.111467247,0.0
16175,5.707759977,0.0,9.379094338,0.0
16176,5.707759977,0.0,6.832421315,0.0
16177,5.707759977,0.0,16.860865597,0.0
16178,50.729691391,0.0,9.727860711,0.0
16179,50.729691391,0.0,49.446131829,0.0
16180,50.729691391,0.0,0.1237617742,0.0
16181,50.729691391,0.0,10.937040822,0.0
16182,50.729691391,0.0,15.731819137,0.0
16183,50.729691391,0.0,4.440663079,0.0
16184,39.625253586,0.0,9.727860711,0.0
16185,39.625253586,0.0,5.707759977,0.0
16186,39.625253586,0.0,2.807714948,0.0
16187,5.876945072,0.0,9.727860711,0.0
16188,5.876945072,0.0,26.945092667,0.0
16189,5.876945072,0.0,23.004257875,0.0
16190,5.876945072,0.0,28.8446437,0.0
16191,9.379094338,0.0,9.727860711,0.0
16192,9.379094338,0.0,49.446131829,0.0
16193,9.379094338,0.0,13.731164167,0.0
16194,9.379094338,0.0,8.127332825,0.0
16195,9.379094338,0.0,16.287463056,0.0
16196,9.379094338,0.0,6.106645451,0.0
16197,39.820007297,1.0,10.181441025,1.0
16198,14.341366069,1.0,10.181441025,1.0
16199,14.341366069,1.0,14.598625688,1.0
16200,14.341366069,1.0,29.457087968,1.0
16201,14.341366069,1.0,7.076362169,1.0
16202,14.341366069,1.0,3.312311771,1.0
16203,0.7325953691,1.0,10.181441025,1.0
16204,0.7325953691,1.0,7.094763502,1.0
16205,0.7325953691,1.0,5.704906479,1.0
16206,0.7325953691,1.0,3.855461904,1.0
16207,0.7325953691,1.0,7.469166361,1.0
16208,7.08934858,1.0,4.193289994,1.0
16209,7.08934858,1.0,5.113142616,1.0
16210,7.08934858,1.0,8.123570646,1.0
16211,7.08934858,1.0,6.120753644,1.0
16212,7.08934858,1.0,17.059242232,1.0
16213,7.08934858,1.0,6.884917469,1.0
16214,7.08934858,1.0,6.086591474,1.0
16215,7.08934858,1.0,11.57419617,1.0
16216,7.08934858,1.0,5.847750914,1.0
16217,7.08934858,1.0,6.790219312,1.0
16218,7.08934858,1.0,8.516840935,1.0
16219,7.08934858,1.0,8.473312072,1.0
16220,7.08934858,1.0,91.156961989,1.0
16221,18.99975294,1.0,4.193289994,1.0
16222,18.99975294,1.0,1.681462384,1.0
16223,18.99975294,1.0,7.08934858,1.0
16224,18.99975294,1.0,629.457019025,1.0
16225,18.99975294,1.0,2.2197354,1.0
16226,18.99975294,1.0,21.342876657,1.0
16227,18.99975294,1.0,9.643040622,1.0
16228,18.99975294,1.0,6.120753644,1.0
16229,18.99975294,1.0,4.193583381,1.0
16230,18.99975294,1.0,5.142898705,1.0
16231,18.99975294,1.0,8.188774877,1.0
16232,18.99975294,1.0,6.076137367,1.0
16233,18.99975294,1.0,6.394778045,1.0
16234,18.99975294,1.0,18.996217281,1.0
16235,18.99975294,1.0,28.598737411,1.0
16236,18.99975294,1.0,1.380324536,1.0
16237,18.99975294,1.0,3.87276971,1.0
16238,18.99975294,1.0,20.418653862,1.0
16239,18.99975294,1.0,18.195908064,1.0
16240,18.99975294,1.0,6.086591474,1.0
16241,18.99975294,1.0,9.082305407,1.0
16242,18.99975294,1.0,12.671115978,1.0
16243,18.99975294,1.0,18.00089822,1.0
16244,18.99975294,1.0,6.816885683,1.0
16245,18.99975294,1.0,5.506224572,1.0
16246,18.99975294,1.0,5.847750914,1.0
16247,18.99975294,1.0,5.996384101,1.0
16248,18.99975294,1.0,18.341066883,1.0
16249,18.99975294,1.0,3.559635685,1.0
16250,18.99975294,1.0,3.767829505,1.0
16251,18.99975294,1.0,4.207592557,1.0
16252,18.99975294,1.0,4.140323188,1.0
16253,18.99975294,1.0,5.840658135,1.0
16254,18.99975294,1.0,3.238436483,1.0
16255,18.99975294,1.0,10.198167248,1.0
16256,18.99975294,1.0,30.150731299,1.0
16257,18.99975294,1.0,4.621428657,1.0
16258,18.99975294,1.0,5.648012104,1.0
16259,18.99975294,1.0,5.2300594,1.0
16260,18.99975294,1.0,91.156961989,1.0
16261,19.142118001,1.0,7.600481659,1.0
16262,19.142118001,1.0,10.653092482,1.0
16263,19.142118001,1.0,7.497610569,1.0
16264,19.142118001,1.0,2.192416695,1.0
16265,19.142118001,1.0,4.060263375,1.0
16266,19.142118001,1.0,11.863979571,1.0
16267,19.142118001,1.0,6.472934546,1.0
16268,19.142118001,1.0,3.72542787,1.0
16269,19.142118001,1.0,7.454794161,1.0
16270,19.142118001,1.0,4.737651137,1.0
16271,19.142118001,1.0,6.480753385,1.0
16272,19.142118001,1.0,3.811754697,1.0
16273,19.142118001,1.0,10.9074083,1.0
16274,19.142118001,1.0,5.515849566,1.0
16275,19.142118001,1.0,3.238436483,1.0
16276,19.142118001,1.0,8.094688499,1.0
16277,19.142118001,1.0,19.694973874,1.0
16278,19.142118001,1.0,16.732592538,1.0
16279,19.142118001,1.0,4.196276383,1.0
16280,19.142118001,1.0,35.503722327,1.0
16281,19.142118001,1.0,7.455058179,1.0
16282,19.142118001,1.0,20.254360745,1.0
16283,19.142118001,1.0,10.506069004,1.0
16284,7.214621746,1.0,10.025288705,1.0
16285,7.214621746,1.0,4.221561247,1.0
16286,7.214621746,1.0,5.32825762,1.0
16287,7.214621746,1.0,15.611347975,1.0
16288,7.214621746,1.0,7.094763502,1.0
16289,7.214621746,1.0,4.245903096,1.0
16290,7.214621746,1.0,10.116729733,1.0
16291,7.214621746,1.0,8.735817523,1.0
16292,7.214621746,1.0,14.998267347,1.0
16293,7.214621746,1.0,5.014749404,1.0
16294,7.214621746,1.0,10.123192269,1.0
16295,7.214621746,1.0,4.060263375,1.0
16296,7.214621746,1.0,4.709903611,1.0
16297,7.214621746,1.0,7.900750518,1.0
16298,7.214621746,1.0,2.733967464,1.0
16299,7.214621746,1.0,10.006734416,1.0
16300,7.214621746,1.0,37.938945266,1.0
16301,7.214621746,1.0,6.084570855,1.0
16302,6.489954121,1.0,10.025288705,1.0
16303,6.489954121,1.0,8.501191644,1.0
16304,6.489954121,1.0,2.819656285,1.0
16305,6.489954121,1.0,0.9830764551,1.0
16306,6.489954121,1.0,8.655801073,1.0
16307,6.489954121,1.0,4.672049272,1.0
16308,6.489954121,1.0,7.429994027,1.0
16309,1.124406429,1.0,3.119704196,1.0
16310,1.124406429,1.0,3.43449329,1.0
16311,1.124406429,1.0,1.415489532,1.0
16312,1.124406429,1.0,3.70190714,1.0
16313,1.124406429,1.0,1.839217057,1.0
16314,1.124406429,1.0,3.884935782,1.0
16315,3.884935782,1.0,3.119704196,1.0
16316,3.884935782,1.0,1.630109801,1.0
16317,3.884935782,1.0,3.70190714,1.0
16318,3.884935782,1.0,2.715038263,1.0
16319,35.840505224,1.0,3.119704196,1.0
16320,35.840505224,1.0,2.074770717,1.0
16321,35.840505224,1.0,8.680223289,1.0
16322,35.840505224,1.0,33.529472225,1.0
16323,35.840505224,1.0,13.451980124,1.0
16324,35.840505224,1.0,5.263133726,1.0
16325,35.840505224,1.0,9.820527386,1.0
16326,35.840505224,1.0,30.621988821,0.0
16327,35.840505224,1.0,7.036139984,1.0
16328,35.840505224,1.0,19.300014971,1.0
16329,2.715038263,1.0,3.119704196,1.0
16330,2.715038263,1.0,1.66895996,1.0
16331,2.715038263,1.0,9.180793266,1.0
16332,2.715038263,1.0,3.124702326,1.0
16333,2.715038263,1.0,3.016153071,1.0
16334,3.119704196,1.0,1.630109801,1.0
16335,3.119704196,1.0,1.124406429,1.0
16336,3.119704196,1.0,1.012725893,1.0
16337,3.119704196,1.0,1.839217057,1.0
16338,3.119704196,1.0,3.997483672,1.0
16339,0.8790034827,1.0,1.630109801,1.0
16340,0.8790034827,1.0,1.124406429,1.0
16341,0.8790034827,1.0,1.66895996,1.0
16342,0.8790034827,1.0,2.074770717,1.0
16343,0.8790034827,1.0,9.180793266,1.0
16344,0.8790034827,1.0,3.159716191,1.0
16345,1.839217057,1.0,1.630109801,1.0
16346,1.839217057,1.0,0.607753475,1.0
16347,1.839217057,1.0,3.43449329,1.0
16348,1.839217057,1.0,3.70190714,1.0
16349,1.839217057,1.0,2.028649949,1.0
16350,1.839217057,1.0,0.9038718338,1.0
16351,1.839217057,1.0,3.997483672,1.0
16352,1.839217057,1.0,2.129545428,1.0
16353,1.035390766,1.0,1.630109801,1.0
16354,1.035390766,1.0,1.012725893,1.0
16355,1.035390766,1.0,3.70190714,1.0
16356,1.035390766,1.0,0.9038718338,1.0
16357,1.035390766,1.0,1.839217057,1.0
16358,1.035390766,1.0,10.535936863,1.0
16359,1.035390766,1.0,3.884935782,1.0
16360,3.997483672,1.0,1.630109801,1.0
16361,3.997483672,1.0,3.43449329,1.0
16362,3.997483672,1.0,3.70190714,1.0
16363,3.997483672,1.0,0.9038718338,1.0
16364,3.997483672,1.0,1.839217057,1.0
16365,3.997483672,1.0,1.035390766,1.0
16366,1.012725893,1.0,0.8790034827,1.0
16367,1.012725893,1.0,4.049015033,1.0
16368,1.012725893,1.0,3.159716191,1.0
16369,3.159716191,1.0,0.8790034827,1.0
16370,3.159716191,1.0,9.180793266,1.0
16371,3.159716191,1.0,4.049015033,1.0
16372,3.159716191,1.0,3.124702326,1.0
16373,3.124702326,1.0,0.8790034827,1.0
16374,3.124702326,1.0,1.91425566,1.0
16375,3.124702326,1.0,7.8698833,1.0
16376,3.124702326,1.0,9.652678935,1.0
16377,3.124702326,1.0,2.715038263,1.0
16378,3.70190714,1.0,1.124406429,1.0
16379,3.70190714,1.0,1.049749584,1.0
16380,3.70190714,1.0,1.012725893,1.0
16381,3.70190714,1.0,18.92806364,1.0
16382,3.70190714,1.0,2.074770717,1.0
16383,3.70190714,1.0,1.839217057,1.0
16384,6.850318096,1.0,1.875798661,1.0
16385,6.850318096,1.0,1.518626966,1.0
16386,6.850318096,1.0,0.5073452471,1.0
16387,6.850318096,1.0,4.454989283,1.0
16388,6.850318096,1.0,1.138637038,1.0
16389,6.850318096,1.0,0.3029124476,1.0
16390,6.850318096,1.0,1.591252315,1.0
16391,6.850318096,1.0,9.356739946,1.0
16392,1.403998083,1.0,1.875798661,1.0
16393,1.471527839,1.0,6.850318096,1.0
16394,1.471527839,1.0,37.392342771,1.0
16395,1.471527839,1.0,1.739904876,1.0
16396,1.471527839,1.0,2.485741944,1.0
16397,1.471527839,1.0,1.591252315,1.0
16398,0.9407205668,1.0,6.850318096,1.0
16399,0.9407205668,1.0,1.471527839,1.0
16400,0.9407205668,1.0,0.7245745632,1.0
16401,0.9407205668,1.0,2.485741944,1.0
16402,0.9407205668,1.0,1.591252315,1.0
16403,0.9407205668,1.0,3.320254456,1.0
16404,0.7245745632,1.0,6.850318096,1.0
16405,0.7245745632,1.0,0.9407205668,1.0
16406,0.7245745632,1.0,2.485741944,1.0
16407,0.7245745632,1.0,9.153441064,1.0
16408,7.811823053,1.0,6.850318096,1.0
16409,1.049749584,1.0,2.92817098,1.0
16410,1.049749584,1.0,18.92806364,1.0
16411,1.049749584,1.0,1.91425566,1.0
16412,1.049749584,1.0,3.714813308,1.0
16413,1.049749584,1.0,4.366475249,1.0
16414,1.049749584,1.0,3.608166504,1.0
16415,1.049749584,1.0,1.362136139,1.0
16416,5.114569213,1.0,2.92817098,1.0
16417,5.114569213,1.0,5.224099792,1.0
16418,5.114569213,1.0,1.91425566,1.0
16419,5.114569213,1.0,7.8698833,1.0
16420,5.114569213,1.0,3.879550946,1.0
16421,5.114569213,1.0,1.362136139,1.0
16422,5.114569213,1.0,2.248241315,1.0
16423,5.114569213,1.0,3.997483672,1.0
16424,4.055745006,1.0,2.92817098,1.0
16425,4.055745006,1.0,18.92806364,1.0
16426,4.055745006,1.0,1.91425566,1.0
16427,4.055745006,1.0,4.12828457,1.0
16428,4.055745006,1.0,3.714813308,1.0
16429,4.055745006,1.0,2.809004532,1.0
16430,4.055745006,1.0,4.454989283,1.0
16431,4.055745006,1.0,2.248241315,1.0
16432,3.714813308,1.0,2.92817098,1.0
16433,3.714813308,1.0,18.92806364,1.0
16434,3.714813308,1.0,1.91425566,1.0
16435,3.714813308,1.0,4.055745006,1.0
16436,3.714813308,1.0,3.608166504,1.0
16437,3.714813308,1.0,7.202857483,1.0
16438,3.714813308,1.0,4.018348912,0.0
16439,3.879550946,1.0,2.92817098,1.0
16440,3.879550946,1.0,1.049749584,1.0
16441,3.879550946,1.0,4.12828457,1.0
16442,3.879550946,1.0,3.714813308,1.0
16443,1.362136139,1.0,2.92817098,1.0
16444,1.362136139,1.0,5.114569213,1.0
16445,1.362136139,1.0,6.991302037,1.0
16446,1.362136139,1.0,4.055745006,1.0
16447,1.362136139,1.0,0.7729825794,1.0
16448,1.362136139,1.0,2.813927745,1.0
16449,1.362136139,1.0,3.879550946,1.0
16450,0.6330533371,1.0,2.92817098,1.0
16451,0.6330533371,1.0,14.322544947,1.0
16452,0.6330533371,1.0,5.550735926,1.0
16453,0.6330533371,1.0,3.533919577,1.0
16454,0.6330533371,1.0,2.921492185,1.0
16455,0.6330533371,1.0,1.548684587,1.0
16456,0.6330533371,1.0,15.733724505,1.0
16457,0.6330533371,1.0,5.671940738,1.0
16458,0.6330533371,1.0,28.598737411,1.0
16459,0.6330533371,1.0,16.462756475,1.0
16460,0.6330533371,1.0,107.837802675,1.0
16461,3.608166504,1.0,5.56375401,1.0
16462,3.608166504,1.0,5.224099792,1.0
16463,3.608166504,1.0,4.055745006,1.0
16464,3.608166504,1.0,7.8698833,1.0
16465,3.608166504,1.0,0.7729825794,1.0
16466,3.608166504,1.0,3.714813308,1.0
16467,3.608166504,1.0,1.035390766,1.0
16468,3.608166504,1.0,0.8875917075,1.0
16469,3.608166504,1.0,5.322609897,1.0
16470,10.083068104,1.0,1.049749584,1.0
16471,4.12828457,1.0,1.049749584,1.0
16472,4.12828457,1.0,5.114569213,1.0
16473,4.12828457,1.0,14.322544947,1.0
16474,4.12828457,1.0,5.224099792,1.0
16475,4.12828457,1.0,4.055745006,1.0
16476,4.12828457,1.0,2.028649949,1.0
16477,4.12828457,1.0,3.879550946,1.0
16478,4.12828457,1.0,3.608166504,1.0
16479,4.12828457,1.0,1.362136139,1.0
16480,4.366475249,1.0,1.049749584,1.0
16481,4.366475249,1.0,5.114569213,1.0
16482,4.366475249,1.0,2.809004532,1.0
16483,4.366475249,1.0,2.211273519,1.0
16484,0.9995695797,1.0,1.049749584,1.0
16485,0.9995695797,1.0,4.375431128,1.0
16486,0.9995695797,1.0,14.322544947,1.0
16487,0.9995695797,1.0,4.12828457,1.0
16488,0.9995695797,1.0,3.879550946,1.0
16489,2.211273519,1.0,1.049749584,1.0
16490,4.493098994,0.0,5.114569213,1.0
16491,4.493098994,0.0,5.346595959,0.0
16492,3.015764489,1.0,5.114569213,1.0
16493,3.015764489,1.0,6.991302037,1.0
16494,3.015764489,1.0,2.211273519,1.0
16495,2.813927745,1.0,5.114569213,1.0
16496,2.813927745,1.0,0.7595171239,1.0
16497,2.813927745,1.0,5.224099792,1.0
16498,2.813927745,1.0,10.535936863,1.0
16499,2.813927745,1.0,3.608166504,1.0
16500,2.813927745,1.0,6.489954121,1.0
16501,1.548684587,1.0,5.114569213,1.0
16502,1.548684587,1.0,14.322544947,1.0
16503,1.548684587,1.0,1.210529583,1.0
16504,1.548684587,1.0,10.535936863,1.0
16505,1.548684587,1.0,0.8875917075,1.0
16506,1.548684587,1.0,0.6330533371,1.0
16507,10.056347203,1.0,3.497293236,1.0
16508,10.056347203,1.0,7.930824421,1.0
16509,10.056347203,1.0,2.947842228,1.0
16510,10.056347203,1.0,5.628119807,1.0
16511,10.056347203,1.0,5.38629216,1.0
16512,73.678253805,0.0,40.880111633,0.0
16513,73.678253805,0.0,1.235103146,0.0
16514,73.678253805,0.0,27.348444479,0.0
16515,73.678253805,0.0,5.775634328,1.0
16516,73.678253805,0.0,9.722560875,0.0
16517,73.678253805,0.0,6.907984275,0.0
16518,73.678253805,0.0,13.574966657,1.0
16519,73.678253805,0.0,6.305349834,1.0
16520,73.678253805,0.0,2.430209341,0.0
16521,73.678253805,0.0,11.45702789,0.0
16522,73.678253805,0.0,8.791860278,0.0
16523,73.678253805,0.0,14.212982833,0.0
16524,73.678253805,0.0,57.196357044,0.0
16525,73.678253805,0.0,6.288663898,0.0
16526,73.678253805,0.0,21.195495867,0.0
16527,73.678253805,0.0,4.711466608,0.0
16528,73.678253805,0.0,7.885392656,0.0
16529,73.678253805,0.0,9.948752647,0.0
16530,73.678253805,0.0,5.511438681,0.0
16531,73.678253805,0.0,17.99554838,0.0
16532,73.678253805,0.0,26.621552508,0.0
16533,73.678253805,0.0,22.969963088,0.0
16534,73.678253805,0.0,25.084860848,0.0
16535,73.678253805,0.0,16.525821364,0.0
16536,73.678253805,0.0,26.853872834,0.0
16537,73.678253805,0.0,24.466421136,0.0
16538,73.678253805,0.0,5.276379252,0.0
16539,73.678253805,0.0,4.68757824,0.0
16540,73.678253805,0.0,7.12999787,0.0
16541,73.678253805,0.0,8.364312963,0.0
16542,73.678253805,0.0,10.744893785,0.0
16543,73.678253805,0.0,20.918539645,0.0
16544,73.678253805,0.0,4.449113565,1.0
16545,73.678253805,0.0,5.051028054,0.0
16546,73.678253805,0.0,6.825253381,0.0
16547,73.678253805,0.0,8.332959718,0.0
16548,73.678253805,0.0,10.170720446,0.0
16549,73.678253805,0.0,19.708612191,0.0
16550,1.518626966,1.0,4.375431128,1.0
16551,1.518626966,1.0,2.028649949,1.0
16552,1.518626966,1.0,1.839217057,1.0
16553,1.518626966,1.0,3.884935782,1.0
16554,2.028649949,1.0,4.375431128,1.0
16555,2.028649949,1.0,1.518626966,1.0
16556,2.028649949,1.0,2.64235037,0.0
16557,2.028649949,1.0,4.454989283,1.0
16558,2.028649949,1.0,3.997483672,1.0
16559,2.028649949,1.0,5.346595959,0.0
16560,9.180793266,1.0,4.375431128,1.0
16561,9.180793266,1.0,1.012725893,1.0
16562,9.180793266,1.0,3.159716191,1.0
16563,9.180793266,1.0,15.870165456,1.0
16564,10.535936863,1.0,4.375431128,1.0
16565,10.535936863,1.0,1.471527839,1.0
16566,10.535936863,1.0,5.550735926,1.0
16567,10.535936863,1.0,1.035390766,1.0
16568,10.535936863,1.0,9.652678935,1.0
16569,9.652678935,1.0,4.375431128,1.0
16570,9.652678935,1.0,1.518626966,1.0
16571,9.652678935,1.0,2.028649949,1.0
16572,16.89684204,0.0,1.235103146,0.0
16573,16.89684204,0.0,4.359083834,1.0
16574,16.89684204,0.0,27.348444479,0.0
16575,16.89684204,0.0,73.678253805,0.0
16576,16.89684204,0.0,12.155923652,0.0
16577,16.89684204,0.0,8.573559835,0.0
16578,16.89684204,0.0,22.969963088,0.0
16579,4.333050957,0.0,1.235103146,0.0
16580,4.333050957,0.0,2.912262262,0.0
16581,4.333050957,0.0,6.384550977,0.0
16582,4.333050957,0.0,5.722009525,0.0
16583,4.333050957,0.0,12.155923652,0.0
16584,4.333050957,0.0,9.722560875,0.0
16585,4.333050957,0.0,6.907984275,0.0
16586,4.333050957,0.0,2.645715291,0.0
16587,4.333050957,0.0,4.675694624,0.0
16588,4.333050957,0.0,4.004822702,0.0
16589,4.333050957,0.0,1.706916885,0.0
16590,4.333050957,0.0,5.376782587,0.0
16591,4.333050957,0.0,9.850920108,0.0
16592,4.333050957,0.0,15.453245152,0.0
16593,4.333050957,0.0,14.212982833,0.0
16594,4.333050957,0.0,63.569424162,1.0
16595,4.333050957,0.0,10.639342998,0.0
16596,2.912262262,0.0,1.235103146,0.0
16597,2.912262262,0.0,4.333050957,0.0
16598,2.912262262,0.0,73.678253805,0.0
16599,2.912262262,0.0,3.353531592,0.0
16600,2.912262262,0.0,6.384550977,0.0
16601,2.912262262,0.0,9.722560875,0.0
16602,2.912262262,0.0,6.907984275,0.0
16603,2.912262262,0.0,2.645715291,0.0
16604,2.912262262,0.0,1.906842655,0.0
16605,2.912262262,0.0,4.004822702,0.0
16606,2.912262262,0.0,1.706916885,0.0
16607,2.912262262,0.0,5.376782587,0.0
16608,2.912262262,0.0,4.711466608,0.0
16609,2.912262262,0.0,26.853872834,0.0
16610,2.912262262,0.0,10.490124507,0.0
16611,2.912262262,0.0,84.435994812,0.0
16612,6.384550977,0.0,1.235103146,0.0
16613,6.384550977,0.0,4.333050957,0.0
16614,6.384550977,0.0,2.912262262,0.0
16615,6.384550977,0.0,5.722009525,0.0
16616,6.384550977,0.0,9.722560875,0.0
16617,6.384550977,0.0,6.907984275,0.0
16618,6.384550977,0.0,2.645715291,0.0
16619,6.384550977,0.0,1.906842655,0.0
16620,6.384550977,0.0,4.675694624,0.0
16621,6.384550977,0.0,4.004822702,0.0
16622,6.384550977,0.0,1.706916885,0.0
16623,6.384550977,0.0,5.376782587,0.0
16624,6.384550977,0.0,9.850920108,0.0
16625,6.384550977,0.0,15.453245152,0.0
16626,6.384550977,0.0,7.750732528,1.0
16627,6.384550977,0.0,10.639342998,0.0
16628,6.384550977,0.0,46.769484107,0.0
16629,6.384550977,0.0,4.589062752,0.0
16630,5.722009525,0.0,1.235103146,0.0
16631,5.722009525,0.0,4.333050957,0.0
16632,5.722009525,0.0,73.678253805,0.0
16633,5.722009525,0.0,2.912262262,0.0
16634,5.722009525,0.0,6.384550977,0.0
16635,5.722009525,0.0,12.155923652,0.0
16636,5.722009525,0.0,9.722560875,0.0
16637,5.722009525,0.0,6.907984275,0.0
16638,5.722009525,0.0,2.645715291,0.0
16639,5.722009525,0.0,7.048802068,0.0
16640,5.722009525,0.0,27.217773067,0.0
16641,5.722009525,0.0,4.004822702,0.0
16642,5.722009525,0.0,1.706916885,0.0
16643,5.722009525,0.0,5.376782587,0.0
16644,5.722009525,0.0,9.850920108,0.0
16645,5.722009525,0.0,15.453245152,0.0
16646,5.722009525,0.0,10.639342998,0.0
16647,5.722009525,0.0,10.490124507,0.0
16648,5.722009525,0.0,84.435994812,0.0
16649,6.907984275,0.0,1.235103146,0.0
16650,6.907984275,0.0,4.333050957,0.0
16651,6.907984275,0.0,2.912262262,0.0
16652,6.907984275,0.0,6.384550977,0.0
16653,6.907984275,0.0,5.722009525,0.0
16654,6.907984275,0.0,12.155923652,0.0
16655,6.907984275,0.0,9.722560875,0.0
16656,6.907984275,0.0,2.645715291,0.0
16657,6.907984275,0.0,7.048802068,0.0
16658,6.907984275,0.0,27.217773067,0.0
16659,6.907984275,0.0,1.706916885,0.0
16660,6.907984275,0.0,5.376782587,0.0
16661,6.907984275,0.0,15.453245152,0.0
16662,6.907984275,0.0,9.948752647,0.0
16663,6.907984275,0.0,8.364312963,0.0
16664,6.907984275,0.0,10.744893785,0.0
16665,6.907984275,0.0,10.639342998,0.0
16666,6.907984275,0.0,10.490124507,0.0
16667,6.907984275,0.0,84.435994812,0.0
16668,4.675694624,0.0,1.235103146,0.0
16669,4.675694624,0.0,4.333050957,0.0
16670,4.675694624,0.0,2.912262262,0.0
16671,4.675694624,0.0,5.722009525,0.0
16672,4.675694624,0.0,12.155923652,0.0
16673,4.675694624,0.0,9.722560875,0.0
16674,4.675694624,0.0,2.645715291,0.0
16675,4.675694624,0.0,1.906842655,0.0
16676,4.675694624,0.0,27.217773067,0.0
16677,4.675694624,0.0,4.004822702,0.0
16678,4.675694624,0.0,1.706916885,0.0
16679,4.675694624,0.0,5.376782587,0.0
16680,4.675694624,0.0,15.453245152,0.0
16681,4.675694624,0.0,10.639342998,0.0
16682,4.675694624,0.0,8.907896787,0.0
16683,27.217773067,0.0,1.235103146,0.0
16684,27.217773067,0.0,4.333050957,0.0
16685,27.217773067,0.0,2.912262262,0.0
16686,27.217773067,0.0,6.384550977,0.0
16687,27.217773067,0.0,5.722009525,0.0
16688,27.217773067,0.0,6.907984275,0.0
16689,27.217773067,0.0,1.906842655,0.0
16690,27.217773067,0.0,7.048802068,0.0
16691,27.217773067,0.0,4.004822702,0.0
16692,27.217773067,0.0,8.573559835,0.0
16693,27.217773067,0.0,15.453245152,0.0
16694,27.217773067,0.0,23.583721319,1.0
16695,4.004822702,0.0,1.235103146,0.0
16696,4.004822702,0.0,4.333050957,0.0
16697,4.004822702,0.0,3.353531592,0.0
16698,4.004822702,0.0,2.912262262,0.0
16699,4.004822702,0.0,5.722009525,0.0
16700,4.004822702,0.0,9.722560875,0.0
16701,4.004822702,0.0,6.907984275,0.0
16702,4.004822702,0.0,1.906842655,0.0
16703,4.004822702,0.0,4.675694624,0.0
16704,4.004822702,0.0,7.048802068,0.0
16705,4.004822702,0.0,1.706916885,0.0
16706,4.004822702,0.0,5.376782587,0.0
16707,4.004822702,0.0,9.850920108,0.0
16708,4.004822702,0.0,15.453245152,0.0
16709,4.004822702,0.0,57.196357044,0.0
16710,4.004822702,0.0,10.639342998,0.0
16711,4.004822702,0.0,84.435994812,0.0
16712,4.004822702,0.0,3.021146021,0.0
16713,1.706916885,0.0,1.235103146,0.0
16714,1.706916885,0.0,7.930824421,1.0
16715,1.706916885,0.0,4.333050957,0.0
16716,1.706916885,0.0,3.353531592,0.0
16717,1.706916885,0.0,2.912262262,0.0
16718,1.706916885,0.0,6.384550977,0.0
16719,1.706916885,0.0,5.722009525,0.0
16720,1.706916885,0.0,9.722560875,0.0
16721,1.706916885,0.0,6.907984275,0.0
16722,1.706916885,0.0,2.645715291,0.0
16723,1.706916885,0.0,27.217773067,0.0
16724,1.706916885,0.0,5.376782587,0.0
16725,1.706916885,0.0,8.573559835,0.0
16726,1.706916885,0.0,9.850920108,0.0
16727,1.706916885,0.0,15.453245152,0.0
16728,1.706916885,0.0,57.196357044,0.0
16729,1.706916885,0.0,21.195495867,0.0
16730,1.706916885,0.0,10.639342998,0.0
16731,1.706916885,0.0,10.490124507,0.0
16732,5.376782587,0.0,1.235103146,0.0
16733,5.376782587,0.0,4.333050957,0.0
16734,5.376782587,0.0,3.353531592,0.0
16735,5.376782587,0.0,2.912262262,0.0
16736,5.376782587,0.0,6.384550977,0.0
16737,5.376782587,0.0,5.722009525,0.0
16738,5.376782587,0.0,6.907984275,0.0
16739,5.376782587,0.0,2.645715291,0.0
16740,5.376782587,0.0,1.906842655,0.0
16741,5.376782587,0.0,4.675694624,0.0
16742,5.376782587,0.0,7.048802068,0.0
16743,5.376782587,0.0,1.706916885,0.0
16744,5.376782587,0.0,9.850920108,0.0
16745,5.376782587,0.0,15.453245152,0.0
16746,5.376782587,0.0,14.212982833,0.0
16747,5.376782587,0.0,8.907896787,0.0
16748,5.376782587,0.0,84.435994812,0.0
16749,9.850920108,0.0,1.235103146,0.0
16750,9.850920108,0.0,4.333050957,0.0
16751,9.850920108,0.0,2.912262262,0.0
16752,9.850920108,0.0,6.384550977,0.0
16753,9.850920108,0.0,5.722009525,0.0
16754,9.850920108,0.0,12.155923652,0.0
16755,9.850920108,0.0,9.722560875,0.0
16756,9.850920108,0.0,6.907984275,0.0
16757,9.850920108,0.0,2.645715291,0.0
16758,9.850920108,0.0,9.525955471,1.0
16759,9.850920108,0.0,12.671115978,1.0
16760,9.850920108,0.0,1.906842655,0.0
16761,9.850920108,0.0,7.048802068,0.0
16762,9.850920108,0.0,27.217773067,0.0
16763,9.850920108,0.0,4.004822702,0.0
16764,9.850920108,0.0,1.706916885,0.0
16765,9.850920108,0.0,5.376782587,0.0
16766,9.850920108,0.0,8.573559835,0.0
16767,9.850920108,0.0,15.453245152,0.0
16768,9.850920108,0.0,10.639342998,0.0
16769,9.850920108,0.0,10.490124507,0.0
16770,9.850920108,0.0,84.435994812,0.0
16771,10.639342998,0.0,1.235103146,0.0
16772,10.639342998,0.0,6.384550977,0.0
16773,10.639342998,0.0,5.722009525,0.0
16774,10.639342998,0.0,9.722560875,0.0
16775,10.639342998,0.0,2.645715291,0.0
16776,10.639342998,0.0,1.906842655,0.0
16777,10.639342998,0.0,4.675694624,0.0
16778,10.639342998,0.0,7.048802068,0.0
16779,10.639342998,0.0,27.217773067,0.0
16780,10.639342998,0.0,8.573559835,0.0
16781,10.639342998,0.0,9.850920108,0.0
16782,10.639342998,0.0,15.453245152,0.0
16783,10.639342998,0.0,57.196357044,0.0
16784,10.639342998,0.0,17.99554838,0.0
16785,10.639342998,0.0,7.989855372,0.0
16786,10.639342998,0.0,10.744893785,0.0
16787,10.639342998,0.0,8.580112819,0.0
16788,10.639342998,0.0,6.825253381,0.0
16789,10.639342998,0.0,10.490124507,0.0
16790,10.639342998,0.0,84.435994812,0.0
16791,10.639342998,0.0,10.170720446,0.0
16792,84.435994812,0.0,1.235103146,0.0
16793,84.435994812,0.0,22.78146695,1.0
16794,84.435994812,0.0,4.333050957,0.0
16795,84.435994812,0.0,6.384550977,0.0
16796,84.435994812,0.0,5.722009525,0.0
16797,84.435994812,0.0,12.155923652,0.0
16798,84.435994812,0.0,9.722560875,0.0
16799,84.435994812,0.0,2.645715291,0.0
16800,84.435994812,0.0,4.675694624,0.0
16801,84.435994812,0.0,7.048802068,0.0
16802,84.435994812,0.0,27.217773067,0.0
16803,84.435994812,0.0,4.004822702,0.0
16804,84.435994812,0.0,1.706916885,0.0
16805,84.435994812,0.0,5.376782587,0.0
16806,84.435994812,0.0,8.573559835,0.0
16807,84.435994812,0.0,9.850920108,0.0
16808,84.435994812,0.0,15.453245152,0.0
16809,84.435994812,0.0,57.196357044,0.0
16810,84.435994812,0.0,22.969963088,0.0
16811,84.435994812,0.0,10.639342998,0.0
16812,84.435994812,0.0,10.490124507,0.0
16813,0.9373078574,1.0,0.986650587,1.0
16814,0.9373078574,1.0,0.5816461023,1.0
16815,3.43449329,1.0,0.607753475,1.0
16816,3.43449329,1.0,0.9407205668,1.0
16817,3.43449329,1.0,0.9038718338,1.0
16818,3.43449329,1.0,1.839217057,1.0
16819,3.43449329,1.0,3.884935782,1.0
16820,3.43449329,1.0,0.9373078574,1.0
16821,2.723603912,0.0,2.099994417,0.0
16822,2.723603912,0.0,17.783209326,0.0
16823,1.864138708,1.0,1.012725893,1.0
16824,1.864138708,1.0,4.049015033,1.0
16825,2.074770717,1.0,1.012725893,1.0
16826,2.074770717,1.0,0.947620525,0.0
16827,2.074770717,1.0,3.159716191,1.0
16828,2.074770717,1.0,2.715038263,1.0
16829,2.074770717,1.0,15.870165456,1.0
16830,14.322544947,1.0,3.015764489,1.0
16831,14.322544947,1.0,1.210529583,1.0
16832,14.322544947,1.0,2.921492185,1.0
16833,14.322544947,1.0,2.813927745,1.0
16834,14.322544947,1.0,0.8875917075,1.0
16835,14.322544947,1.0,3.352863538,1.0
16836,14.322544947,1.0,2.129545428,1.0
16837,14.322544947,1.0,3.016153071,1.0
16838,5.224099792,1.0,3.015764489,1.0
16839,5.224099792,1.0,0.3948894145,1.0
16840,5.224099792,1.0,0.9995695797,1.0
16841,5.224099792,1.0,1.362136139,1.0
16842,5.224099792,1.0,2.248241315,1.0
16843,5.224099792,1.0,6.511716027,1.0
16844,0.7729825794,1.0,3.015764489,1.0
16845,0.7729825794,1.0,0.7595171239,1.0
16846,1.630109801,1.0,3.43449329,1.0
16847,1.630109801,1.0,1.518626966,1.0
16848,1.630109801,1.0,3.70190714,1.0
16849,1.630109801,1.0,3.714813308,1.0
16850,1.630109801,1.0,1.839217057,1.0
16851,1.630109801,1.0,3.997483672,1.0
16852,4.375431128,1.0,1.518626966,1.0
16853,4.375431128,1.0,2.028649949,1.0
16854,4.375431128,1.0,4.049015033,1.0
16855,4.375431128,1.0,0.7245745632,1.0
16856,4.375431128,1.0,2.809004532,1.0
16857,4.375431128,1.0,4.454989283,1.0
16858,4.375431128,1.0,10.535936863,1.0
16859,4.375431128,1.0,0.3029124476,1.0
16860,0.9038718338,1.0,1.518626966,1.0
16861,0.9038718338,1.0,3.70190714,1.0
16862,0.9038718338,1.0,1.035390766,1.0
16863,3.533919577,1.0,14.322544947,1.0
16864,3.533919577,1.0,5.550735926,1.0
16865,3.533919577,1.0,1.548032104,1.0
16866,3.533919577,1.0,0.7176534813,1.0
16867,3.533919577,1.0,6.523478423,1.0
16868,1.548032104,1.0,14.322544947,1.0
16869,1.548032104,1.0,2.809004532,1.0
16870,1.548032104,1.0,0.8875917075,1.0
16871,1.548032104,1.0,0.6330533371,1.0
16872,1.548032104,1.0,3.016153071,1.0
16873,0.8875917075,1.0,14.322544947,1.0
16874,0.8875917075,1.0,3.533919577,1.0
16875,0.8875917075,1.0,1.210529583,1.0
16876,0.8875917075,1.0,4.055745006,1.0
16877,0.8875917075,1.0,2.813927745,1.0
16878,0.8875917075,1.0,1.548032104,1.0
16879,0.8875917075,1.0,1.548684587,1.0
16880,0.8875917075,1.0,3.608166504,1.0
16881,2.92817098,1.0,6.991302037,1.0
16882,2.92817098,1.0,18.92806364,1.0
16883,2.92817098,1.0,2.813927745,1.0
16884,2.92817098,1.0,1.739904876,1.0
16885,2.92817098,1.0,1.548684587,1.0
16886,2.92817098,1.0,0.8875917075,1.0
16887,2.92817098,1.0,4.366475249,1.0
16888,2.92817098,1.0,1.362136139,1.0
16889,2.92817098,1.0,2.248241315,1.0
16890,0.7176534813,1.0,0.7595171239,1.0
16891,0.7176534813,1.0,4.454989283,1.0
16892,2.248241315,1.0,0.7595171239,1.0
16893,2.248241315,1.0,5.224099792,1.0
16894,2.248241315,1.0,4.055745006,1.0
16895,2.248241315,1.0,4.12828457,1.0
16896,2.248241315,1.0,3.879550946,1.0
16897,2.248241315,1.0,7.202857483,1.0
16898,2.248241315,1.0,1.362136139,1.0
16899,3.128520781,1.0,37.392342771,1.0
16900,3.128520781,1.0,2.661209826,1.0
16901,3.128520781,1.0,2.551878243,1.0
16902,22.880030432,1.0,37.392342771,1.0
16903,22.880030432,1.0,4.075596891,1.0
16904,22.880030432,1.0,153.378432818,1.0
16905,22.880030432,1.0,12.307254829,1.0
16906,3.696128234,1.0,37.392342771,1.0
16907,3.696128234,1.0,13.950356735,1.0
16908,3.696128234,1.0,7.500010293,1.0
16909,3.696128234,1.0,153.378432818,1.0
16910,3.696128234,1.0,8.177023242,0.0
16911,3.696128234,1.0,3.341894097,1.0
16912,3.696128234,1.0,2.129545428,1.0
16913,3.696128234,1.0,8.495133609,1.0
16914,3.696128234,1.0,11.305962931,1.0
16915,3.696128234,1.0,3.288067738,1.0
16916,3.696128234,1.0,3.177860741,1.0
16917,3.696128234,1.0,1.845319539,1.0
16918,3.696128234,1.0,23.450551653,1.0
16919,3.696128234,1.0,4.753731003,1.0
16920,3.696128234,1.0,1.280519931,1.0
16921,3.696128234,1.0,9.820527386,1.0
16922,3.696128234,1.0,39.845944866,1.0
16923,3.071931185,1.0,37.392342771,1.0
16924,3.071931185,1.0,3.660314357,1.0
16925,3.071931185,1.0,5.17795514,1.0
16926,3.071931185,1.0,153.378432818,1.0
16927,3.071931185,1.0,8.177023242,0.0
16928,3.071931185,1.0,6.396409402,1.0
16929,3.071931185,1.0,4.045987677,1.0
16930,3.071931185,1.0,2.49777588,1.0
16931,3.071931185,1.0,0.6705666026,1.0
16932,2.49253761,1.0,37.392342771,1.0
16933,2.49253761,1.0,23.127912882,1.0
16934,2.49253761,1.0,5.173055758,1.0
16935,2.49253761,1.0,8.177023242,0.0
16936,2.49253761,1.0,2.942608565,1.0
16937,2.49253761,1.0,2.043936169,1.0
16938,2.49253761,1.0,11.305962931,1.0
16939,2.49253761,1.0,4.690452556,1.0
16940,2.49253761,1.0,12.307254829,1.0
16941,2.49253761,1.0,0.3654834683,1.0
16942,2.49253761,1.0,0.6705666026,1.0
16943,2.49253761,1.0,6.415927604,1.0
16944,2.49253761,1.0,2.947136582,1.0
16945,2.095835426,1.0,1.471527839,1.0
16946,2.095835426,1.0,0.7245745632,1.0
16947,2.095835426,1.0,1.739904876,1.0
16948,2.095835426,1.0,1.591252315,1.0
16949,2.095835426,1.0,16.78227115,1.0
16950,2.095835426,1.0,3.016888806,1.0
16951,0.7635548078,1.0,1.471527839,1.0
16952,0.7635548078,1.0,3.320254456,1.0
16953,1.210529583,1.0,5.550735926,1.0
16954,1.210529583,1.0,10.083068104,1.0
16955,1.210529583,1.0,3.016153071,1.0
16956,4.635577276,1.0,5.550735926,1.0
16957,4.635577276,1.0,8.166830757,1.0
16958,3.352863538,1.0,5.550735926,1.0
16959,3.352863538,1.0,1.548032104,1.0
16960,3.352863538,1.0,10.535936863,1.0
16961,3.352863538,1.0,0.6330533371,1.0
16962,3.352863538,1.0,12.298587398,1.0
16963,12.298587398,1.0,5.550735926,1.0
16964,12.298587398,1.0,1.548684587,1.0
16965,12.298587398,1.0,10.132620344,1.0
16966,8.057845528,1.0,18.95354209,1.0
16967,8.057845528,1.0,5.17795514,1.0
16968,8.057845528,1.0,5.734774545,1.0
16969,8.057845528,1.0,5.756985413,1.0
16970,8.057845528,1.0,0.3654834683,1.0
16971,8.057845528,1.0,7.491649438,1.0
16972,8.057845528,1.0,39.845944866,1.0
16973,5.206241117,0.0,18.95354209,1.0
16974,5.206241117,0.0,34.366867977,0.0
16975,5.206241117,0.0,27.727856837,0.0
16976,5.206241117,0.0,2.192416695,1.0
16977,5.206241117,0.0,35.374851173,0.0
16978,5.206241117,0.0,26.668067758,0.0
16979,5.206241117,0.0,7.99491551,0.0
16980,5.206241117,0.0,5.526283878,0.0
16981,10.349034039,1.0,18.95354209,1.0
16982,10.349034039,1.0,1.999447028,1.0
16983,10.349034039,1.0,13.950356735,1.0
16984,10.349034039,1.0,153.378432818,1.0
16985,10.349034039,1.0,21.80995475,1.0
16986,10.349034039,1.0,3.436895491,1.0
16987,10.349034039,1.0,14.930979187,1.0
16988,10.349034039,1.0,5.466959489,1.0
16989,10.349034039,1.0,18.996217281,1.0
16990,10.349034039,1.0,3.288067738,1.0
16991,10.349034039,1.0,6.396409402,1.0
16992,10.349034039,1.0,18.00089822,1.0
16993,10.349034039,1.0,7.373882175,1.0
16994,10.349034039,1.0,24.65499671,1.0
16995,10.349034039,1.0,4.627303628,1.0
16996,10.349034039,1.0,4.818576649,1.0
16997,3.372868411,0.0,18.95354209,1.0
16998,3.372868411,0.0,21.80995475,1.0
16999,3.372868411,0.0,1.64516445,1.0
17000,3.372868411,0.0,10.635386245,1.0
17001,3.372868411,0.0,2.271211233,1.0
17002,3.372868411,0.0,5.306124882,1.0
17003,3.372868411,0.0,5.844142797,0.0
17004,3.372868411,0.0,24.65499671,1.0
17005,3.372868411,0.0,7.491649438,1.0
17006,3.372868411,0.0,4.627303628,1.0
17007,3.372868411,0.0,2.947136582,1.0
17008,5.358211873,0.0,18.95354209,1.0
17009,5.358211873,0.0,11.081644824,0.0
17010,5.358211873,0.0,5.000374071,0.0
17011,5.358211873,0.0,4.167107991,0.0
17012,5.358211873,0.0,4.491154076,1.0
17013,5.358211873,0.0,3.750092612,0.0
17014,5.358211873,0.0,3.998340136,0.0
17015,5.358211873,0.0,4.633611071,0.0
17016,5.358211873,0.0,3.034535035,0.0
17017,5.358211873,0.0,2.632581182,0.0
17018,5.358211873,0.0,4.339661826,0.0
17019,5.358211873,0.0,3.675921038,0.0
17020,5.358211873,0.0,3.038162754,0.0
17021,5.358211873,0.0,8.225268379,0.0
17022,3.238436483,1.0,18.95354209,1.0
17023,3.238436483,1.0,1.999447028,1.0
17024,3.238436483,1.0,5.17795514,1.0
17025,3.238436483,1.0,7.770027438,1.0
17026,3.238436483,1.0,6.396409402,1.0
17027,3.238436483,1.0,20.418653862,1.0
17028,3.238436483,1.0,18.00089822,1.0
17029,3.238436483,1.0,5.506224572,1.0
17030,3.238436483,1.0,18.99975294,1.0
17031,3.238436483,1.0,38.515792955,1.0
17032,3.238436483,1.0,3.287873652,1.0
17033,3.238436483,1.0,1.280519931,1.0
17034,3.238436483,1.0,4.627303628,1.0
17035,3.238436483,1.0,5.823561992,1.0
17036,3.238436483,1.0,39.845944866,1.0
17037,5.306124882,1.0,18.95354209,1.0
17038,5.306124882,1.0,8.680223289,1.0
17039,5.306124882,1.0,153.378432818,1.0
17040,5.306124882,1.0,7.429994027,1.0
17041,5.306124882,1.0,21.80995475,1.0
17042,5.306124882,1.0,629.457019025,1.0
17043,5.306124882,1.0,0.08093531078,1.0
17044,5.306124882,1.0,14.930979187,1.0
17045,5.306124882,1.0,5.466959489,1.0
17046,5.306124882,1.0,5.756985413,1.0
17047,5.306124882,1.0,3.696128234,1.0
17048,5.306124882,1.0,5.722009525,0.0
17049,5.306124882,1.0,2.271211233,1.0
17050,5.306124882,1.0,3.288067738,1.0
17051,5.306124882,1.0,19.806237448,1.0
17052,5.306124882,1.0,1.93329749,1.0
17053,5.306124882,1.0,0.5130403028,1.0
17054,5.306124882,1.0,3.321244134,1.0
17055,5.306124882,1.0,23.450551653,1.0
17056,5.306124882,1.0,5.844142797,0.0
17057,5.306124882,1.0,19.845513323,1.0
17058,5.306124882,1.0,3.24512057,1.0
17059,5.306124882,1.0,6.257818439,1.0
17060,5.306124882,1.0,3.101439572,1.0
17061,5.306124882,1.0,9.885977802,1.0
17062,5.306124882,1.0,7.308146865,1.0
17063,5.306124882,1.0,24.65499671,1.0
17064,5.306124882,1.0,9.820527386,1.0
17065,5.306124882,1.0,5.257523475,1.0
17066,5.306124882,1.0,10.132620344,1.0
17067,5.306124882,1.0,6.008748456,1.0
17068,5.306124882,1.0,10.397099174,1.0
17069,39.845944866,1.0,18.95354209,1.0
17070,39.845944866,1.0,1.999447028,1.0
17071,39.845944866,1.0,12.644266328,1.0
17072,39.845944866,1.0,21.80995475,1.0
17073,39.845944866,1.0,8.057845528,1.0
17074,39.845944866,1.0,21.342876657,1.0
17075,39.845944866,1.0,6.604095251,1.0
17076,39.845944866,1.0,2.326080633,1.0
17077,39.845944866,1.0,3.696128234,1.0
17078,39.845944866,1.0,3.238436483,1.0
17079,39.845944866,1.0,24.186224197,1.0
17080,39.845944866,1.0,4.627303628,1.0
17081,39.845944866,1.0,4.818576649,1.0
17082,39.845944866,1.0,5.823561992,1.0
17083,10.695111153,1.0,18.92806364,1.0
17084,10.695111153,1.0,9.557871275,1.0
17085,10.695111153,1.0,17.625436226,1.0
17086,10.695111153,1.0,153.378432818,1.0
17087,10.695111153,1.0,1.186856672,1.0
17088,10.695111153,1.0,4.04841049,1.0
17089,10.695111153,1.0,3.363732976,1.0
17090,10.695111153,1.0,20.540037372,1.0
17091,10.695111153,1.0,2.326080633,1.0
17092,10.695111153,1.0,18.195908064,1.0
17093,10.695111153,1.0,3.071931185,1.0
17094,10.695111153,1.0,7.834900296,1.0
17095,4.826154305,1.0,18.92806364,1.0
17096,4.826154305,1.0,2.661209826,1.0
17097,4.826154305,1.0,6.604095251,1.0
17098,4.826154305,1.0,23.163711763,1.0
17099,4.826154305,1.0,8.324245087,1.0
17100,6.511716027,1.0,18.92806364,1.0
17101,6.511716027,1.0,2.028649949,1.0
17102,6.511716027,1.0,3.714813308,1.0
17103,6.511716027,1.0,4.221561247,1.0
17104,7.202857483,1.0,3.533919577,1.0
17105,7.202857483,1.0,2.809004532,1.0
17106,7.202857483,1.0,1.548684587,1.0
17107,7.202857483,1.0,3.608166504,1.0
17108,0.7595171239,1.0,1.91425566,1.0
17109,0.7595171239,1.0,4.055745006,1.0
17110,0.7595171239,1.0,0.7176534813,1.0
17111,0.7595171239,1.0,3.997483672,1.0
17112,2.809004532,1.0,1.91425566,1.0
17113,2.809004532,1.0,4.12828457,1.0
17114,2.809004532,1.0,0.7729825794,1.0
17115,2.809004532,1.0,0.9995695797,1.0
17116,2.809004532,1.0,2.248241315,1.0
17117,5.550735926,1.0,0.9345176651,1.0
17118,5.550735926,1.0,2.921492185,1.0
17119,5.550735926,1.0,0.8875917075,1.0
17120,5.550735926,1.0,8.03021403,1.0
17121,5.550735926,1.0,0.6330533371,1.0
17122,2.802911955,1.0,0.9407205668,1.0
17123,1.138637038,1.0,0.5073452471,1.0
17124,1.138637038,1.0,2.485741944,1.0
17125,1.138637038,1.0,1.591252315,1.0
17126,1.138637038,1.0,2.802911955,1.0
17127,1.138637038,1.0,0.7635548078,1.0
17128,3.016888806,1.0,0.5073452471,1.0
17129,1.91425566,1.0,4.055745006,1.0
17130,1.91425566,1.0,4.12828457,1.0
17131,1.91425566,1.0,2.813927745,1.0
17132,1.91425566,1.0,1.548032104,1.0
17133,1.91425566,1.0,3.608166504,1.0
17134,1.91425566,1.0,7.202857483,1.0
17135,1.91425566,1.0,0.9995695797,1.0
17136,1.91425566,1.0,6.511716027,1.0
17137,1.66895996,1.0,2.028649949,1.0
17138,1.66895996,1.0,10.199716022,1.0
17139,1.66895996,1.0,15.870165456,1.0
17140,38.434765646,1.0,2.028649949,1.0
17141,38.434765646,1.0,4.59696749,1.0
17142,38.434765646,1.0,8.655801073,1.0
17143,38.434765646,1.0,11.703124553,1.0
17144,38.434765646,1.0,5.226182218,1.0
17145,38.434765646,1.0,0.6167532631,1.0
17146,38.434765646,1.0,5.854779429,1.0
17147,38.434765646,1.0,49.330409711,1.0
17148,38.434765646,1.0,4.408001027,1.0
17149,5.56375401,1.0,2.074770717,1.0
17150,5.56375401,1.0,4.12828457,1.0
17151,5.56375401,1.0,2.809004532,1.0
17152,7.8698833,1.0,2.074770717,1.0
17153,7.8698833,1.0,1.839217057,1.0
17154,7.8698833,1.0,2.248241315,1.0
17155,7.8698833,1.0,3.124702326,1.0
17156,7.8698833,1.0,6.511716027,1.0
17157,0.607753475,1.0,0.9038718338,1.0
17158,0.607753475,1.0,1.035390766,1.0
17159,5.346595959,0.0,0.9038718338,1.0
17160,5.346595959,0.0,26.111237618,1.0
17161,6.991302037,1.0,4.12828457,1.0
17162,6.991302037,1.0,10.535936863,1.0
17163,6.991302037,1.0,3.608166504,1.0
17164,6.991302037,1.0,6.511716027,1.0
17165,0.3948894145,1.0,4.12828457,1.0
17166,4.454989283,1.0,4.12828457,1.0
17167,4.454989283,1.0,3.879550946,1.0
17168,4.454989283,1.0,0.9995695797,1.0
17169,1.415489532,1.0,4.049015033,1.0
17170,16.78227115,1.0,4.049015033,1.0
17171,3.016153071,1.0,2.921492185,1.0
17172,3.016153071,1.0,10.535936863,1.0
17173,3.016153071,1.0,1.548684587,1.0
17174,3.016153071,1.0,1.726522048,1.0
17175,3.016153071,1.0,5.218558112,0.0
17176,10.199716022,1.0,2.813927745,1.0
17177,10.199716022,1.0,16.78227115,1.0
17178,3.050570362,1.0,2.813927745,1.0
17179,3.050570362,1.0,1.155626465,0.0
17180,3.050570362,1.0,6.563758561,1.0
17181,0.5073452471,1.0,0.7245745632,1.0
17182,0.5073452471,1.0,1.138637038,1.0
17183,9.153441064,1.0,0.7245745632,1.0
17184,9.153441064,1.0,3.441904024,1.0
17185,9.153441064,1.0,6.63113924,1.0
17186,9.153441064,1.0,7.440375649,1.0
17187,9.153441064,1.0,8.327704218,1.0
17188,9.153441064,1.0,8.629651598,1.0
17189,9.153441064,1.0,5.521065503,1.0
17190,9.153441064,1.0,7.253592044,1.0
17191,9.153441064,1.0,10.277541211,1.0
17192,9.153441064,1.0,10.57156896,1.0
17193,9.153441064,1.0,11.362555877,1.0
17194,9.153441064,1.0,3.208916221,1.0
17195,9.153441064,1.0,3.799529216,1.0
17196,9.153441064,1.0,3.320254456,1.0
17197,9.153441064,1.0,13.070268138,1.0
17198,9.153441064,1.0,10.198167248,1.0
17199,9.153441064,1.0,5.648012104,1.0
17200,6.523478423,1.0,1.548032104,1.0
17201,4.399667024,1.0,3.714813308,1.0
17202,4.355024749,0.0,3.714813308,1.0
17203,4.355024749,0.0,6.855343951,0.0
17204,8.589778762,0.0,1.788033695,0.0
17205,8.589778762,0.0,3.57961777,0.0
17206,31.447501933,1.0,1.839217057,1.0
17207,2.781833463,0.0,2.187260161,0.0
17208,2.921492185,1.0,1.548684587,1.0
17209,2.921492185,1.0,31.447501933,1.0
17210,2.921492185,1.0,12.298587398,1.0
17211,8.110253395,0.0,10.199716022,1.0
17212,8.03021403,1.0,0.8875917075,1.0
17213,6.008978366,1.0,3.660314357,1.0
17214,6.008978366,1.0,5.17795514,1.0
17215,6.008978366,1.0,4.958403349,1.0
17216,6.008978366,1.0,153.378432818,1.0
17217,6.008978366,1.0,0.1958913398,1.0
17218,6.008978366,1.0,88.449822594,0.0
17219,6.008978366,1.0,2.661209826,1.0
17220,6.008978366,1.0,2.129998017,1.0
17221,6.008978366,1.0,1.286863813,1.0
17222,6.008978366,1.0,2.938644066,1.0
17223,6.008978366,1.0,2.942608565,1.0
17224,6.008978366,1.0,9.515976293,1.0
17225,6.008978366,1.0,6.17753814,1.0
17226,6.008978366,1.0,0.6705666026,1.0
17227,6.008978366,1.0,0.7346031658,1.0
17228,6.008978366,1.0,2.148455503,1.0
17229,6.008978366,1.0,1.400644306,1.0
17230,6.008978366,1.0,7.036139984,1.0
17231,12.122598978,1.0,3.660314357,1.0
17232,1.114800644,1.0,3.660314357,1.0
17233,1.114800644,1.0,17.625436226,1.0
17234,1.114800644,1.0,7.094234271,1.0
17235,1.114800644,1.0,2.189977057,1.0
17236,1.114800644,1.0,6.208512798,1.0
17237,7.360620477,1.0,3.660314357,1.0
17238,7.360620477,1.0,8.057845528,1.0
17239,7.360620477,1.0,5.734774545,1.0
17240,7.360620477,1.0,6.17753814,1.0
17241,7.360620477,1.0,3.288067738,1.0
17242,7.360620477,1.0,4.979689688,1.0
17243,7.360620477,1.0,10.397099174,1.0
17244,3.352271824,1.0,3.608166504,1.0
17245,3.352271824,1.0,3.553610697,1.0
17246,18.584471439,0.0,75.77402169,0.0
17247,18.584471439,0.0,1.709430704,0.0
17248,18.584471439,0.0,14.939595736,0.0
17249,18.584471439,0.0,34.366867977,0.0
17250,18.584471439,0.0,27.727856837,0.0
17251,18.584471439,0.0,52.842355823,0.0
17252,18.584471439,0.0,8.020350441,1.0
17253,18.584471439,0.0,35.374851173,0.0
17254,18.584471439,0.0,8.149136421,0.0
17255,18.584471439,0.0,61.033765457,0.0
17256,18.584471439,0.0,10.51791993,0.0
17257,18.584471439,0.0,18.91100563,0.0
17258,18.584471439,0.0,5.526283878,0.0
17259,18.584471439,0.0,8.615332064,0.0
17260,18.584471439,0.0,0.3965622529,0.0
17261,18.584471439,0.0,22.431469976,0.0
17262,18.584471439,0.0,11.778400279,1.0
17263,12.435498413,0.0,75.77402169,0.0
17264,12.435498413,0.0,6.125094563,0.0
17265,12.435498413,0.0,61.033765457,0.0
17266,1.719961452,1.0,1.246961627,1.0
17267,0.7990167283,0.0,1.246961627,1.0
17268,0.7650038087,0.0,1.706200878,0.0
17269,0.7650038087,0.0,0.768314507,0.0
17270,17.762839048,1.0,12.457716354,1.0
17271,17.762839048,1.0,4.09207587,1.0
17272,17.762839048,1.0,13.478950925,0.0
17273,17.762839048,1.0,10.038287437,1.0
17274,17.762839048,1.0,2.888906621,1.0
17275,17.762839048,1.0,12.780643481,1.0
17276,17.762839048,1.0,4.036846382,1.0
17277,1.393107025,1.0,12.457716354,1.0
17278,1.393107025,1.0,5.173046124,1.0
17279,1.393107025,1.0,13.445185063,1.0
17280,1.393107025,1.0,3.492015655,1.0
17281,1.393107025,1.0,5.754331368,1.0
17282,1.393107025,1.0,7.135698552,1.0
17283,1.393107025,1.0,3.320254456,1.0
17284,3.923454175,1.0,14.639793863,1.0
17285,3.923454175,1.0,4.381866605,1.0
17286,3.923454175,1.0,33.569029236,1.0
17287,3.923454175,1.0,19.806237448,1.0
17288,3.923454175,1.0,1.213586358,1.0
17289,3.923454175,1.0,10.861725655,1.0
17290,3.923454175,1.0,2.390961954,1.0
17291,3.923454175,1.0,8.516840935,1.0
17292,3.923454175,1.0,18.855302324,1.0
17293,3.923454175,1.0,8.105857013,1.0
17294,3.923454175,1.0,6.026101551,1.0
17295,4.245903096,1.0,3.414323425,1.0
17296,4.245903096,1.0,22.627451627,1.0
17297,4.245903096,1.0,5.32825762,1.0
17298,4.245903096,1.0,15.611347975,1.0
17299,4.245903096,1.0,7.094763502,1.0
17300,4.245903096,1.0,7.214621746,1.0
17301,4.245903096,1.0,10.116729733,1.0
17302,4.245903096,1.0,8.735817523,1.0
17303,4.245903096,1.0,14.998267347,1.0
17304,4.245903096,1.0,5.014749404,1.0
17305,4.245903096,1.0,10.123192269,1.0
17306,4.245903096,1.0,4.709903611,1.0
17307,4.245903096,1.0,10.006734416,1.0
17308,4.245903096,1.0,9.171306539,1.0
17309,4.245903096,1.0,18.586858472,1.0
17310,4.245903096,1.0,12.835121545,1.0
17311,4.245903096,1.0,37.938945266,1.0
17312,4.245903096,1.0,7.207826876,1.0
17313,4.245903096,1.0,35.503722327,1.0
17314,4.245903096,1.0,21.17309223,1.0
17315,3.316393044,1.0,3.414323425,1.0
17316,3.316393044,1.0,12.644266328,1.0
17317,3.316393044,1.0,5.209010614,1.0
17318,3.316393044,1.0,53.620745395,1.0
17319,3.316393044,1.0,6.109671996,1.0
17320,3.316393044,1.0,7.748182289,1.0
17321,3.316393044,1.0,2.825110966,1.0
17322,3.316393044,1.0,14.467004793,1.0
17323,3.316393044,1.0,22.680958327,1.0
17324,3.316393044,1.0,4.300773021,1.0
17325,3.316393044,1.0,0.6579688451,1.0
17326,3.316393044,1.0,4.046228683,1.0
17327,3.316393044,1.0,4.829505682,1.0
17328,10.235504409,1.0,3.414323425,1.0
17329,10.235504409,1.0,4.543431095,1.0
17330,10.235504409,1.0,6.057768872,1.0
17331,10.235504409,1.0,4.678165374,1.0
17332,10.235504409,1.0,15.611347975,1.0
17333,10.235504409,1.0,17.059242232,1.0
17334,10.235504409,1.0,3.855461904,1.0
17335,10.235504409,1.0,19.806237448,1.0
17336,10.235504409,1.0,7.469166361,1.0
17337,10.235504409,1.0,3.73091468,1.0
17338,10.235504409,1.0,3.00079294,1.0
17339,10.235504409,1.0,6.903729822,1.0
17340,10.235504409,1.0,7.659051738,1.0
17341,10.235504409,1.0,6.305349834,1.0
17342,10.235504409,1.0,4.491154076,1.0
17343,10.235504409,1.0,8.107437704,1.0
17344,10.235504409,1.0,0.182405511,1.0
17345,10.235504409,1.0,18.598069279,1.0
17346,10.235504409,1.0,37.938945266,1.0
17347,10.235504409,1.0,8.516840935,1.0
17348,10.235504409,1.0,16.979769685,1.0
17349,7.362360638,1.0,3.414323425,1.0
17350,7.362360638,1.0,12.644266328,1.0
17351,7.362360638,1.0,7.493519305,1.0
17352,7.362360638,1.0,3.436895491,1.0
17353,7.362360638,1.0,3.560045955,1.0
17354,7.362360638,1.0,5.341431198,1.0
17355,7.362360638,1.0,35.190700103,1.0
17356,7.362360638,1.0,8.334980135,1.0
17357,7.362360638,1.0,5.38214551,1.0
17358,5.506224572,1.0,8.501191644,1.0
17359,5.506224572,1.0,2.2197354,1.0
17360,5.506224572,1.0,9.643040622,1.0
17361,5.506224572,1.0,6.120753644,1.0
17362,5.506224572,1.0,5.142898705,1.0
17363,5.506224572,1.0,8.188774877,1.0
17364,5.506224572,1.0,6.394778045,1.0
17365,5.506224572,1.0,18.996217281,1.0
17366,5.506224572,1.0,20.418653862,1.0
17367,5.506224572,1.0,18.195908064,1.0
17368,5.506224572,1.0,12.671115978,1.0
17369,5.506224572,1.0,18.00089822,1.0
17370,5.506224572,1.0,6.816885683,1.0
17371,5.506224572,1.0,5.847750914,1.0
17372,5.506224572,1.0,3.767829505,1.0
17373,5.506224572,1.0,5.894179482,1.0
17374,5.506224572,1.0,3.560045955,1.0
17375,5.506224572,1.0,18.99975294,1.0
17376,5.506224572,1.0,3.836845692,1.0
17377,5.506224572,1.0,4.140323188,1.0
17378,5.506224572,1.0,8.334980135,1.0
17379,5.506224572,1.0,8.988959255,1.0
17380,46.571690966,1.0,40.90551563,1.0
17381,46.571690966,1.0,4.995556646,1.0
17382,26.668067758,0.0,40.90551563,1.0
17383,26.668067758,0.0,644.303257967,0.0
17384,26.668067758,0.0,6.396811195,0.0
17385,26.668067758,0.0,7.605207699,0.0
17386,26.668067758,0.0,233.692864157,0.0
17387,26.668067758,0.0,3.701022125,1.0
17388,26.668067758,0.0,35.374851173,0.0
17389,26.668067758,0.0,6.247337911,0.0
17390,26.668067758,0.0,26.359111832,0.0
17391,26.668067758,0.0,8.542290561,0.0
17392,26.668067758,0.0,8.149136421,0.0
17393,26.668067758,0.0,8.394491298,0.0
17394,26.668067758,0.0,7.99491551,0.0
17395,26.668067758,0.0,20.051027715,0.0
17396,26.668067758,0.0,8.445477148,0.0
17397,26.668067758,0.0,5.526283878,0.0
17398,26.668067758,0.0,0.3965622529,0.0
17399,26.668067758,0.0,22.79047831,0.0
17400,19.467428092,1.0,40.90551563,1.0
17401,19.467428092,1.0,53.620745395,1.0
17402,19.467428092,1.0,23.009498747,1.0
17403,19.467428092,1.0,15.925449164,1.0
17404,19.467428092,1.0,15.066753188,1.0
17405,19.467428092,1.0,5.32825762,1.0
17406,19.467428092,1.0,7.214621746,1.0
17407,19.467428092,1.0,10.123192269,1.0
17408,19.467428092,1.0,6.384550977,0.0
17409,19.467428092,1.0,1.380324536,1.0
17410,19.467428092,1.0,9.761304358,1.0
17411,19.467428092,1.0,6.963512648,1.0
17412,19.467428092,1.0,18.598069279,1.0
17413,19.467428092,1.0,37.938945266,1.0
17414,19.467428092,1.0,5.450804765,1.0
17415,19.467428092,1.0,4.441750842,1.0
17416,19.467428092,1.0,14.597938965,1.0
17417,19.467428092,1.0,4.818576649,1.0
17418,19.467428092,1.0,12.292862519,1.0
17419,19.467428092,1.0,3.952164526,1.0
17420,5.515386787,1.0,40.90551563,1.0
17421,5.515386787,1.0,4.051893071,1.0
17422,5.515386787,1.0,629.457019025,1.0
17423,5.515386787,1.0,8.196082118,1.0
17424,221.127687829,0.0,25.210371297,0.0
17425,221.127687829,0.0,8.372930307,0.0
17426,221.127687829,0.0,10.361449499,0.0
17427,221.127687829,0.0,7.765033988,0.0
17428,221.127687829,0.0,17.956236976,0.0
17429,221.127687829,0.0,63.638655974,0.0
17430,221.127687829,0.0,38.950111199,0.0
17431,221.127687829,0.0,26.951913011,0.0
17432,221.127687829,0.0,11.725027097,0.0
17433,221.127687829,0.0,76.190513876,0.0
17434,221.127687829,0.0,20.478210038,0.0
17435,221.127687829,0.0,5.083767503,0.0
17436,221.127687829,0.0,1.738204538,0.0
17437,5.221357161,0.0,25.210371297,0.0
17438,5.221357161,0.0,10.007962681,0.0
17439,5.221357161,0.0,82.132467318,0.0
17440,5.221357161,0.0,1.738204538,0.0
17441,16.222318711,0.0,25.210371297,0.0
17442,16.222318711,0.0,8.372930307,0.0
17443,16.222318711,0.0,5.695326751,0.0
17444,16.222318711,0.0,10.007962681,0.0
17445,16.222318711,0.0,31.940000062,0.0
17446,16.222318711,0.0,6.125094563,0.0
17447,16.222318711,0.0,9.048977587,0.0
17448,16.222318711,0.0,8.195639278,0.0
17449,16.222318711,0.0,10.675268286,0.0
17450,16.222318711,0.0,3.826735763,0.0
17451,16.222318711,0.0,55.798294359,0.0
17452,16.222318711,0.0,59.17079679,0.0
17453,16.222318711,0.0,56.533506932,0.0
17454,16.222318711,0.0,37.446974395,0.0
17455,36.885952822,0.0,25.210371297,0.0
17456,36.885952822,0.0,76.190513876,0.0
17457,36.885952822,0.0,166.229730993,0.0
17458,10.526478734,0.0,25.210371297,0.0
17459,10.526478734,0.0,7.975307176,0.0
17460,10.526478734,0.0,23.004257875,0.0
17461,10.526478734,0.0,2.484388825,0.0
17462,10.526478734,0.0,4.149862316,0.0
17463,10.526478734,0.0,3.331422192,1.0
17464,10.526478734,0.0,11.769430661,0.0
17465,13.588359249,0.0,0.04929124894,0.0
17466,13.588359249,0.0,12.121050526,0.0
17467,13.588359249,0.0,16.222318711,0.0
17468,13.588359249,0.0,81.191995969,0.0
17469,13.588359249,0.0,166.229730993,0.0
17470,10.603153598,0.0,49.446131829,0.0
17471,10.603153598,0.0,7.765033988,0.0
17472,10.603153598,0.0,17.635672416,0.0
17473,10.603153598,0.0,14.272640522,0.0
17474,10.603153598,0.0,9.807544254,0.0
17475,5.189802079,0.0,49.446131829,0.0
17476,12.658976161,0.0,49.446131829,0.0
17477,12.658976161,0.0,82.132467318,0.0
17478,644.303257967,0.0,49.446131829,0.0
17479,644.303257967,0.0,52.842355823,0.0
17480,644.303257967,0.0,13.248713101,0.0
17481,644.303257967,0.0,233.692864157,0.0
17482,644.303257967,0.0,166.229730993,0.0
17483,644.303257967,0.0,17.167266676,0.0
17484,644.303257967,0.0,12.094522896,0.0
17485,644.303257967,0.0,21.722429847,0.0
17486,7.765033988,0.0,49.446131829,0.0
17487,7.765033988,0.0,6.856312521,0.0
17488,7.765033988,0.0,26.945092667,0.0
17489,7.765033988,0.0,12.052625476,0.0
17490,7.765033988,0.0,17.69454432,0.0
17491,7.765033988,0.0,8.888795637,0.0
17492,7.765033988,0.0,7.596552305,0.0
17493,41.586679644,0.0,49.446131829,0.0
17494,41.586679644,0.0,82.132467318,0.0
17495,41.586679644,0.0,13.248713101,0.0
17496,41.586679644,0.0,14.773132849,0.0
17497,41.586679644,0.0,5.707759977,0.0
17498,41.586679644,0.0,12.036123327,0.0
17499,41.586679644,0.0,9.236775305,0.0
17500,41.586679644,0.0,11.111467247,0.0
17501,41.586679644,0.0,39.625253586,0.0
17502,41.586679644,0.0,10.545807272,0.0
17503,41.586679644,0.0,2.66868618,0.0
17504,41.586679644,0.0,70.32919481,0.0
17505,10.005926663,0.0,49.446131829,0.0
17506,10.005926663,0.0,12.142662257,0.0
17507,10.005926663,0.0,20.265692084,0.0
17508,10.005926663,0.0,11.605803568,0.0
17509,10.005926663,0.0,7.994288181,0.0
17510,10.005926663,0.0,32.749514866,0.0
17511,10.675268286,0.0,49.446131829,0.0
17512,10.675268286,0.0,50.495419242,0.0
17513,10.675268286,0.0,20.533248585,0.0
17514,9.27739216,0.0,49.446131829,0.0
17515,9.27739216,0.0,9.231275489,0.0
17516,9.27739216,0.0,19.802798823,0.0
17517,9.27739216,0.0,10.85465712,0.0
17518,9.27739216,0.0,13.387590061,0.0
17519,10.937040822,0.0,49.446131829,0.0
17520,10.937040822,0.0,0.1237617742,0.0
17521,10.937040822,0.0,81.191995969,0.0
17522,10.937040822,0.0,17.029304851,0.0
17523,10.937040822,0.0,50.729691391,0.0
17524,10.937040822,0.0,27.886746336,0.0
17525,10.937040822,0.0,19.854018686,0.0
17526,10.937040822,0.0,16.471802076,0.0
17527,10.937040822,0.0,56.533506932,0.0
17528,10.937040822,0.0,15.731819137,0.0
17529,12.121050526,0.0,221.127687829,0.0
17530,12.121050526,0.0,8.372930307,0.0
17531,12.121050526,0.0,13.588359249,0.0
17532,12.121050526,0.0,6.125094563,0.0
17533,12.121050526,0.0,11.769430661,0.0
17534,63.638655974,0.0,221.127687829,0.0
17535,63.638655974,0.0,58.299626878,0.0
17536,63.638655974,0.0,17.956236976,0.0
17537,63.638655974,0.0,14.7844653,0.0
17538,63.638655974,0.0,38.950111199,0.0
17539,63.638655974,0.0,25.388131117,0.0
17540,63.638655974,0.0,16.171154926,0.0
17541,63.638655974,0.0,13.188256381,0.0
17542,63.638655974,0.0,4.453474372,0.0
17543,63.638655974,0.0,26.951913011,0.0
17544,63.638655974,0.0,10.297864709,0.0
17545,63.638655974,0.0,5.083767503,0.0
17546,63.638655974,0.0,68.828085539,0.0
17547,63.638655974,0.0,14.723673279,0.0
17548,63.638655974,0.0,9.931126983,0.0
17549,63.638655974,0.0,25.361404636,0.0
17550,63.638655974,0.0,149.102088463,0.0
17551,63.638655974,0.0,10.753671037,0.0
17552,63.638655974,0.0,13.40154723,0.0
17553,63.638655974,0.0,0.2163006742,0.0
17554,38.950111199,0.0,221.127687829,0.0
17555,38.950111199,0.0,5.646775288,0.0
17556,38.950111199,0.0,63.638655974,0.0
17557,38.950111199,0.0,39.186740427,0.0
17558,38.950111199,0.0,76.190513876,0.0
17559,38.950111199,0.0,5.083767503,0.0
17560,38.950111199,0.0,68.828085539,0.0
17561,38.950111199,0.0,25.361404636,0.0
17562,38.950111199,0.0,149.102088463,0.0
17563,38.950111199,0.0,13.40154723,0.0
17564,68.828085539,0.0,221.127687829,0.0
17565,68.828085539,0.0,25.448562517,0.0
17566,68.828085539,0.0,63.638655974,0.0
17567,68.828085539,0.0,38.950111199,0.0
17568,68.828085539,0.0,5.810539423,0.0
17569,68.828085539,0.0,5.943829326,0.0
17570,68.828085539,0.0,8.543727113,0.0
17571,68.828085539,0.0,76.190513876,0.0
17572,68.828085539,0.0,5.083767503,0.0
17573,68.828085539,0.0,149.102088463,0.0
17574,68.828085539,0.0,21.568777428,0.0
17575,68.828085539,0.0,56.533506932,0.0
17576,13.671251512,0.0,13.731164167,0.0
17577,13.671251512,0.0,8.372930307,0.0
17578,13.671251512,0.0,13.588359249,0.0
17579,13.671251512,0.0,11.101141823,0.0
17580,13.671251512,0.0,5.707759977,0.0
17581,13.671251512,0.0,12.791144486,0.0
17582,13.671251512,0.0,21.568777428,0.0
17583,15.92488598,0.0,13.731164167,0.0
17584,15.92488598,0.0,5.646775288,0.0
17585,15.92488598,0.0,16.174970412,0.0
17586,15.92488598,0.0,27.886746336,0.0
17587,15.92488598,0.0,10.278703297,0.0
17588,15.92488598,0.0,6.29389923,0.0
17589,15.92488598,0.0,61.033765457,0.0
17590,15.92488598,0.0,110.667774495,0.0
17591,15.92488598,0.0,6.783354446,0.0
17592,15.92488598,0.0,8.149810633,0.0
17593,15.92488598,0.0,16.261504351,0.0
17594,10.142363927,0.0,13.731164167,0.0
17595,10.142363927,0.0,5.501297319,0.0
17596,10.142363927,0.0,7.758575688,0.0
17597,10.142363927,0.0,12.142662257,0.0
17598,10.142363927,0.0,38.884839197,0.0
17599,10.142363927,0.0,19.854018686,0.0
17600,25.282307688,0.0,13.731164167,0.0
17601,25.282307688,0.0,26.964553761,0.0
17602,25.282307688,0.0,166.229730993,0.0
17603,25.282307688,0.0,8.892842635,0.0
17604,9.026330067,0.0,13.731164167,0.0
17605,9.026330067,0.0,17.926035137,0.0
17606,9.026330067,0.0,18.037301542,0.0
17607,9.026330067,0.0,1.067421882,0.0
17608,9.026330067,0.0,166.229730993,0.0
17609,9.026330067,0.0,38.884839197,0.0
17610,9.026330067,0.0,25.471798052,0.0
17611,9.026330067,0.0,13.352047978,0.0
17612,9.026330067,0.0,56.533506932,0.0
17613,38.884839197,0.0,13.731164167,0.0
17614,38.884839197,0.0,27.886746336,0.0
17615,38.884839197,0.0,9.026330067,0.0
17616,38.884839197,0.0,25.388131117,0.0
17617,38.884839197,0.0,166.229730993,0.0
17618,38.884839197,0.0,13.352047978,0.0
17619,38.884839197,0.0,13.463816358,0.0
17620,38.884839197,0.0,5.48985448,0.0
17621,38.884839197,0.0,10.321111206,0.0
17622,5.48985448,0.0,13.731164167,0.0
17623,5.48985448,0.0,16.222318711,0.0
17624,5.48985448,0.0,28.217529498,0.0
17625,5.48985448,0.0,17.926035137,0.0
17626,5.48985448,0.0,39.625253586,0.0
17627,5.48985448,0.0,27.886746336,0.0
17628,5.48985448,0.0,13.352047978,0.0
17629,5.48985448,0.0,59.17079679,0.0
17630,5.48985448,0.0,13.463816358,0.0
17631,5.48985448,0.0,10.135838774,0.0
17632,5.48985448,0.0,9.807544254,0.0
17633,5.48985448,0.0,11.223514879,0.0
17634,5.48985448,0.0,10.321111206,0.0
17635,5.48985448,0.0,12.294504591,0.0
17636,59.17079679,0.0,8.372930307,0.0
17637,59.17079679,0.0,16.222318711,0.0
17638,59.17079679,0.0,11.802286831,0.0
17639,56.948170242,0.0,5.695326751,0.0
17640,56.948170242,0.0,6.182939494,0.0
17641,11.025930702,0.0,5.695326751,0.0
17642,11.025930702,0.0,8.127332825,0.0
17643,12.791144486,0.0,13.588359249,0.0
17644,12.791144486,0.0,12.121050526,0.0
17645,12.791144486,0.0,81.191995969,0.0
17646,12.791144486,0.0,11.101141823,0.0
17647,12.791144486,0.0,9.405131629,0.0
17648,12.791144486,0.0,59.17079679,0.0
17649,12.791144486,0.0,21.568777428,0.0
17650,12.791144486,0.0,32.512744515,0.0
17651,5.994541125,0.0,5.501297319,0.0
17652,5.994541125,0.0,12.142662257,0.0
17653,5.994541125,0.0,7.666133462,0.0
17654,5.994541125,0.0,57.306429812,0.0
17655,5.994541125,0.0,32.512744515,0.0
17656,4.167464205,0.0,7.758575688,0.0
17657,4.167464205,0.0,9.723321295,0.0
17658,17.956236976,0.0,10.272132303,0.0
17659,17.956236976,0.0,8.259451739,0.0
17660,12.036123327,0.0,10.272132303,0.0
17661,12.036123327,0.0,20.265692084,0.0
17662,12.036123327,0.0,19.854018686,0.0
17663,11.101141823,0.0,12.121050526,0.0
17664,11.101141823,0.0,13.671251512,0.0
17665,11.101141823,0.0,12.791144486,0.0
17666,24.870561513,0.0,12.142662257,0.0
17667,24.870561513,0.0,10.01233141,0.0
17668,24.870561513,0.0,5.994541125,0.0
17669,24.870561513,0.0,13.925386337,0.0
17670,24.870561513,0.0,8.149810633,0.0
17671,24.870561513,0.0,16.261504351,0.0
17672,20.30924553,0.0,12.142662257,0.0
17673,50.495419242,0.0,10.487097177,0.0
17674,50.495419242,0.0,7.666133462,0.0
17675,50.495419242,0.0,9.347416777,0.0
17676,11.107227225,0.0,7.405767698,0.0
17677,11.107227225,0.0,31.940000062,0.0
17678,11.107227225,0.0,76.190513876,0.0
17679,11.107227225,0.0,69.232611588,0.0
17680,11.107227225,0.0,9.806029991,0.0
17681,9.236775305,0.0,10.007962681,0.0
17682,9.236775305,0.0,10.01233141,0.0
17683,9.236775305,0.0,14.773132849,0.0
17684,9.236775305,0.0,50.729691391,0.0
17685,9.236775305,0.0,11.174951279,0.0
17686,9.236775305,0.0,14.7844653,0.0
17687,9.236775305,0.0,63.638655974,0.0
17688,9.236775305,0.0,233.692864157,0.0
17689,9.236775305,0.0,8.470417781,0.0
17690,20.073779207,0.0,26.945092667,0.0
17691,20.073779207,0.0,17.956236976,0.0
17692,20.073779207,0.0,16.065606367,0.0
17693,16.065606367,0.0,26.945092667,0.0
17694,16.065606367,0.0,10.361449499,0.0
17695,16.065606367,0.0,29.277283858,0.0
17696,16.065606367,0.0,25.448562517,0.0
17697,16.065606367,0.0,16.174970412,0.0
17698,16.065606367,0.0,17.956236976,0.0
17699,16.065606367,0.0,25.388131117,0.0
17700,16.065606367,0.0,149.102088463,0.0
17701,16.065606367,0.0,20.12950993,0.0
17702,16.065606367,0.0,6.56006233,0.0
17703,16.065606367,0.0,16.471802076,0.0
17704,16.065606367,0.0,8.149810633,0.0
17705,16.065606367,0.0,5.995095603,0.0
17706,16.065606367,0.0,56.533506932,0.0
17707,1.738204538,0.0,26.945092667,0.0
17708,1.738204538,0.0,10.361449499,0.0
17709,1.738204538,0.0,166.229730993,0.0
17710,8.127332825,0.0,82.132467318,0.0
17711,8.127332825,0.0,6.125094563,0.0
17712,8.127332825,0.0,28.217529498,0.0
17713,8.127332825,0.0,23.004257875,0.0
17714,8.127332825,0.0,25.448562517,0.0
17715,8.127332825,0.0,16.287463056,0.0
17716,8.127332825,0.0,2.643690724,0.0
17717,8.127332825,0.0,5.876945072,0.0
17718,8.127332825,0.0,2.747009708,0.0
17719,8.127332825,0.0,2.430209341,0.0
17720,8.127332825,0.0,13.387590061,0.0
17721,8.506738594,0.0,82.132467318,0.0
17722,8.506738594,0.0,19.860000042,0.0
17723,8.506738594,0.0,8.825953266,0.0
17724,8.506738594,0.0,6.832421315,0.0
17725,8.506738594,0.0,9.338405233,0.0
17726,8.112072781,0.0,82.132467318,0.0
17727,8.112072781,0.0,22.81080816,0.0
17728,4.183351832,0.0,31.940000062,0.0
17729,4.183351832,0.0,2.513608734,0.0
17730,4.183351832,0.0,4.733555389,0.0
17731,4.20148694,0.0,31.940000062,0.0
17732,4.20148694,0.0,7.765033988,0.0
17733,4.20148694,0.0,29.277283858,0.0
17734,4.20148694,0.0,25.448562517,0.0
17735,4.20148694,0.0,26.964553761,0.0
17736,4.20148694,0.0,25.388131117,0.0
17737,4.20148694,0.0,16.171154926,0.0
17738,4.20148694,0.0,13.188256381,0.0
17739,4.20148694,0.0,5.810539423,0.0
17740,4.20148694,0.0,4.453474372,0.0
17741,4.20148694,0.0,3.738556716,0.0
17742,4.20148694,0.0,3.530931163,0.0
17743,4.20148694,0.0,10.545807272,0.0
17744,4.20148694,0.0,39.186740427,0.0
17745,4.20148694,0.0,9.231275489,0.0
17746,4.20148694,0.0,19.802798823,0.0
17747,4.20148694,0.0,26.951913011,0.0
17748,4.20148694,0.0,87.232541053,0.0
17749,4.20148694,0.0,76.190513876,0.0
17750,4.20148694,0.0,166.229730993,0.0
17751,4.20148694,0.0,4.733555389,0.0
17752,4.20148694,0.0,6.29389923,0.0
17753,4.20148694,0.0,9.342310384,0.0
17754,4.20148694,0.0,13.40154723,0.0
17755,4.20148694,0.0,13.463816358,0.0
17756,4.20148694,0.0,5.778618585,0.0
17757,4.20148694,0.0,9.5496673,0.0
17758,4.20148694,0.0,1.153597602,0.0
17759,4.20148694,0.0,7.574758381,0.0
17760,5.797601397,1.0,6.004574686,1.0
17761,5.797601397,1.0,47.858770666,1.0
17762,5.797601397,1.0,4.597355705,0.0
17763,8.655801073,1.0,6.004574686,1.0
17764,8.655801073,1.0,13.88327424,1.0
17765,8.655801073,1.0,5.113142616,1.0
17766,8.655801073,1.0,0.9830764551,1.0
17767,8.655801073,1.0,2.294374038,1.0
17768,8.655801073,1.0,9.904618534,1.0
17769,8.655801073,1.0,0.9994807523,1.0
17770,8.655801073,1.0,5.854779429,1.0
17771,8.655801073,1.0,3.949528024,1.0
17772,8.655801073,1.0,38.434765646,1.0
17773,8.259451739,0.0,10.361449499,0.0
17774,8.259451739,0.0,8.506738594,0.0
17775,8.259451739,0.0,9.338405233,0.0
17776,11.605803568,0.0,10.361449499,0.0
17777,11.605803568,0.0,8.259451739,0.0
17778,11.605803568,0.0,6.832421315,0.0
17779,11.605803568,0.0,14.272640522,0.0
17780,5.096383561,1.0,282.447309949,1.0
17781,5.096383561,1.0,7.228822587,1.0
17782,3.423131598,0.0,282.447309949,1.0
17783,4.669409215,1.0,4.09207587,1.0
17784,4.669409215,1.0,5.995996753,1.0
17785,4.669409215,1.0,0.7274009746,1.0
17786,4.669409215,1.0,15.189863814,1.0
17787,4.669409215,1.0,5.899303052,1.0
17788,4.669409215,1.0,23.390458917,1.0
17789,4.669409215,1.0,5.525326408,1.0
17790,4.669409215,1.0,5.318849241,1.0
17791,12.776298295,1.0,14.598625688,1.0
17792,12.776298295,1.0,0.6024504423,1.0
17793,12.776298295,1.0,12.314548823,1.0
17794,12.776298295,1.0,18.341066883,1.0
17795,12.776298295,1.0,5.318849241,1.0
17796,2.153464008,1.0,14.598625688,1.0
17797,2.153464008,1.0,203.143738217,0.0
17798,2.153464008,1.0,5.775634328,1.0
17799,2.636539717,1.0,14.598625688,1.0
17800,2.636539717,1.0,6.503926579,1.0
17801,2.636539717,1.0,9.98284207,1.0
17802,2.636539717,1.0,29.064479699,1.0
17803,2.636539717,1.0,38.515792955,1.0
17804,9.904618534,1.0,11.687696093,1.0
17805,9.904618534,1.0,2.998706949,1.0
17806,9.904618534,1.0,5.209010614,1.0
17807,3.911933591,1.0,11.687696093,1.0
17808,3.911933591,1.0,17.86679629,1.0
17809,4.631218578,1.0,12.776298295,1.0
17810,4.631218578,1.0,1.213275618,1.0
17811,4.631218578,1.0,3.422984265,1.0
17812,5.118084663,1.0,12.776298295,1.0
17813,5.118084663,1.0,43.881908864,1.0
17814,5.118084663,1.0,10.038287437,1.0
17815,5.118084663,1.0,4.632907015,1.0
17816,5.118084663,1.0,4.046800418,1.0
17817,5.118084663,1.0,4.036846382,1.0
17818,5.118084663,1.0,4.018046527,1.0
17819,10.861725655,1.0,12.776298295,1.0
17820,10.861725655,1.0,4.614399465,1.0
17821,10.861725655,1.0,5.951084905,1.0
17822,10.861725655,1.0,6.05151979,1.0
17823,10.861725655,1.0,46.94762608,1.0
17824,10.861725655,1.0,27.334429574,1.0
17825,10.861725655,1.0,3.915305063,1.0
17826,10.861725655,1.0,8.893250362,1.0
17827,10.861725655,1.0,16.986753427,1.0
17828,10.861725655,1.0,33.569029236,1.0
17829,10.861725655,1.0,8.45860943,1.0
17830,10.861725655,1.0,6.884917469,1.0
17831,10.861725655,1.0,6.782565889,1.0
17832,10.861725655,1.0,8.295439778,1.0
17833,10.861725655,1.0,23.390458917,1.0
17834,10.861725655,1.0,6.893769984,1.0
17835,10.861725655,1.0,18.341066883,1.0
17836,10.861725655,1.0,3.177860741,1.0
17837,10.861725655,1.0,2.401768348,1.0
17838,10.861725655,1.0,6.963512648,1.0
17839,10.861725655,1.0,6.790219312,1.0
17840,10.861725655,1.0,6.026101551,1.0
17841,10.861725655,1.0,9.264678249,1.0
17842,10.861725655,1.0,4.594228449,1.0
17843,10.861725655,1.0,25.0116746,1.0
17844,10.861725655,1.0,10.464270693,1.0
17845,299.511290686,0.0,166.000472564,0.0
17846,299.511290686,0.0,61.321457686,0.0
17847,299.511290686,0.0,584.277713263,0.0
17848,1154.453958246,0.0,166.000472564,0.0
17849,1154.453958246,0.0,1458.89830302,0.0
17850,1154.453958246,0.0,8.413725107,0.0
17851,1154.453958246,0.0,416.541829837,0.0
17852,1154.453958246,0.0,584.277713263,0.0
17853,1154.453958246,0.0,232.517399349,0.0
17854,584.277713263,0.0,299.511290686,0.0
17855,584.277713263,0.0,431.836229461,0.0
17856,584.277713263,0.0,338.294007794,0.0
17857,584.277713263,0.0,200.758132947,0.0
17858,584.277713263,0.0,377.709987806,0.0
17859,584.277713263,0.0,397.413936069,0.0
17860,584.277713263,0.0,18.214782802,0.0
17861,584.277713263,0.0,709.349799474,0.0
17862,584.277713263,0.0,1206.595111947,0.0
17863,584.277713263,0.0,1154.453958246,0.0
17864,28.295164043,0.0,63.835113047,0.0
17865,28.295164043,0.0,66.452671468,0.0
17866,28.295164043,0.0,2.135336241,0.0
17867,28.295164043,0.0,9.565858774,1.0
17868,239.708473812,0.0,63.835113047,0.0
17869,239.708473812,0.0,440.42180845,0.0
17870,5.082210723,1.0,30.257567237,1.0
17871,5.082210723,1.0,0.4262515307,1.0
17872,5.082210723,1.0,27.334429574,1.0
17873,5.082210723,1.0,2.660204161,1.0
17874,5.082210723,1.0,4.427730716,1.0
17875,14.998267347,1.0,30.257567237,1.0
17876,14.998267347,1.0,629.457019025,1.0
17877,14.998267347,1.0,10.653092482,1.0
17878,14.998267347,1.0,16.746607955,1.0
17879,14.998267347,1.0,8.020350441,1.0
17880,14.998267347,1.0,6.588528896,1.0
17881,14.998267347,1.0,9.515976293,1.0
17882,14.998267347,1.0,14.075695698,1.0
17883,14.998267347,1.0,11.133808458,1.0
17884,14.998267347,1.0,5.32825762,1.0
17885,14.998267347,1.0,15.611347975,1.0
17886,14.998267347,1.0,7.094763502,1.0
17887,14.998267347,1.0,4.245903096,1.0
17888,14.998267347,1.0,7.214621746,1.0
17889,14.998267347,1.0,10.116729733,1.0
17890,14.998267347,1.0,8.735817523,1.0
17891,14.998267347,1.0,5.014749404,1.0
17892,14.998267347,1.0,10.123192269,1.0
17893,14.998267347,1.0,2.192416695,1.0
17894,14.998267347,1.0,4.984751974,1.0
17895,14.998267347,1.0,6.472934546,1.0
17896,14.998267347,1.0,4.56934201,1.0
17897,14.998267347,1.0,1.461947367,1.0
17898,14.998267347,1.0,12.120044245,1.0
17899,14.998267347,1.0,8.148691521,1.0
17900,14.998267347,1.0,6.480753385,1.0
17901,14.998267347,1.0,10.006734416,1.0
17902,14.998267347,1.0,18.598069279,1.0
17903,14.998267347,1.0,37.938945266,1.0
17904,14.998267347,1.0,16.979769685,1.0
17905,8.166830757,1.0,13.88327424,1.0
17906,5.450486809,1.0,13.88327424,1.0
17907,5.450486809,1.0,2.018705924,1.0
17908,5.450486809,1.0,4.860815553,1.0
17909,5.450486809,1.0,8.655801073,1.0
17910,5.450486809,1.0,5.209010614,1.0
17911,5.450486809,1.0,1.998908817,1.0
17912,5.450486809,1.0,3.66616111,1.0
17913,5.450486809,1.0,4.408001027,1.0
17914,5.424393042,1.0,13.88327424,1.0
17915,5.424393042,1.0,5.101340986,1.0
17916,5.424393042,1.0,2.780089607,1.0
17917,5.424393042,1.0,153.378432818,1.0
17918,5.424393042,1.0,10.695111153,1.0
17919,5.424393042,1.0,5.328183653,0.0
17920,5.424393042,1.0,5.734774545,1.0
17921,5.424393042,1.0,2.942608565,1.0
17922,5.424393042,1.0,5.756985413,1.0
17923,5.424393042,1.0,2.726007976,1.0
17924,5.424393042,1.0,2.425018168,1.0
17925,5.424393042,1.0,5.146293333,1.0
17926,5.424393042,1.0,2.825110966,1.0
17927,5.424393042,1.0,9.515976293,1.0
17928,5.424393042,1.0,6.288576781,1.0
17929,5.424393042,1.0,0.9001109856,1.0
17930,5.424393042,1.0,2.043936169,1.0
17931,5.424393042,1.0,1.653570907,1.0
17932,5.424393042,1.0,6.17753814,1.0
17933,5.424393042,1.0,1.93329749,1.0
17934,5.424393042,1.0,0.7346031658,1.0
17935,5.424393042,1.0,35.840505224,1.0
17936,5.424393042,1.0,25.084860848,0.0
17937,5.424393042,1.0,0.3532749374,1.0
17938,5.424393042,1.0,7.491649438,1.0
17939,5.424393042,1.0,3.952164526,1.0
17940,5.424393042,1.0,3.670560291,0.0
17941,5.424393042,1.0,2.015023815,0.0
17942,5.424393042,1.0,1.608127492,1.0
17943,5.424393042,1.0,6.208512798,1.0
17944,13.675393622,1.0,13.88327424,1.0
17945,13.675393622,1.0,9.557871275,1.0
17946,13.675393622,1.0,153.378432818,1.0
17947,13.675393622,1.0,2.115961101,1.0
17948,13.675393622,1.0,15.733724505,1.0
17949,13.675393622,1.0,97.392731161,1.0
17950,13.675393622,1.0,12.876687905,1.0
17951,13.675393622,1.0,2.301450275,1.0
17952,13.675393622,1.0,6.208512798,1.0
17953,14.038027143,1.0,1.591252315,1.0
17954,14.038027143,1.0,3.300146839,1.0
17955,14.038027143,1.0,20.911173717,0.0
17956,14.038027143,1.0,0.7839791128,1.0
17957,6.194873255,0.0,17.659636524,0.0
17958,6.194873255,0.0,6.941668823,0.0
17959,6.070584145,0.0,17.659636524,0.0
17960,6.070584145,0.0,32.792614215,0.0
17961,6.070584145,0.0,5.47079899,0.0
17962,8.488299975,0.0,17.659636524,0.0
17963,8.488299975,0.0,6.819937602,0.0
17964,8.488299975,0.0,6.205428816,1.0
17965,8.488299975,0.0,6.064148262,0.0
17966,8.488299975,0.0,23.506272743,0.0
17967,8.488299975,0.0,7.303226098,0.0
17968,8.488299975,0.0,37.938945266,1.0
17969,12.764164967,0.0,22.182487263,0.0
17970,12.764164967,0.0,24.749047509,0.0
17971,22.182487263,0.0,17.91165141,0.0
17972,7.963815624,0.0,17.91165141,0.0
17973,7.963815624,0.0,24.749047509,0.0
17974,24.749047509,0.0,13.243651541,0.0
17975,24.749047509,0.0,9.052111107,0.0
17976,24.749047509,0.0,52.842355823,0.0
17977,24.749047509,0.0,17.501247243,0.0
17978,17.91165141,0.0,9.052111107,0.0
17979,1.905334304,1.0,2.571804556,1.0
17980,0.1992675982,0.0,0.5088358989,1.0
17981,4.065597994,1.0,0.5088358989,1.0
17982,4.065597994,1.0,0.406717436,0.0
17983,4.065597994,1.0,1.394490994,0.0
17984,4.065597994,1.0,8.090140362,1.0
17985,4.065597994,1.0,1.838528041,1.0
17986,1.090015948,0.0,0.5088358989,1.0
17987,6.262917564,0.0,0.5088358989,1.0
17988,6.262917564,0.0,1.905334304,1.0
17989,6.262917564,0.0,1.090015948,0.0
17990,63.835113047,0.0,28.295164043,0.0
17991,66.452671468,0.0,28.295164043,0.0
17992,66.452671468,0.0,10.339191115,0.0
17993,66.452671468,0.0,281.743838239,0.0
17994,4035.268876807,0.0,28.295164043,0.0
17995,4035.268876807,0.0,29.457087968,1.0
17996,4035.268876807,0.0,32.024145794,0.0
17997,1.64516445,1.0,6.455500381,1.0
17998,1.64516445,1.0,21.80995475,1.0
17999,1.64516445,1.0,5.424393042,1.0
18000,1.64516445,1.0,5.734774545,1.0
18001,1.64516445,1.0,14.930979187,1.0
18002,1.64516445,1.0,5.306124882,1.0
18003,1.64516445,1.0,7.758727092,1.0
18004,1.64516445,1.0,24.65499671,1.0
18005,3.321244134,1.0,6.455500381,1.0
18006,3.321244134,1.0,6.831887515,1.0
18007,3.321244134,1.0,2.129545428,1.0
18008,3.321244134,1.0,7.763450156,1.0
18009,3.321244134,1.0,7.758727092,1.0
18010,3.321244134,1.0,10.397099174,1.0
18011,6.851861599,1.0,6.455500381,1.0
18012,6.851861599,1.0,6.831887515,1.0
18013,6.851861599,1.0,4.075596891,1.0
18014,6.851861599,1.0,6.977362658,1.0
18015,6.851861599,1.0,1.608127492,1.0
18016,2.947136582,1.0,6.831887515,1.0
18017,2.947136582,1.0,6.035524854,1.0
18018,2.947136582,1.0,5.17795514,1.0
18019,2.947136582,1.0,3.749242153,1.0
18020,2.947136582,1.0,2.129545428,1.0
18021,2.947136582,1.0,2.833460751,1.0
18022,2.947136582,1.0,4.405284393,1.0
18023,2.947136582,1.0,0.5130403028,1.0
18024,2.947136582,1.0,7.360620477,1.0
18025,2.947136582,1.0,4.488847099,1.0
18026,2.947136582,1.0,24.65499671,1.0
18027,3.252543863,1.0,3.688305801,1.0
18028,3.252543863,1.0,8.057845528,1.0
18029,3.252543863,1.0,3.749242153,1.0
18030,3.252543863,1.0,9.515976293,1.0
18031,3.252543863,1.0,3.071931185,1.0
18032,3.252543863,1.0,1.93329749,1.0
18033,3.252543863,1.0,2.49777588,1.0
18034,3.252543863,1.0,2.028386934,1.0
18035,3.252543863,1.0,3.321244134,1.0
18036,3.252543863,1.0,7.360620477,1.0
18037,3.252543863,1.0,6.878149792,1.0
18038,3.252543863,1.0,5.844142797,0.0
18039,3.252543863,1.0,7.491649438,1.0
18040,3.252543863,1.0,10.397099174,1.0
18041,18.95354209,1.0,1.999447028,1.0
18042,18.95354209,1.0,5.671940738,1.0
18043,18.95354209,1.0,1.64516445,1.0
18044,18.95354209,1.0,8.057845528,1.0
18045,18.95354209,1.0,2.942608565,1.0
18046,18.95354209,1.0,1.426097319,1.0
18047,18.95354209,1.0,5.142898705,1.0
18048,18.95354209,1.0,10.349034039,1.0
18049,18.95354209,1.0,11.305962931,1.0
18050,18.95354209,1.0,3.696128234,1.0
18051,18.95354209,1.0,6.076137367,1.0
18052,18.95354209,1.0,28.598737411,1.0
18053,18.95354209,1.0,19.806237448,1.0
18054,18.95354209,1.0,6.893769984,1.0
18055,18.95354209,1.0,5.847750914,1.0
18056,18.95354209,1.0,6.305349834,1.0
18057,18.95354209,1.0,0.6330533371,1.0
18058,18.95354209,1.0,3.675921038,0.0
18059,18.95354209,1.0,3.238436483,1.0
18060,18.95354209,1.0,16.462756475,1.0
18061,18.95354209,1.0,5.844142797,0.0
18062,18.95354209,1.0,9.885977802,1.0
18063,18.95354209,1.0,7.491649438,1.0
18064,18.95354209,1.0,6.008748456,1.0
18065,18.95354209,1.0,39.845944866,1.0
18066,18.95354209,1.0,6.208512798,1.0
18067,10.132620344,1.0,1.999447028,1.0
18068,10.132620344,1.0,5.101340986,1.0
18069,10.132620344,1.0,13.950356735,1.0
18070,10.132620344,1.0,4.465242472,1.0
18071,10.132620344,1.0,3.128520781,1.0
18072,10.132620344,1.0,5.424393042,1.0
18073,10.132620344,1.0,0.7072698146,1.0
18074,10.132620344,1.0,5.756985413,1.0
18075,10.132620344,1.0,7.360620477,1.0
18076,10.132620344,1.0,2.49253761,1.0
18077,10.132620344,1.0,24.65499671,1.0
18078,10.132620344,1.0,9.820527386,1.0
18079,10.132620344,1.0,1.455553639,1.0
18080,10.132620344,1.0,19.300014971,1.0
18081,13.950356735,1.0,5.101340986,1.0
18082,13.950356735,1.0,153.378432818,1.0
18083,13.950356735,1.0,5.424393042,1.0
18084,13.950356735,1.0,6.141325198,1.0
18085,13.950356735,1.0,5.756985413,1.0
18086,13.950356735,1.0,2.271211233,1.0
18087,13.950356735,1.0,3.288067738,1.0
18088,13.950356735,1.0,6.396409402,1.0
18089,13.950356735,1.0,5.105516935,1.0
18090,13.950356735,1.0,1.419281651,1.0
18091,13.950356735,1.0,4.562011581,1.0
18092,13.950356735,1.0,3.252543863,1.0
18093,13.950356735,1.0,1.188412879,1.0
18094,13.950356735,1.0,4.753731003,1.0
18095,13.950356735,1.0,10.132620344,1.0
18096,3.062796437,1.0,5.101340986,1.0
18097,3.062796437,1.0,3.128520781,1.0
18098,3.062796437,1.0,1.64516445,1.0
18099,3.062796437,1.0,2.64011891,1.0
18100,3.062796437,1.0,7.360620477,1.0
18101,3.062796437,1.0,24.65499671,1.0
18102,5.734774545,1.0,5.101340986,1.0
18103,5.734774545,1.0,8.680223289,1.0
18104,5.734774545,1.0,0.7072698146,1.0
18105,5.734774545,1.0,9.515976293,1.0
18106,5.734774545,1.0,10.349034039,1.0
18107,5.734774545,1.0,2.551878243,1.0
18108,5.734774545,1.0,7.360620477,1.0
18109,5.734774545,1.0,4.488847099,1.0
18110,5.734774545,1.0,4.330768674,1.0
18111,3.288067738,1.0,5.101340986,1.0
18112,3.288067738,1.0,8.680223289,1.0
18113,3.288067738,1.0,153.378432818,1.0
18114,3.288067738,1.0,21.80995475,1.0
18115,3.288067738,1.0,3.749242153,1.0
18116,3.288067738,1.0,3.696128234,1.0
18117,3.288067738,1.0,6.396409402,1.0
18118,3.288067738,1.0,9.525955471,1.0
18119,3.288067738,1.0,3.750092612,0.0
18120,3.288067738,1.0,3.238436483,1.0
18121,3.288067738,1.0,6.321361477,1.0
18122,3.288067738,1.0,3.252543863,1.0
18123,3.288067738,1.0,4.743119874,1.0
18124,3.288067738,1.0,5.844142797,0.0
18125,3.288067738,1.0,12.780643481,1.0
18126,3.288067738,1.0,7.834900296,1.0
18127,6.321361477,1.0,5.101340986,1.0
18128,6.321361477,1.0,10.349034039,1.0
18129,6.321361477,1.0,4.047135063,0.0
18130,6.321361477,1.0,0.3654834683,1.0
18131,6.321361477,1.0,4.743119874,1.0
18132,6.321361477,1.0,24.65499671,1.0
18133,5.101340986,1.0,4.817981994,1.0
18134,5.101340986,1.0,1.681462384,1.0
18135,5.101340986,1.0,5.734774545,1.0
18136,5.101340986,1.0,5.756985413,1.0
18137,5.101340986,1.0,10.349034039,1.0
18138,5.101340986,1.0,2.551878243,1.0
18139,5.101340986,1.0,12.307254829,1.0
18140,5.101340986,1.0,6.321361477,1.0
18141,5.101340986,1.0,3.252543863,1.0
18142,5.101340986,1.0,7.758727092,1.0
18143,3.21699116,1.0,4.817981994,1.0
18144,3.21699116,1.0,0.9994807523,1.0
18145,3.688305801,1.0,13.950356735,1.0
18146,3.688305801,1.0,10.349034039,1.0
18147,1.999447028,1.0,13.950356735,1.0
18148,1.999447028,1.0,153.378432818,1.0
18149,1.999447028,1.0,0.7072698146,1.0
18150,1.999447028,1.0,46.94762608,1.0
18151,1.999447028,1.0,14.930979187,1.0
18152,1.999447028,1.0,10.349034039,1.0
18153,1.999447028,1.0,18.996217281,1.0
18154,1.999447028,1.0,6.396409402,1.0
18155,1.999447028,1.0,2.64011891,1.0
18156,1.999447028,1.0,24.65499671,1.0
18157,1.999447028,1.0,2.148455503,1.0
18158,1.999447028,1.0,7.834900296,1.0
18159,1.999447028,1.0,5.823561992,1.0
18160,1.999447028,1.0,3.952164526,1.0
18161,1.999447028,1.0,5.096383561,1.0
18162,0.7072698146,1.0,13.950356735,1.0
18163,0.7072698146,1.0,23.127912882,1.0
18164,0.7072698146,1.0,5.17795514,1.0
18165,0.7072698146,1.0,1.64516445,1.0
18166,0.7072698146,1.0,2.938644066,1.0
18167,0.7072698146,1.0,10.349034039,1.0
18168,0.7072698146,1.0,2.632581182,0.0
18169,0.7072698146,1.0,2.551878243,1.0
18170,0.7072698146,1.0,0.6705666026,1.0
18171,0.7072698146,1.0,0.7346031658,1.0
18172,0.7072698146,1.0,9.820527386,1.0
18173,0.7072698146,1.0,2.148455503,1.0
18174,3.749242153,1.0,13.950356735,1.0
18175,3.749242153,1.0,3.128520781,1.0
18176,3.749242153,1.0,22.880030432,1.0
18177,3.749242153,1.0,10.349034039,1.0
18178,3.749242153,1.0,3.372868411,0.0
18179,3.749242153,1.0,3.321244134,1.0
18180,3.749242153,1.0,16.330971967,1.0
18181,3.749242153,1.0,3.252543863,1.0
18182,7.763450156,1.0,13.950356735,1.0
18183,7.763450156,1.0,4.075596891,1.0
18184,7.763450156,1.0,153.378432818,1.0
18185,7.763450156,1.0,4.690452556,1.0
18186,7.763450156,1.0,2.028386934,1.0
18187,7.763450156,1.0,5.099776649,1.0
18188,7.763450156,1.0,0.6705666026,1.0
18189,7.763450156,1.0,3.252543863,1.0
18190,7.763450156,1.0,5.691628813,1.0
18191,2.551878243,1.0,13.950356735,1.0
18192,2.551878243,1.0,3.062796437,1.0
18193,2.551878243,1.0,8.057845528,1.0
18194,2.551878243,1.0,7.770027438,1.0
18195,2.551878243,1.0,0.08093531078,1.0
18196,2.551878243,1.0,3.436895491,1.0
18197,2.551878243,1.0,1.426097319,1.0
18198,2.551878243,1.0,1.93329749,1.0
18199,1.400644306,1.0,13.950356735,1.0
18200,1.400644306,1.0,153.378432818,1.0
18201,1.400644306,1.0,6.141325198,1.0
18202,1.400644306,1.0,9.643040622,1.0
18203,1.400644306,1.0,13.451980124,1.0
18204,1.400644306,1.0,4.743119874,1.0
18205,1.400644306,1.0,10.397099174,1.0
18206,8.177023242,0.0,4.075596891,1.0
18207,8.177023242,0.0,153.378432818,1.0
18208,8.177023242,0.0,2.018705924,1.0
18209,8.177023242,0.0,3.363732976,1.0
18210,8.177023242,0.0,2.784885026,1.0
18211,8.177023242,0.0,8.655801073,1.0
18212,8.177023242,0.0,7.008746013,1.0
18213,8.177023242,0.0,6.17753814,1.0
18214,8.177023242,0.0,5.000374071,0.0
18215,8.177023242,0.0,18.996217281,1.0
18216,8.177023242,0.0,6.415927604,1.0
18217,8.177023242,0.0,2.330396578,1.0
18218,8.177023242,0.0,24.65499671,1.0
18219,8.177023242,0.0,6.489954121,1.0
18220,1.237786255,1.0,4.075596891,1.0
18221,1.237786255,1.0,24.65499671,1.0
18222,4.047135063,0.0,4.075596891,1.0
18223,4.047135063,0.0,22.880030432,1.0
18224,4.047135063,0.0,14.930979187,1.0
18225,4.047135063,0.0,2.129545428,1.0
18226,4.047135063,0.0,9.515976293,1.0
18227,4.047135063,0.0,2.271211233,1.0
18228,4.047135063,0.0,5.105516935,1.0
18229,4.047135063,0.0,1.188412879,1.0
18230,2.148455503,1.0,4.075596891,1.0
18231,2.148455503,1.0,5.17795514,1.0
18232,2.148455503,1.0,1.681462384,1.0
18233,2.148455503,1.0,2.938644066,1.0
18234,2.148455503,1.0,2.942608565,1.0
18235,2.148455503,1.0,1.419281651,1.0
18236,2.148455503,1.0,7.758727092,1.0
18237,2.148455503,1.0,6.415927604,1.0
18238,2.148455503,1.0,3.287873652,1.0
18239,1.151740718,1.0,23.127912882,1.0
18240,1.151740718,1.0,4.800824173,1.0
18241,1.151740718,1.0,2.551878243,1.0
18242,4.707717502,1.0,23.127912882,1.0
18243,2.64011891,1.0,23.127912882,1.0
18244,2.64011891,1.0,3.436895491,1.0
18245,2.64011891,1.0,4.979689688,1.0
18246,2.64011891,1.0,4.562011581,1.0
18247,2.64011891,1.0,3.287873652,1.0
18248,2.64011891,1.0,10.132620344,1.0
18249,23.450551653,1.0,23.127912882,1.0
18250,23.450551653,1.0,5.17795514,1.0
18251,23.450551653,1.0,22.880030432,1.0
18252,23.450551653,1.0,2.271211233,1.0
18253,23.450551653,1.0,3.071931185,1.0
18254,23.450551653,1.0,2.028386934,1.0
18255,23.450551653,1.0,4.047135063,0.0
18256,23.450551653,1.0,12.307254829,1.0
18257,23.450551653,1.0,6.878149792,1.0
18258,23.450551653,1.0,2.49253761,1.0
18259,23.450551653,1.0,4.743119874,1.0
18260,23.450551653,1.0,9.885977802,1.0
18261,23.450551653,1.0,10.397099174,1.0
18262,23.450551653,1.0,1.608127492,1.0
18263,10.41981138,1.0,23.127912882,1.0
18264,10.41981138,1.0,153.378432818,1.0
18265,10.41981138,1.0,5.424393042,1.0
18266,10.41981138,1.0,1.426097319,1.0
18267,10.41981138,1.0,9.885977802,1.0
18268,10.41981138,1.0,19.300014971,1.0
18269,7.036139984,1.0,23.127912882,1.0
18270,7.036139984,1.0,5.173055758,1.0
18271,7.036139984,1.0,7.500010293,1.0
18272,7.036139984,1.0,33.529472225,1.0
18273,7.036139984,1.0,5.734774545,1.0
18274,7.036139984,1.0,3.288067738,1.0
18275,7.036139984,1.0,5.844142797,0.0
18276,2.938644066,1.0,8.680223289,1.0
18277,2.938644066,1.0,3.062796437,1.0
18278,2.938644066,1.0,2.49253761,1.0
18279,2.938644066,1.0,5.48653418,1.0
18280,2.938644066,1.0,10.132620344,1.0
18281,14.930979187,1.0,8.680223289,1.0
18282,14.930979187,1.0,5.424393042,1.0
18283,14.930979187,1.0,3.341894097,1.0
18284,14.930979187,1.0,5.466959489,1.0
18285,14.930979187,1.0,9.515976293,1.0
18286,14.930979187,1.0,1.21352677,1.0
18287,14.930979187,1.0,10.349034039,1.0
18288,14.930979187,1.0,2.551878243,1.0
18289,14.930979187,1.0,5.306124882,1.0
18290,14.930979187,1.0,5.844142797,0.0
18291,14.930979187,1.0,7.025923962,1.0
18292,14.930979187,1.0,9.885977802,1.0
18293,5.756985413,1.0,8.680223289,1.0
18294,5.756985413,1.0,6.577335652,1.0
18295,5.756985413,1.0,153.378432818,1.0
18296,5.756985413,1.0,10.695111153,1.0
18297,5.756985413,1.0,21.80995475,1.0
18298,5.756985413,1.0,5.424393042,1.0
18299,5.756985413,1.0,3.341894097,1.0
18300,5.756985413,1.0,2.942608565,1.0
18301,5.756985413,1.0,5.466959489,1.0
18302,5.756985413,1.0,8.495133609,1.0
18303,5.756985413,1.0,9.515976293,1.0
18304,5.756985413,1.0,0.4289517024,1.0
18305,5.756985413,1.0,0.9001109856,1.0
18306,5.756985413,1.0,1.653570907,1.0
18307,5.756985413,1.0,6.17753814,1.0
18308,5.756985413,1.0,5.447870108,1.0
18309,5.756985413,1.0,2.551878243,1.0
18310,5.756985413,1.0,12.307254829,1.0
18311,5.756985413,1.0,4.995556646,1.0
18312,5.756985413,1.0,16.462756475,1.0
18313,5.756985413,1.0,5.844142797,0.0
18314,5.756985413,1.0,3.181592814,1.0
18315,5.756985413,1.0,0.3532749374,1.0
18316,5.756985413,1.0,3.316393044,1.0
18317,5.756985413,1.0,3.101439572,1.0
18318,5.756985413,1.0,24.65499671,1.0
18319,5.756985413,1.0,4.818576649,1.0
18320,5.756985413,1.0,2.947136582,1.0
18321,5.756985413,1.0,4.046228683,1.0
18322,5.756985413,1.0,2.301450275,1.0
18323,5.756985413,1.0,19.300014971,1.0
18324,7.986422452,1.0,8.680223289,1.0
18325,7.986422452,1.0,5.17795514,1.0
18326,7.986422452,1.0,9.515976293,1.0
18327,7.986422452,1.0,6.17753814,1.0
18328,7.986422452,1.0,4.562011581,1.0
18329,7.986422452,1.0,6.878149792,1.0
18330,7.986422452,1.0,6.415927604,1.0
18331,7.986422452,1.0,2.49253761,1.0
18332,7.986422452,1.0,5.691628813,1.0
18333,7.986422452,1.0,4.753731003,1.0
18334,7.986422452,1.0,7.491649438,1.0
18335,4.488847099,1.0,8.680223289,1.0
18336,4.488847099,1.0,2.661209826,1.0
18337,4.488847099,1.0,5.734774545,1.0
18338,4.488847099,1.0,8.495133609,1.0
18339,4.488847099,1.0,12.307254829,1.0
18340,4.488847099,1.0,3.252543863,1.0
18341,4.488847099,1.0,10.132620344,1.0
18342,40.778303484,1.0,8.680223289,1.0
18343,5.844142797,0.0,0.628537223,1.0
18344,5.844142797,0.0,3.062796437,1.0
18345,5.844142797,0.0,21.80995475,1.0
18346,5.844142797,0.0,3.436895491,1.0
18347,5.844142797,0.0,2.942608565,1.0
18348,5.844142797,0.0,5.756985413,1.0
18349,5.844142797,0.0,2.326080633,1.0
18350,5.844142797,0.0,11.305962931,1.0
18351,5.844142797,0.0,3.696128234,1.0
18352,5.844142797,0.0,3.372868411,0.0
18353,5.844142797,0.0,2.271211233,1.0
18354,5.844142797,0.0,3.288067738,1.0
18355,5.844142797,0.0,3.675921038,0.0
18356,5.844142797,0.0,4.753731003,1.0
18357,5.844142797,0.0,4.627303628,1.0
18358,5.844142797,0.0,6.477636474,1.0
18359,5.844142797,0.0,10.132620344,1.0
18360,9.885977802,1.0,2.862854848,1.0
18361,9.885977802,1.0,10.695111153,1.0
18362,9.885977802,1.0,21.80995475,1.0
18363,9.885977802,1.0,14.930979187,1.0
18364,9.885977802,1.0,5.466959489,1.0
18365,9.885977802,1.0,1.426097319,1.0
18366,9.885977802,1.0,5.306124882,1.0
18367,9.885977802,1.0,5.099776649,1.0
18368,9.885977802,1.0,7.986422452,1.0
18369,9.885977802,1.0,35.840505224,1.0
18370,9.885977802,1.0,6.257818439,1.0
18371,9.885977802,1.0,12.715212237,1.0
18372,9.885977802,1.0,7.491649438,1.0
18373,9.885977802,1.0,6.008748456,1.0
18374,5.48653418,1.0,2.862854848,1.0
18375,5.105516935,1.0,7.500010293,1.0
18376,5.105516935,1.0,11.305962931,1.0
18377,5.105516935,1.0,2.271211233,1.0
18378,5.105516935,1.0,2.49777588,1.0
18379,5.105516935,1.0,4.047135063,0.0
18380,5.105516935,1.0,1.419281651,1.0
18381,5.105516935,1.0,12.307254829,1.0
18382,5.105516935,1.0,6.878149792,1.0
18383,5.105516935,1.0,9.885977802,1.0
18384,10.013880072,1.0,5.17795514,1.0
18385,10.013880072,1.0,1.222337511,1.0
18386,10.013880072,1.0,5.554604713,1.0
18387,10.013880072,1.0,3.130326904,1.0
18388,10.013880072,1.0,0.6476473379,1.0
18389,10.013880072,1.0,3.350238297,1.0
18390,10.013880072,1.0,5.506224572,1.0
18391,10.013880072,1.0,5.996384101,1.0
18392,10.013880072,1.0,18.99975294,1.0
18393,10.013880072,1.0,3.094750764,1.0
18394,6.063987134,1.0,5.17795514,1.0
18395,6.063987134,1.0,15.733724505,1.0
18396,6.063987134,1.0,2.043936169,1.0
18397,6.063987134,1.0,12.307254829,1.0
18398,6.063987134,1.0,3.287873652,1.0
18399,1.607339706,0.0,0.4633458758,0.0
18400,4.800824173,1.0,1.681462384,1.0
18401,4.800824173,1.0,153.378432818,1.0
18402,4.800824173,1.0,9.515976293,1.0
18403,4.800824173,1.0,3.071931185,1.0
18404,1.169372331,1.0,1.681462384,1.0
18405,1.169372331,1.0,7.748182289,1.0
18406,1.169372331,1.0,9.515976293,1.0
18407,1.169372331,1.0,0.5816461023,1.0
18408,9.525955471,1.0,1.681462384,1.0
18409,9.525955471,1.0,2.2197354,1.0
18410,9.525955471,1.0,49.330409711,1.0
18411,9.525955471,1.0,15.776847279,1.0
18412,9.525955471,1.0,11.809729744,1.0
18413,9.525955471,1.0,6.396409402,1.0
18414,9.525955471,1.0,5.447870108,1.0
18415,9.525955471,1.0,3.177860741,1.0
18416,9.525955471,1.0,3.836845692,1.0
18417,9.525955471,1.0,2.138567555,1.0
18418,9.525955471,1.0,3.101439572,1.0
18419,9.525955471,1.0,27.889315576,1.0
18420,9.525955471,1.0,4.627303628,1.0
18421,9.525955471,1.0,1.376763052,1.0
18422,9.525955471,1.0,4.047358916,1.0
18423,7.048802068,0.0,1.681462384,1.0
18424,7.048802068,0.0,3.353531592,0.0
18425,7.048802068,0.0,6.384550977,0.0
18426,7.048802068,0.0,5.722009525,0.0
18427,7.048802068,0.0,5.000374071,0.0
18428,7.048802068,0.0,9.722560875,0.0
18429,7.048802068,0.0,6.907984275,0.0
18430,7.048802068,0.0,2.645715291,0.0
18431,7.048802068,0.0,9.761304358,1.0
18432,7.048802068,0.0,8.295439778,1.0
18433,7.048802068,0.0,1.906842655,0.0
18434,7.048802068,0.0,4.675694624,0.0
18435,7.048802068,0.0,27.217773067,0.0
18436,7.048802068,0.0,4.004822702,0.0
18437,7.048802068,0.0,8.573559835,0.0
18438,7.048802068,0.0,9.850920108,0.0
18439,7.048802068,0.0,15.453245152,0.0
18440,7.048802068,0.0,22.969963088,0.0
18441,7.048802068,0.0,5.051028054,0.0
18442,7.048802068,0.0,10.639342998,0.0
18443,7.048802068,0.0,0.3241002746,1.0
18444,7.048802068,0.0,10.490124507,0.0
18445,7.048802068,0.0,84.435994812,0.0
18446,7.048802068,0.0,5.872903346,1.0
18447,7.048802068,0.0,4.589062752,0.0
18448,4.045987677,1.0,1.681462384,1.0
18449,4.045987677,1.0,4.092789708,1.0
18450,4.045987677,1.0,5.756985413,1.0
18451,4.045987677,1.0,1.426097319,1.0
18452,4.045987677,1.0,11.305962931,1.0
18453,4.045987677,1.0,16.986753427,1.0
18454,4.045987677,1.0,2.271211233,1.0
18455,4.045987677,1.0,3.238436483,1.0
18456,4.045987677,1.0,12.307254829,1.0
18457,4.045987677,1.0,5.257523475,1.0
18458,4.047358916,1.0,1.681462384,1.0
18459,4.047358916,1.0,43.881908864,1.0
18460,4.047358916,1.0,6.604095251,1.0
18461,4.047358916,1.0,5.142898705,1.0
18462,4.047358916,1.0,6.394778045,1.0
18463,4.047358916,1.0,6.884917469,1.0
18464,4.047358916,1.0,18.195908064,1.0
18465,4.047358916,1.0,7.076362169,1.0
18466,4.047358916,1.0,5.996384101,1.0
18467,4.047358916,1.0,3.191550099,1.0
18468,4.819077226,1.0,3.300146839,1.0
18469,4.819077226,1.0,2.888906621,1.0
18470,10.163822863,1.0,3.529590431,1.0
18471,10.163822863,1.0,7.174117575,1.0
18472,10.163822863,1.0,6.649897259,1.0
18473,10.163822863,1.0,46.53992429,1.0
18474,10.163822863,1.0,4.018046527,1.0
18475,6.243918196,1.0,3.529590431,1.0
18476,6.243918196,1.0,7.174117575,1.0
18477,6.243918196,1.0,6.5091864,1.0
18478,6.243918196,1.0,5.995996753,1.0
18479,6.243918196,1.0,0.7274009746,1.0
18480,6.243918196,1.0,8.995419211,1.0
18481,6.243918196,1.0,12.715212237,1.0
18482,6.243918196,1.0,18.013532299,1.0
18483,46.53992429,1.0,5.078284966,1.0
18484,46.53992429,1.0,6.48398763,1.0
18485,4.162390443,1.0,7.227508895,1.0
18486,4.162390443,1.0,7.174117575,1.0
18487,4.162390443,1.0,0.7274009746,1.0
18488,4.162390443,1.0,28.598737411,1.0
18489,3.255978393,1.0,2.869133341,1.0
18490,3.255978393,1.0,0.8773312192,1.0
18491,3.255978393,1.0,30.39277946,1.0
18492,3.255978393,1.0,3.280174261,1.0
18493,1.61505013,1.0,2.869133341,1.0
18494,1.61505013,1.0,21.342876657,1.0
18495,1.61505013,1.0,2.942608565,1.0
18496,1.61505013,1.0,2.982104604,1.0
18497,1.61505013,1.0,6.288576781,1.0
18498,1.61505013,1.0,1.416005328,1.0
18499,1.25709916,1.0,2.869133341,1.0
18500,1.25709916,1.0,5.424393042,1.0
18501,1.25709916,1.0,5.756985413,1.0
18502,1.25709916,1.0,3.255978393,1.0
18503,1.25709916,1.0,1.93329749,1.0
18504,1.25709916,1.0,8.034464228,1.0
18505,1.516380213,1.0,9.047296648,1.0
18506,1.516380213,1.0,1.736117295,1.0
18507,1.516380213,1.0,12.876687905,1.0
18508,1.516380213,1.0,3.130326904,1.0
18509,3.094750764,1.0,9.047296648,1.0
18510,3.094750764,1.0,2.294374038,1.0
18511,3.094750764,1.0,11.809729744,1.0
18512,3.094750764,1.0,9.71155112,1.0
18513,3.094750764,1.0,5.996384101,1.0
18514,3.094750764,1.0,16.462756475,1.0
18515,3.094750764,1.0,35.190700103,1.0
18516,3.094750764,1.0,38.434765646,1.0
18517,3.094750764,1.0,4.089121753,1.0
18518,3.553610697,1.0,9.557871275,1.0
18519,2.299200452,1.0,9.557871275,1.0
18520,2.299200452,1.0,17.625436226,1.0
18521,2.299200452,1.0,1.186856672,1.0
18522,2.299200452,1.0,97.392731161,1.0
18523,3.232065023,0.0,4.958403349,1.0
18524,4.817981994,1.0,5.920090744,1.0
18525,4.817981994,1.0,153.378432818,1.0
18526,4.817981994,1.0,4.800824173,1.0
18527,4.817981994,1.0,2.018705924,1.0
18528,4.817981994,1.0,2.655695629,1.0
18529,4.817981994,1.0,5.734774545,1.0
18530,4.817981994,1.0,2.64011891,1.0
18531,4.817981994,1.0,23.450551653,1.0
18532,2.425018168,1.0,5.113142616,1.0
18533,2.425018168,1.0,12.644266328,1.0
18534,2.425018168,1.0,3.280174261,1.0
18535,2.425018168,1.0,3.436895491,1.0
18536,2.425018168,1.0,6.109671996,1.0
18537,2.425018168,1.0,7.748182289,1.0
18538,2.425018168,1.0,2.747730392,1.0
18539,2.425018168,1.0,1.113769575,1.0
18540,2.425018168,1.0,5.096361501,1.0
18541,2.425018168,1.0,18.521265883,1.0
18542,2.425018168,1.0,3.094750764,1.0
18543,2.425018168,1.0,8.988959255,1.0
18544,2.425018168,1.0,5.034039929,1.0
18545,26.621552508,0.0,5.113142616,1.0
18546,26.621552508,0.0,73.678253805,0.0
18547,26.621552508,0.0,6.907984275,0.0
18548,26.621552508,0.0,1.706916885,0.0
18549,26.621552508,0.0,2.430209341,0.0
18550,26.621552508,0.0,11.45702789,0.0
18551,26.621552508,0.0,8.791860278,0.0
18552,26.621552508,0.0,14.212982833,0.0
18553,26.621552508,0.0,57.196357044,0.0
18554,26.621552508,0.0,6.288663898,0.0
18555,26.621552508,0.0,21.195495867,0.0
18556,26.621552508,0.0,4.711466608,0.0
18557,26.621552508,0.0,7.885392656,0.0
18558,26.621552508,0.0,9.948752647,0.0
18559,26.621552508,0.0,5.511438681,0.0
18560,26.621552508,0.0,5.318157598,0.0
18561,26.621552508,0.0,17.99554838,0.0
18562,26.621552508,0.0,22.969963088,0.0
18563,26.621552508,0.0,25.084860848,0.0
18564,26.621552508,0.0,16.525821364,0.0
18565,26.621552508,0.0,26.853872834,0.0
18566,26.621552508,0.0,24.466421136,0.0
18567,26.621552508,0.0,5.276379252,0.0
18568,26.621552508,0.0,4.68757824,0.0
18569,26.621552508,0.0,7.12999787,0.0
18570,26.621552508,0.0,8.364312963,0.0
18571,26.621552508,0.0,7.989855372,0.0
18572,26.621552508,0.0,20.918539645,0.0
18573,26.621552508,0.0,0.3860627251,0.0
18574,26.621552508,0.0,5.051028054,0.0
18575,26.621552508,0.0,84.435994812,0.0
18576,26.621552508,0.0,1.358287671,0.0
18577,26.621552508,0.0,8.332959718,0.0
18578,26.621552508,0.0,10.170720446,0.0
18579,22.627451627,1.0,4.359083834,1.0
18580,22.627451627,1.0,21.342876657,1.0
18581,22.627451627,1.0,21.47320625,1.0
18582,22.627451627,1.0,6.63113924,1.0
18583,22.627451627,1.0,5.189647153,1.0
18584,22.627451627,1.0,10.561206156,1.0
18585,22.627451627,1.0,16.746607955,1.0
18586,22.627451627,1.0,15.189863814,1.0
18587,22.627451627,1.0,7.440375649,1.0
18588,22.627451627,1.0,8.020350441,1.0
18589,22.627451627,1.0,8.327704218,1.0
18590,22.627451627,1.0,15.066753188,1.0
18591,22.627451627,1.0,7.326654522,1.0
18592,22.627451627,1.0,29.064479699,1.0
18593,22.627451627,1.0,8.629651598,1.0
18594,22.627451627,1.0,8.078335378,1.0
18595,22.627451627,1.0,11.133808458,1.0
18596,22.627451627,1.0,41.816248515,1.0
18597,22.627451627,1.0,8.123570646,1.0
18598,22.627451627,1.0,33.569029236,1.0
18599,22.627451627,1.0,23.390458917,1.0
18600,22.627451627,1.0,3.701022125,1.0
18601,22.627451627,1.0,7.228822587,1.0
18602,22.627451627,1.0,24.186224197,1.0
18603,22.627451627,1.0,0.2801905995,1.0
18604,22.627451627,1.0,7.135698552,1.0
18605,22.627451627,1.0,2.197170175,1.0
18606,22.627451627,1.0,18.598069279,1.0
18607,22.627451627,1.0,3.581472819,1.0
18608,22.627451627,1.0,12.715212237,1.0
18609,22.627451627,1.0,26.111237618,1.0
18610,22.627451627,1.0,27.889315576,1.0
18611,22.627451627,1.0,6.419404649,1.0
18612,22.627451627,1.0,9.537564947,1.0
18613,22.627451627,1.0,16.979769685,1.0
18614,22.627451627,1.0,13.219212113,1.0
18615,15.293129274,1.0,4.359083834,1.0
18616,15.293129274,1.0,15.189863814,1.0
18617,15.293129274,1.0,15.611347975,1.0
18618,15.293129274,1.0,5.068988668,1.0
18619,15.293129274,1.0,5.814209188,1.0
18620,15.293129274,1.0,3.855461904,1.0
18621,15.293129274,1.0,20.779723853,0.0
18622,15.293129274,1.0,4.513045268,1.0
18623,15.293129274,1.0,3.00079294,1.0
18624,15.293129274,1.0,8.107437704,1.0
18625,15.293129274,1.0,8.995419211,1.0
18626,15.293129274,1.0,6.205428816,1.0
18627,15.293129274,1.0,7.750732528,1.0
18628,15.293129274,1.0,0.07754331243,0.0
18629,15.293129274,1.0,8.843522305,1.0
18630,15.293129274,1.0,112.099655851,1.0
18631,15.293129274,1.0,4.537477814,1.0
18632,15.293129274,1.0,4.119021003,1.0
18633,15.293129274,1.0,12.096053824,1.0
18634,15.293129274,1.0,21.17309223,1.0
18635,2.674431368,1.0,4.635577276,1.0
18636,3.475365677,0.0,4.635577276,1.0
18637,3.475365677,0.0,3.050570362,1.0
18638,4.408001027,1.0,3.410190632,1.0
18639,4.408001027,1.0,2.784885026,1.0
18640,4.408001027,1.0,3.130326904,1.0
18641,4.408001027,1.0,38.434765646,1.0
18642,4.408001027,1.0,3.094750764,1.0
18643,0.8000162359,1.0,2.203857633,1.0
18644,0.8000162359,1.0,0.9830764551,1.0
18645,0.8000162359,1.0,8.177023242,0.0
18646,0.8000162359,1.0,4.672049272,1.0
18647,0.8000162359,1.0,12.876687905,1.0
18648,0.8000162359,1.0,18.195908064,1.0
18649,0.8000162359,1.0,5.382430013,1.0
18650,25.084860848,0.0,2.203857633,1.0
18651,25.084860848,0.0,73.678253805,0.0
18652,25.084860848,0.0,2.942608565,1.0
18653,25.084860848,0.0,3.288067738,1.0
18654,25.084860848,0.0,2.430209341,0.0
18655,25.084860848,0.0,11.45702789,0.0
18656,25.084860848,0.0,8.791860278,0.0
18657,25.084860848,0.0,14.212982833,0.0
18658,25.084860848,0.0,57.196357044,0.0
18659,25.084860848,0.0,6.288663898,0.0
18660,25.084860848,0.0,21.195495867,0.0
18661,25.084860848,0.0,4.711466608,0.0
18662,25.084860848,0.0,7.885392656,0.0
18663,25.084860848,0.0,9.948752647,0.0
18664,25.084860848,0.0,5.318157598,0.0
18665,25.084860848,0.0,17.99554838,0.0
18666,25.084860848,0.0,26.621552508,0.0
18667,25.084860848,0.0,22.969963088,0.0
18668,25.084860848,0.0,16.525821364,0.0
18669,25.084860848,0.0,26.853872834,0.0
18670,25.084860848,0.0,24.466421136,0.0
18671,25.084860848,0.0,5.276379252,0.0
18672,25.084860848,0.0,7.12999787,0.0
18673,25.084860848,0.0,8.364312963,0.0
18674,25.084860848,0.0,20.918539645,0.0
18675,25.084860848,0.0,0.4177940082,0.0
18676,25.084860848,0.0,5.051028054,0.0
18677,25.084860848,0.0,10.170720446,0.0
18678,25.084860848,0.0,4.91908351,1.0
18679,3.457366474,1.0,2.203857633,1.0
18680,3.457366474,1.0,7.770027438,1.0
18681,3.457366474,1.0,2.425018168,1.0
18682,3.457366474,1.0,4.300773021,1.0
18683,3.457366474,1.0,2.498850117,1.0
18684,2.825110966,1.0,12.644266328,1.0
18685,2.825110966,1.0,6.049206712,1.0
18686,2.825110966,1.0,30.39277946,1.0
18687,2.825110966,1.0,21.342876657,1.0
18688,2.825110966,1.0,1.807864563,1.0
18689,2.825110966,1.0,21.957598551,1.0
18690,2.825110966,1.0,8.495133609,1.0
18691,2.825110966,1.0,2.726007976,1.0
18692,2.825110966,1.0,6.109671996,1.0
18693,2.825110966,1.0,7.748182289,1.0
18694,2.825110966,1.0,9.442750188,1.0
18695,2.825110966,1.0,0.2951445344,1.0
18696,2.825110966,1.0,7.076362169,1.0
18697,2.825110966,1.0,3.457366474,1.0
18698,2.825110966,1.0,2.058667752,1.0
18699,2.825110966,1.0,4.046228683,1.0
18700,2.747730392,1.0,12.644266328,1.0
18701,2.747730392,1.0,21.342876657,1.0
18702,2.747730392,1.0,5.756985413,1.0
18703,2.747730392,1.0,7.748182289,1.0
18704,2.747730392,1.0,2.825110966,1.0
18705,2.747730392,1.0,9.442750188,1.0
18706,2.747730392,1.0,1.113769575,1.0
18707,2.747730392,1.0,5.096361501,1.0
18708,2.747730392,1.0,18.521265883,1.0
18709,2.747730392,1.0,6.076137367,1.0
18710,2.747730392,1.0,0.3532749374,1.0
18711,2.747730392,1.0,2.058667752,1.0
18712,2.747730392,1.0,8.034464228,1.0
18713,2.747730392,1.0,3.24512057,1.0
18714,2.747730392,1.0,5.034039929,1.0
18715,2.747730392,1.0,4.262285822,1.0
18716,2.345714065,1.0,12.644266328,1.0
18717,2.345714065,1.0,21.342876657,1.0
18718,2.345714065,1.0,5.756985413,1.0
18719,2.345714065,1.0,5.096361501,1.0
18720,2.345714065,1.0,0.818685155,1.0
18721,2.345714065,1.0,3.457366474,1.0
18722,2.345714065,1.0,3.14654208,1.0
18723,8.034464228,1.0,12.644266328,1.0
18724,8.034464228,1.0,5.424393042,1.0
18725,8.034464228,1.0,3.280174261,1.0
18726,8.034464228,1.0,7.736976522,1.0
18727,8.034464228,1.0,21.342876657,1.0
18728,8.034464228,1.0,2.726007976,1.0
18729,8.034464228,1.0,7.748182289,1.0
18730,8.034464228,1.0,9.515976293,1.0
18731,8.034464228,1.0,2.982104604,1.0
18732,8.034464228,1.0,6.055020615,1.0
18733,8.034464228,1.0,6.17753814,1.0
18734,8.034464228,1.0,3.559635685,1.0
18735,8.034464228,1.0,1.93329749,1.0
18736,8.034464228,1.0,1.25709916,1.0
18737,8.034464228,1.0,7.228822587,1.0
18738,8.034464228,1.0,3.287873652,1.0
18739,8.034464228,1.0,4.046228683,1.0
18740,8.034464228,1.0,4.04467984,1.0
18741,2.301450275,1.0,12.644266328,1.0
18742,2.301450275,1.0,8.177023242,0.0
18743,2.301450275,1.0,1.286863813,1.0
18744,2.301450275,1.0,5.844142797,0.0
18745,2.301450275,1.0,2.947136582,1.0
18746,0.06461140784,0.0,1.363708653,0.0
18747,113.3893078,0.0,189.257577478,0.0
18748,113.3893078,0.0,0.06461140784,0.0
18749,3.173404453,1.0,1.114800644,1.0
18750,3.173404453,1.0,17.625436226,1.0
18751,1.394490994,0.0,1.155626465,0.0
18752,5.607888127,0.0,1.155626465,0.0
18753,5.607888127,0.0,2.291705376,0.0
18754,2.189977057,1.0,17.625436226,1.0
18755,2.189977057,1.0,7.094234271,1.0
18756,2.189977057,1.0,1.186856672,1.0
18757,2.189977057,1.0,2.299200452,1.0
18758,4.9665214,1.0,17.762839048,1.0
18759,4.9665214,1.0,6.416805632,1.0
18760,4.9665214,1.0,1.263600825,0.0
18761,0.6387125027,0.0,8.589778762,0.0
18762,4.672049272,1.0,1.876343911,1.0
18763,4.672049272,1.0,5.209010614,1.0
18764,4.672049272,1.0,5.226182218,1.0
18765,4.672049272,1.0,0.6167532631,1.0
18766,4.672049272,1.0,3.130326904,1.0
18767,4.672049272,1.0,0.8000162359,1.0
18768,4.672049272,1.0,0.6476473379,1.0
18769,15.189863814,1.0,7.165830305,1.0
18770,15.189863814,1.0,9.98284207,1.0
18771,15.189863814,1.0,4.669409215,1.0
18772,15.189863814,1.0,6.904083149,1.0
18773,15.189863814,1.0,5.173046124,1.0
18774,15.189863814,1.0,21.47320625,1.0
18775,15.189863814,1.0,6.63113924,1.0
18776,15.189863814,1.0,21.957598551,1.0
18777,15.189863814,1.0,22.627451627,1.0
18778,15.189863814,1.0,8.020350441,1.0
18779,15.189863814,1.0,5.816563551,1.0
18780,15.189863814,1.0,6.588528896,1.0
18781,15.189863814,1.0,6.063404837,1.0
18782,15.189863814,1.0,23.163711763,1.0
18783,15.189863814,1.0,7.748182289,1.0
18784,15.189863814,1.0,11.133808458,1.0
18785,15.189863814,1.0,41.816248515,1.0
18786,15.189863814,1.0,16.219736768,1.0
18787,15.189863814,1.0,19.806237448,1.0
18788,15.189863814,1.0,9.082305407,1.0
18789,15.189863814,1.0,7.228822587,1.0
18790,15.189863814,1.0,11.362555877,1.0
18791,15.189863814,1.0,7.373882175,1.0
18792,15.189863814,1.0,7.888433382,1.0
18793,15.189863814,1.0,46.998665241,1.0
18794,15.189863814,1.0,5.453609324,1.0
18795,5.209010614,1.0,0.9830764551,1.0
18796,5.209010614,1.0,4.672049272,1.0
18797,5.209010614,1.0,1.148863826,1.0
18798,5.209010614,1.0,23.449607505,1.0
18799,5.209010614,1.0,2.294374038,1.0
18800,5.209010614,1.0,9.904618534,1.0
18801,5.209010614,1.0,0.6167532631,1.0
18802,5.209010614,1.0,46.53992429,1.0
18803,5.209010614,1.0,21.342876657,1.0
18804,2.869133341,1.0,10.112686041,1.0
18805,2.869133341,1.0,7.736976522,1.0
18806,2.869133341,1.0,5.756985413,1.0
18807,2.869133341,1.0,6.288576781,1.0
18808,2.869133341,1.0,3.316393044,1.0
18809,2.869133341,1.0,4.04467984,1.0
18810,5.034039929,1.0,10.112686041,1.0
18811,5.034039929,1.0,0.8773312192,1.0
18812,5.034039929,1.0,30.39277946,1.0
18813,5.034039929,1.0,7.736976522,1.0
18814,5.034039929,1.0,5.756985413,1.0
18815,5.034039929,1.0,9.442750188,1.0
18816,5.034039929,1.0,2.747730392,1.0
18817,5.034039929,1.0,4.049552408,1.0
18818,5.034039929,1.0,1.113769575,1.0
18819,5.034039929,1.0,1.653570907,1.0
18820,5.034039929,1.0,6.17753814,1.0
18821,5.034039929,1.0,2.058667752,1.0
18822,4.829679098,1.0,153.378432818,1.0
18823,4.829679098,1.0,16.210032309,1.0
18824,9.047296648,1.0,153.378432818,1.0
18825,9.047296648,1.0,15.733724505,1.0
18826,9.047296648,1.0,4.168654522,1.0
18827,9.047296648,1.0,4.04841049,1.0
18828,9.047296648,1.0,0.6476473379,1.0
18829,9.047296648,1.0,1.286863813,1.0
18830,3.000885071,0.0,153.378432818,1.0
18831,88.449822594,0.0,153.378432818,1.0
18832,88.449822594,0.0,11.703124553,1.0
18833,2.655695629,1.0,153.378432818,1.0
18834,2.655695629,1.0,10.397099174,1.0
18835,2.365067637,0.0,153.378432818,1.0
18836,25.698336533,1.0,153.378432818,1.0
18837,25.698336533,1.0,20.540037372,1.0
18838,25.698336533,1.0,5.424393042,1.0
18839,25.698336533,1.0,2.983925031,1.0
18840,25.698336533,1.0,0.9996754983,1.0
18841,25.698336533,1.0,33.529472225,1.0
18842,25.698336533,1.0,35.840505224,1.0
18843,25.698336533,1.0,1.000425867,1.0
18844,25.698336533,1.0,24.65499671,1.0
18845,1.426097319,1.0,153.378432818,1.0
18846,1.426097319,1.0,3.071931185,1.0
18847,1.426097319,1.0,5.306124882,1.0
18848,1.426097319,1.0,23.450551653,1.0
18849,1.426097319,1.0,0.7346031658,1.0
18850,1.426097319,1.0,30.150731299,1.0
18851,1.426097319,1.0,7.491649438,1.0
18852,1.426097319,1.0,1.280519931,1.0
18853,1.426097319,1.0,4.627303628,1.0
18854,1.426097319,1.0,10.397099174,1.0
18855,2.632581182,0.0,153.378432818,1.0
18856,2.632581182,0.0,11.081644824,0.0
18857,2.632581182,0.0,5.000374071,0.0
18858,2.632581182,0.0,5.358211873,0.0
18859,2.632581182,0.0,3.750092612,0.0
18860,2.632581182,0.0,3.998340136,0.0
18861,2.632581182,0.0,4.633611071,0.0
18862,2.632581182,0.0,3.034535035,0.0
18863,2.632581182,0.0,4.339661826,0.0
18864,2.632581182,0.0,3.675921038,0.0
18865,2.632581182,0.0,30.150731299,1.0
18866,2.632581182,0.0,1.793332891,1.0
18867,2.632581182,0.0,8.225268379,0.0
18868,2.028386934,1.0,153.378432818,1.0
18869,2.028386934,1.0,6.141325198,1.0
18870,2.028386934,1.0,7.763450156,1.0
18871,2.028386934,1.0,3.071931185,1.0
18872,2.028386934,1.0,16.330971967,1.0
18873,2.028386934,1.0,2.947136582,1.0
18874,6.247337911,0.0,153.378432818,1.0
18875,6.247337911,0.0,5.206241117,0.0
18876,6.247337911,0.0,7.605207699,0.0
18877,6.247337911,0.0,35.374851173,0.0
18878,6.247337911,0.0,26.668067758,0.0
18879,6.247337911,0.0,26.359111832,0.0
18880,6.247337911,0.0,8.394491298,0.0
18881,6.247337911,0.0,7.99491551,0.0
18882,6.247337911,0.0,10.51791993,0.0
18883,8.791860278,0.0,153.378432818,1.0
18884,8.791860278,0.0,73.678253805,0.0
18885,8.791860278,0.0,8.573559835,0.0
18886,8.791860278,0.0,2.430209341,0.0
18887,8.791860278,0.0,11.45702789,0.0
18888,8.791860278,0.0,14.212982833,0.0
18889,8.791860278,0.0,57.196357044,0.0
18890,8.791860278,0.0,6.288663898,0.0
18891,8.791860278,0.0,21.195495867,0.0
18892,8.791860278,0.0,7.885392656,0.0
18893,8.791860278,0.0,17.99554838,0.0
18894,8.791860278,0.0,26.621552508,0.0
18895,8.791860278,0.0,25.084860848,0.0
18896,8.791860278,0.0,26.853872834,0.0
18897,8.791860278,0.0,24.466421136,0.0
18898,8.791860278,0.0,5.276379252,0.0
18899,8.791860278,0.0,4.68757824,0.0
18900,8.791860278,0.0,7.12999787,0.0
18901,8.791860278,0.0,8.364312963,0.0
18902,8.791860278,0.0,7.989855372,0.0
18903,8.791860278,0.0,20.918539645,0.0
18904,8.791860278,0.0,8.580112819,0.0
18905,8.791860278,0.0,5.051028054,0.0
18906,8.791860278,0.0,6.825253381,0.0
18907,8.791860278,0.0,8.332959718,0.0
18908,3.378924377,1.0,153.378432818,1.0
18909,3.378924377,1.0,21.80995475,1.0
18910,3.378924377,1.0,7.41032757,1.0
18911,3.378924377,1.0,2.942608565,1.0
18912,3.378924377,1.0,5.466959489,1.0
18913,3.378924377,1.0,5.844142797,0.0
18914,3.378924377,1.0,7.834900296,1.0
18915,1.455553639,1.0,153.378432818,1.0
18916,1.455553639,1.0,15.733724505,1.0
18917,1.455553639,1.0,8.804730121,1.0
18918,1.455553639,1.0,1.64516445,1.0
18919,1.455553639,1.0,1.188412879,1.0
18920,7.834900296,1.0,153.378432818,1.0
18921,7.834900296,1.0,1.930209873,1.0
18922,7.834900296,1.0,10.349034039,1.0
18923,7.834900296,1.0,11.305962931,1.0
18924,7.834900296,1.0,18.00089822,1.0
18925,7.834900296,1.0,5.447870108,1.0
18926,7.834900296,1.0,3.238436483,1.0
18927,7.834900296,1.0,3.287873652,1.0
18928,7.834900296,1.0,39.845944866,1.0
18929,3.506588001,1.0,2.68841294,1.0
18930,14.467004793,1.0,2.68841294,1.0
18931,14.467004793,1.0,3.441904024,1.0
18932,14.467004793,1.0,6.141325198,1.0
18933,14.467004793,1.0,21.342876657,1.0
18934,14.467004793,1.0,5.756985413,1.0
18935,14.467004793,1.0,3.361155625,1.0
18936,14.467004793,1.0,1.341409792,1.0
18937,14.467004793,1.0,2.043936169,1.0
18938,14.467004793,1.0,1.61505013,1.0
18939,14.467004793,1.0,6.055020615,1.0
18940,14.467004793,1.0,1.93329749,1.0
18941,4.829505682,1.0,2.68841294,1.0
18942,4.829505682,1.0,5.424393042,1.0
18943,4.829505682,1.0,5.756985413,1.0
18944,4.829505682,1.0,6.109671996,1.0
18945,4.829505682,1.0,7.748182289,1.0
18946,4.829505682,1.0,2.747730392,1.0
18947,4.829505682,1.0,0.9001109856,1.0
18948,4.829505682,1.0,3.255978393,1.0
18949,4.829505682,1.0,6.17753814,1.0
18950,4.829505682,1.0,2.058667752,1.0
18951,4.829505682,1.0,4.04467984,1.0
18952,25.344467401,0.0,3.001320507,1.0
18953,1.211280622,0.0,3.000885071,0.0
18954,1.222337511,1.0,8.170173078,1.0
18955,1.222337511,1.0,3.173404453,1.0
18956,5.854779429,1.0,1.186856672,1.0
18957,5.854779429,1.0,5.209010614,1.0
18958,5.854779429,1.0,10.013880072,1.0
18959,5.854779429,1.0,12.876687905,1.0
18960,1.876343911,1.0,15.733724505,1.0
18961,1.876343911,1.0,4.672049272,1.0
18962,1.876343911,1.0,0.8000162359,1.0
18963,4.108503673,0.0,15.733724505,1.0
18964,97.392731161,1.0,15.733724505,1.0
18965,97.392731161,1.0,3.363732976,1.0
18966,97.392731161,1.0,2.299200452,1.0
18967,97.392731161,1.0,4.723954086,1.0
18968,5.671940738,1.0,15.733724505,1.0
18969,5.671940738,1.0,16.746607955,1.0
18970,5.671940738,1.0,19.806237448,1.0
18971,5.671940738,1.0,107.837802675,1.0
18972,6.977362658,1.0,15.733724505,1.0
18973,6.977362658,1.0,21.80995475,1.0
18974,6.977362658,1.0,3.341894097,1.0
18975,6.977362658,1.0,6.109671996,1.0
18976,6.977362658,1.0,2.326080633,1.0
18977,6.977362658,1.0,11.305962931,1.0
18978,6.977362658,1.0,3.696128234,1.0
18979,6.977362658,1.0,3.836845692,1.0
18980,6.977362658,1.0,6.851861599,1.0
18981,6.977362658,1.0,7.986422452,1.0
18982,6.977362658,1.0,5.844142797,0.0
18983,6.977362658,1.0,4.753731003,1.0
18984,6.977362658,1.0,3.287873652,1.0
18985,6.977362658,1.0,7.491649438,1.0
18986,6.977362658,1.0,5.257523475,1.0
18987,6.977362658,1.0,1.608127492,1.0
18988,17.99554838,0.0,15.733724505,1.0
18989,17.99554838,0.0,73.678253805,0.0
18990,17.99554838,0.0,2.430209341,0.0
18991,17.99554838,0.0,11.45702789,0.0
18992,17.99554838,0.0,8.791860278,0.0
18993,17.99554838,0.0,57.196357044,0.0
18994,17.99554838,0.0,4.711466608,0.0
18995,17.99554838,0.0,7.885392656,0.0
18996,17.99554838,0.0,26.621552508,0.0
18997,17.99554838,0.0,22.969963088,0.0
18998,17.99554838,0.0,25.084860848,0.0
18999,17.99554838,0.0,16.525821364,0.0
19000,17.99554838,0.0,26.853872834,0.0
19001,17.99554838,0.0,24.466421136,0.0
19002,17.99554838,0.0,5.276379252,0.0
19003,17.99554838,0.0,7.12999787,0.0
19004,17.99554838,0.0,8.364312963,0.0
19005,17.99554838,0.0,0.04549484647,0.0
19006,17.99554838,0.0,5.051028054,0.0
19007,17.99554838,0.0,8.332959718,0.0
19008,17.99554838,0.0,5.538429016,1.0
19009,1.23470253,1.0,15.733724505,1.0
19010,5.617126462,1.0,6.16062698,1.0
19011,5.617126462,1.0,0.8049197798,1.0
19012,4.640115564,1.0,6.16062698,1.0
19013,4.640115564,1.0,1.750041218,1.0
19014,5.322609897,1.0,7.581091383,0.0
19015,5.322609897,1.0,3.697724209,1.0
19016,3.453827281,1.0,1.104438989,1.0
19017,3.453827281,1.0,7.157709722,1.0
19018,3.453827281,1.0,2.028676348,1.0
19019,3.564037102,1.0,1.104438989,1.0
19020,3.564037102,1.0,0.9996754983,1.0
19021,3.564037102,1.0,7.01447234,1.0
19022,5.974284746,1.0,2.018705924,1.0
19023,4.723954086,1.0,2.018705924,1.0
19024,4.723954086,1.0,97.392731161,1.0
19025,4.723954086,1.0,2.299200452,1.0
19026,5.693360228,1.0,30.017045246,1.0
19027,5.693360228,1.0,8.187427692,1.0
19028,5.693360228,1.0,15.240375229,1.0
19029,5.693360228,1.0,17.888502667,1.0
19030,5.693360228,1.0,38.515792955,1.0
19031,63.666383596,0.0,7.975307176,0.0
19032,63.666383596,0.0,13.248713101,0.0
19033,63.666383596,0.0,4.183351832,0.0
19034,63.666383596,0.0,9.048977587,0.0
19035,63.666383596,0.0,5.994541125,0.0
19036,63.666383596,0.0,9.070312157,0.0
19037,63.666383596,0.0,6.832421315,0.0
19038,63.666383596,0.0,32.749514866,0.0
19039,63.666383596,0.0,34.599385905,0.0
19040,63.666383596,0.0,11.769430661,0.0
19041,22.680958327,1.0,15.722078037,1.0
19042,22.680958327,1.0,4.669409215,1.0
19043,22.680958327,1.0,46.94762608,1.0
19044,22.680958327,1.0,3.164674771,1.0
19045,22.680958327,1.0,6.109671996,1.0
19046,22.680958327,1.0,23.163711763,1.0
19047,22.680958327,1.0,11.133808458,1.0
19048,22.680958327,1.0,2.747730392,1.0
19049,22.680958327,1.0,4.063647561,1.0
19050,22.680958327,1.0,41.816248515,1.0
19051,22.680958327,1.0,15.149110824,1.0
19052,22.680958327,1.0,3.767829505,1.0
19053,22.680958327,1.0,10.861725655,1.0
19054,22.680958327,1.0,4.995556646,1.0
19055,22.680958327,1.0,18.598069279,1.0
19056,22.680958327,1.0,2.058667752,1.0
19057,22.680958327,1.0,8.243241662,1.0
19058,22.680958327,1.0,8.988959255,1.0
19059,22.680958327,1.0,1.393107025,1.0
19060,22.680958327,1.0,4.047358916,1.0
19061,0.6167532631,1.0,5.554604713,1.0
19062,0.6167532631,1.0,24.16940176,1.0
19063,0.6167532631,1.0,8.655801073,1.0
19064,0.6167532631,1.0,5.209010614,1.0
19065,0.6167532631,1.0,5.226182218,1.0
19066,0.6167532631,1.0,1.148863826,1.0
19067,0.6167532631,1.0,23.449607505,1.0
19068,0.6167532631,1.0,2.694690479,1.0
19069,0.6167532631,1.0,53.620745395,1.0
19070,0.6167532631,1.0,13.675393622,1.0
19071,7.797062477,1.0,6.48398763,1.0
19072,74.370568883,0.0,113.3893078,0.0
19073,3.722445448,1.0,3.363732976,1.0
19074,4.860815553,1.0,24.16940176,1.0
19075,4.860815553,1.0,2.784885026,1.0
19076,4.860815553,1.0,5.971852864,1.0
19077,4.860815553,1.0,46.94762608,1.0
19078,4.860815553,1.0,3.66616111,1.0
19079,4.860815553,1.0,1.286863813,1.0
19080,4.860815553,1.0,6.109671996,1.0
19081,4.860815553,1.0,49.330409711,1.0
19082,4.860815553,1.0,0.5816461023,1.0
19083,114.743187462,0.0,1.15607445,0.0
19084,5.972113494,1.0,16.210032309,1.0
19085,5.972113494,1.0,6.004955858,1.0
19086,5.972113494,1.0,1.788306737,1.0
19087,5.972113494,1.0,15.669155056,1.0
19088,5.972113494,1.0,3.927058428,0.0
19089,5.972113494,1.0,6.458580704,1.0
19090,1.946171363,1.0,16.210032309,1.0
19091,1.946171363,1.0,6.004955858,1.0
19092,1.946171363,1.0,1.788306737,1.0
19093,1.946171363,1.0,1.893540935,1.0
19094,1.946171363,1.0,15.669155056,1.0
19095,1.946171363,1.0,48.98486836,1.0
19096,1.946171363,1.0,7.729041888,1.0
19097,15.669155056,1.0,16.210032309,1.0
19098,15.669155056,1.0,1.788306737,1.0
19099,15.669155056,1.0,5.057775495,1.0
19100,15.669155056,1.0,1.946171363,1.0
19101,15.669155056,1.0,48.98486836,1.0
19102,15.669155056,1.0,10.410503753,1.0
19103,10.410503753,1.0,16.210032309,1.0
19104,10.410503753,1.0,5.972113494,1.0
19105,10.410503753,1.0,6.004955858,1.0
19106,10.410503753,1.0,0.206800688,0.0
19107,6.458580704,1.0,16.210032309,1.0
19108,6.458580704,1.0,0.4899681687,0.0
19109,5.815183049,1.0,16.210032309,1.0
19110,5.815183049,1.0,1.788306737,1.0
19111,5.815183049,1.0,1.946171363,1.0
19112,5.815183049,1.0,48.98486836,1.0
19113,5.815183049,1.0,14.796175342,0.0
19114,8.0654832,1.0,47.858770666,1.0
19115,8.0654832,1.0,4.777806825,1.0
19116,2.291705376,0.0,3.050570362,1.0
19117,1.191753044,1.0,2.299200452,1.0
19118,4.597355705,0.0,114.743187462,0.0
19119,5.466959489,1.0,10.695111153,1.0
19120,5.466959489,1.0,21.80995475,1.0
19121,5.466959489,1.0,0.7072698146,1.0
19122,5.466959489,1.0,14.930979187,1.0
19123,5.466959489,1.0,3.372868411,0.0
19124,5.466959489,1.0,5.237392338,1.0
19125,5.466959489,1.0,5.306124882,1.0
19126,5.466959489,1.0,3.252543863,1.0
19127,5.466959489,1.0,7.025923962,1.0
19128,5.466959489,1.0,9.885977802,1.0
19129,5.466959489,1.0,4.627303628,1.0
19130,5.466959489,1.0,10.397099174,1.0
19131,4.441750842,1.0,10.695111153,1.0
19132,4.441750842,1.0,5.014749404,1.0
19133,4.441750842,1.0,8.148691521,1.0
19134,4.441750842,1.0,12.835121545,1.0
19135,4.441750842,1.0,37.938945266,1.0
19136,4.441750842,1.0,10.732081783,1.0
19137,4.441750842,1.0,19.694973874,1.0
19138,4.441750842,1.0,8.061526394,1.0
19139,4.441750842,1.0,5.02729186,1.0
19140,4.441750842,1.0,5.318928376,1.0
19141,4.441750842,1.0,12.292862519,1.0
19142,13.445185063,1.0,4.27505618,0.0
19143,13.445185063,1.0,1.213275618,1.0
19144,13.445185063,1.0,3.280174261,1.0
19145,13.445185063,1.0,3.031830641,1.0
19146,13.445185063,1.0,6.904083149,1.0
19147,13.445185063,1.0,21.342876657,1.0
19148,13.445185063,1.0,1.496756436,1.0
19149,13.445185063,1.0,5.521065503,1.0
19150,13.445185063,1.0,18.521265883,1.0
19151,13.445185063,1.0,3.492015655,1.0
19152,13.445185063,1.0,9.71155112,1.0
19153,13.445185063,1.0,0.459912733,1.0
19154,13.445185063,1.0,3.320254456,1.0
19155,13.445185063,1.0,13.070268138,1.0
19156,13.445185063,1.0,11.253524316,1.0
19157,13.445185063,1.0,17.888502667,1.0
19158,13.445185063,1.0,4.537477814,1.0
19159,13.445185063,1.0,46.998665241,1.0
19160,13.445185063,1.0,41.790035293,1.0
19161,1.21352677,1.0,20.540037372,1.0
19162,1.21352677,1.0,629.457019025,1.0
19163,1.21352677,1.0,4.193583381,1.0
19164,1.21352677,1.0,15.776847279,1.0
19165,1.21352677,1.0,20.418653862,1.0
19166,1.21352677,1.0,18.195908064,1.0
19167,1.21352677,1.0,3.811754697,1.0
19168,1.21352677,1.0,6.816885683,1.0
19169,1.21352677,1.0,1.213586358,1.0
19170,1.21352677,1.0,3.560045955,1.0
19171,1.21352677,1.0,0.5816461023,1.0
19172,1.21352677,1.0,7.9903188,1.0
19173,13.451980124,1.0,20.540037372,1.0
19174,13.451980124,1.0,6.17753814,1.0
19175,13.451980124,1.0,11.305962931,1.0
19176,13.451980124,1.0,3.855461904,1.0
19177,13.451980124,1.0,2.271211233,1.0
19178,13.451980124,1.0,1.419281651,1.0
19179,13.451980124,1.0,12.307254829,1.0
19180,15.405753741,1.0,20.540037372,1.0
19181,15.405753741,1.0,8.32811975,1.0
19182,6.129802768,1.0,1.55955744,1.0
19183,6.129802768,1.0,3.581472819,1.0
19184,6.129802768,1.0,12.715212237,1.0
19185,6.129802768,1.0,205.461120806,1.0
19186,1.55955744,1.0,2.620228609,1.0
19187,1.55955744,1.0,7.429994027,1.0
19188,1.55955744,1.0,11.041594951,1.0
19189,1.55955744,1.0,11.133808458,1.0
19190,1.55955744,1.0,4.381866605,1.0
19191,20.838285529,1.0,2.620228609,1.0
19192,20.838285529,1.0,10.628219003,1.0
19193,20.838285529,1.0,6.173098905,1.0
19194,20.838285529,1.0,29.457087968,1.0
19195,20.838285529,1.0,2.649064229,1.0
19196,20.838285529,1.0,11.740665257,1.0
19197,20.838285529,1.0,4.737651137,1.0
19198,20.838285529,1.0,7.99491551,0.0
19199,20.838285529,1.0,6.169691432,1.0
19200,5.521065503,1.0,2.620228609,1.0
19201,5.521065503,1.0,3.287148858,1.0
19202,5.521065503,1.0,22.627451627,1.0
19203,5.521065503,1.0,10.561206156,1.0
19204,5.521065503,1.0,8.327704218,1.0
19205,5.521065503,1.0,23.163711763,1.0
19206,5.521065503,1.0,15.149110824,1.0
19207,5.521065503,1.0,10.277541211,1.0
19208,5.521065503,1.0,7.228822587,1.0
19209,5.521065503,1.0,24.186224197,1.0
19210,5.521065503,1.0,3.208916221,1.0
19211,5.521065503,1.0,3.320254456,1.0
19212,5.521065503,1.0,2.197170175,1.0
19213,5.521065503,1.0,13.070268138,1.0
19214,5.521065503,1.0,10.557429856,1.0
19215,5.521065503,1.0,9.153441064,1.0
19216,4.092789708,1.0,8.177023242,0.0
19217,4.092789708,1.0,8.358868309,1.0
19218,4.092789708,1.0,5.424393042,1.0
19219,4.092789708,1.0,6.465810522,1.0
19220,4.167107991,0.0,8.177023242,0.0
19221,4.167107991,0.0,11.081644824,0.0
19222,4.167107991,0.0,7.41032757,1.0
19223,4.167107991,0.0,5.000374071,0.0
19224,4.167107991,0.0,12.314548823,1.0
19225,4.167107991,0.0,5.358211873,0.0
19226,4.167107991,0.0,3.750092612,0.0
19227,4.167107991,0.0,4.339661826,0.0
19228,4.167107991,0.0,3.675921038,0.0
19229,4.167107991,0.0,3.038162754,0.0
19230,4.167107991,0.0,1.280519931,1.0
19231,4.167107991,0.0,8.225268379,0.0
19232,24.16940176,1.0,2.257905961,1.0
19233,24.16940176,1.0,19.300014971,1.0
19234,5.453196982,1.0,2.257905961,1.0
19235,5.453196982,1.0,27.334429574,1.0
19236,5.453196982,1.0,23.390458917,1.0
19237,5.453196982,1.0,8.663691625,1.0
19238,23.583721319,1.0,4.457214021,1.0
19239,23.583721319,1.0,14.930979187,1.0
19240,23.583721319,1.0,3.855461904,1.0
19241,23.583721319,1.0,2.197170175,1.0
19242,23.583721319,1.0,11.253524316,1.0
19243,23.583721319,1.0,8.843522305,1.0
19244,23.583721319,1.0,17.888502667,1.0
19245,23.583721319,1.0,4.621428657,1.0
19246,23.583721319,1.0,6.257818439,1.0
19247,23.583721319,1.0,6.23365539,1.0
19248,23.583721319,1.0,3.637886738,1.0
19249,23.583721319,1.0,3.101439572,1.0
19250,23.583721319,1.0,7.025923962,1.0
19251,23.583721319,1.0,6.790219312,1.0
19252,23.583721319,1.0,10.487538393,1.0
19253,23.583721319,1.0,5.38214551,1.0
19254,23.583721319,1.0,1.393107025,1.0
19255,23.583721319,1.0,21.17309223,1.0
19256,0.8053114143,1.0,4.210712808,1.0
19257,0.8053114143,1.0,4.621428657,1.0
19258,0.8053114143,1.0,1.503732411,1.0
19259,0.8053114143,1.0,2.660204161,1.0
19260,9.264678249,1.0,3.425917973,1.0
19261,9.264678249,1.0,36.089846175,1.0
19262,9.264678249,1.0,9.903488889,1.0
19263,9.264678249,1.0,17.059242232,1.0
19264,9.264678249,1.0,14.040953069,1.0
19265,9.264678249,1.0,4.449113565,1.0
19266,9.264678249,1.0,17.888502667,1.0
19267,9.264678249,1.0,9.150646684,1.0
19268,9.264678249,1.0,6.52281174,1.0
19269,9.264678249,1.0,8.334980135,1.0
19270,9.264678249,1.0,10.487538393,1.0
19271,9.264678249,1.0,5.219724345,1.0
19272,41.195718984,0.0,310.432760852,0.0
19273,41.195718984,0.0,1.788306737,1.0
19274,41.195718984,0.0,32.792614215,0.0
19275,41.195718984,0.0,12.679609565,0.0
19276,41.195718984,0.0,6.819937602,0.0
19277,41.195718984,0.0,4.995556646,1.0
19278,41.195718984,0.0,1.535356158,0.0
19279,41.195718984,0.0,23.32362116,0.0
19280,41.195718984,0.0,9.102690599,1.0
19281,41.195718984,0.0,31.443041816,0.0
19282,6.004955858,1.0,41.195718984,0.0
19283,6.004955858,1.0,5.972113494,1.0
19284,6.004955858,1.0,1.788306737,1.0
19285,6.004955858,1.0,15.669155056,1.0
19286,6.004955858,1.0,28.474353554,0.0
19287,6.004955858,1.0,6.438595094,1.0
19288,6.004955858,1.0,4.235720324,1.0
19289,48.98486836,1.0,41.195718984,0.0
19290,48.98486836,1.0,6.004955858,1.0
19291,48.98486836,1.0,1.946171363,1.0
19292,48.98486836,1.0,5.815183049,1.0
19293,32.792614215,0.0,41.195718984,0.0
19294,32.792614215,0.0,12.679609565,0.0
19295,32.792614215,0.0,6.819937602,0.0
19296,6.819937602,0.0,41.195718984,0.0
19297,6.819937602,0.0,4.965605356,0.0
19298,6.819937602,0.0,2.715374743,0.0
19299,6.819937602,0.0,4.373284725,0.0
19300,28.474353554,0.0,41.195718984,0.0
19301,28.474353554,0.0,155.280502421,0.0
19302,28.474353554,0.0,1.744693252,0.0
19303,28.474353554,0.0,137.59031023,0.0
19304,28.474353554,0.0,53.845010211,0.0
19305,28.474353554,0.0,203.537458695,0.0
19306,28.474353554,0.0,96.169620293,0.0
19307,28.474353554,0.0,6.719248284,0.0
19308,0.4899681687,0.0,41.195718984,0.0
19309,0.4899681687,0.0,6.004955858,1.0
19310,0.4899681687,0.0,1.402524531,1.0
19311,0.4899681687,0.0,2.430209341,0.0
19312,23.32362116,0.0,41.195718984,0.0
19313,23.32362116,0.0,6.819937602,0.0
19314,6.98091138,0.0,41.195718984,0.0
19315,4.229684425,0.0,41.195718984,0.0
19316,4.229684425,0.0,2.715374743,0.0
19317,31.443041816,0.0,41.195718984,0.0
19318,31.443041816,0.0,2.712361823,0.0
19319,15.73610306,0.0,155.280502421,0.0
19320,15.73610306,0.0,53.845010211,0.0
19321,15.73610306,0.0,203.537458695,0.0
19322,15.73610306,0.0,96.169620293,0.0
19323,15.73610306,0.0,6.719248284,0.0
19324,53.845010211,0.0,155.280502421,0.0
19325,53.845010211,0.0,15.73610306,0.0
19326,53.845010211,0.0,203.537458695,0.0
19327,53.845010211,0.0,96.169620293,0.0
19328,203.537458695,0.0,155.280502421,0.0
19329,203.537458695,0.0,15.73610306,0.0
19330,203.537458695,0.0,28.474353554,0.0
19331,203.537458695,0.0,53.845010211,0.0
19332,203.537458695,0.0,96.169620293,0.0
19333,203.537458695,0.0,6.719248284,0.0
19334,96.169620293,0.0,155.280502421,0.0
19335,96.169620293,0.0,15.73610306,0.0
19336,96.169620293,0.0,1.402524531,1.0
19337,96.169620293,0.0,4.995556646,1.0
19338,96.169620293,0.0,53.845010211,0.0
19339,96.169620293,0.0,203.537458695,0.0
19340,6.3099015,1.0,4.092789708,1.0
19341,6.3099015,1.0,30.637355167,1.0
19342,2.998706949,1.0,8.655801073,1.0
19343,2.998706949,1.0,5.226182218,1.0
19344,2.998706949,1.0,22.680958327,1.0
19345,1.148863826,1.0,2.998706949,1.0
19346,1.148863826,1.0,5.226182218,1.0
19347,1.148863826,1.0,4.672049272,1.0
19348,1.148863826,1.0,9.904618534,1.0
19349,1.148863826,1.0,0.6167532631,1.0
19350,23.449607505,1.0,5.209010614,1.0
19351,23.449607505,1.0,1.148863826,1.0
19352,23.449607505,1.0,0.6167532631,1.0
19353,23.449607505,1.0,5.996384101,1.0
19354,23.449607505,1.0,35.190700103,1.0
19355,2.819656285,1.0,11.703124553,1.0
19356,2.819656285,1.0,2.294374038,1.0
19357,5.846871423,1.0,11.703124553,1.0
19358,5.846871423,1.0,18.195908064,1.0
19359,0.8518332926,1.0,23.449607505,1.0
19360,0.8518332926,1.0,49.330409711,1.0
19361,0.8518332926,1.0,45.854721033,1.0
19362,0.8518332926,1.0,3.581472819,1.0
19363,0.8518332926,1.0,0.5816461023,1.0
19364,0.8518332926,1.0,26.111237618,1.0
19365,0.8518332926,1.0,6.419404649,1.0
19366,3.410190632,1.0,2.294374038,1.0
19367,3.410190632,1.0,4.07161481,1.0
19368,3.410190632,1.0,5.450486809,1.0
19369,3.410190632,1.0,1.998908817,1.0
19370,3.410190632,1.0,3.66616111,1.0
19371,3.855461904,1.0,12.876687905,1.0
19372,3.855461904,1.0,6.80925624,1.0
19373,3.855461904,1.0,4.678165374,1.0
19374,3.855461904,1.0,7.094763502,1.0
19375,3.855461904,1.0,5.814209188,1.0
19376,3.855461904,1.0,5.97652199,1.0
19377,3.855461904,1.0,4.709903611,1.0
19378,3.855461904,1.0,7.469166361,1.0
19379,3.855461904,1.0,4.513045268,1.0
19380,3.855461904,1.0,3.73091468,1.0
19381,3.855461904,1.0,6.893769984,1.0
19382,3.855461904,1.0,3.00079294,1.0
19383,3.855461904,1.0,7.659051738,1.0
19384,3.855461904,1.0,8.068554411,1.0
19385,3.855461904,1.0,5.552837028,1.0
19386,3.855461904,1.0,15.293129274,1.0
19387,3.855461904,1.0,4.91927798,1.0
19388,3.855461904,1.0,21.17309223,1.0
19389,2.962675292,0.0,0.6167532631,1.0
19390,2.962675292,0.0,10.016669087,1.0
19391,2.962675292,0.0,15.453245152,0.0
19392,2.962675292,0.0,23.390458917,1.0
19393,2.962675292,0.0,5.840658135,1.0
19394,2.962675292,0.0,8.791860278,0.0
19395,2.962675292,0.0,5.276379252,0.0
19396,2.962675292,0.0,10.744893785,0.0
19397,2.962675292,0.0,112.099655851,1.0
19398,2.962675292,0.0,6.319002241,0.0
19399,5.447870108,1.0,27.348444479,0.0
19400,5.447870108,1.0,3.441904024,1.0
19401,5.447870108,1.0,9.643040622,1.0
19402,5.447870108,1.0,23.163711763,1.0
19403,5.447870108,1.0,7.748182289,1.0
19404,5.447870108,1.0,5.146293333,1.0
19405,5.447870108,1.0,9.525955471,1.0
19406,5.447870108,1.0,18.00089822,1.0
19407,5.447870108,1.0,23.390458917,1.0
19408,5.447870108,1.0,5.506224572,1.0
19409,5.447870108,1.0,13.574966657,1.0
19410,5.447870108,1.0,5.894179482,1.0
19411,5.447870108,1.0,2.138567555,1.0
19412,5.447870108,1.0,4.753731003,1.0
19413,5.447870108,1.0,1.280519931,1.0
19414,5.447870108,1.0,4.818576649,1.0
19415,5.447870108,1.0,46.998665241,1.0
19416,5.447870108,1.0,4.047358916,1.0
19417,160.643460126,0.0,148.03948337,0.0
19418,160.643460126,0.0,147.082677326,0.0
19419,160.643460126,0.0,20.134134921,0.0
19420,160.643460126,0.0,54.060981584,0.0
19421,160.643460126,0.0,70.45818501,0.0
19422,160.643460126,0.0,1.890130271,0.0
19423,160.643460126,0.0,38.140135476,0.0
19424,160.643460126,0.0,28.749192928,0.0
19425,160.643460126,0.0,30.267620784,0.0
19426,160.643460126,0.0,295.16389399,0.0
19427,160.643460126,0.0,0.6388509744,0.0
19428,160.643460126,0.0,42.366921432,0.0
19429,160.643460126,0.0,698.965974863,0.0
19430,130.292030344,0.0,148.03948337,0.0
19431,130.292030344,0.0,31.661805224,0.0
19432,130.292030344,0.0,70.45818501,0.0
19433,130.292030344,0.0,1.890130271,0.0
19434,58.498875788,0.0,148.03948337,0.0
19435,58.498875788,0.0,147.082677326,0.0
19436,58.498875788,0.0,31.661805224,0.0
19437,58.498875788,0.0,31.521577885,0.0
19438,58.498875788,0.0,20.134134921,0.0
19439,58.498875788,0.0,54.060981584,0.0
19440,58.498875788,0.0,38.349900884,0.0
19441,58.498875788,0.0,70.45818501,0.0
19442,58.498875788,0.0,11.880284756,0.0
19443,58.498875788,0.0,1.890130271,0.0
19444,58.498875788,0.0,28.060307817,0.0
19445,58.498875788,0.0,88.018188846,0.0
19446,58.498875788,0.0,38.140135476,0.0
19447,58.498875788,0.0,20.196953428,0.0
19448,58.498875788,0.0,15.587565804,0.0
19449,58.498875788,0.0,29.635776156,0.0
19450,58.498875788,0.0,8.216658628,0.0
19451,58.498875788,0.0,9.790565657,0.0
19452,58.498875788,0.0,6.450949175,0.0
19453,58.498875788,0.0,16.637476118,0.0
19454,31.661805224,0.0,148.03948337,0.0
19455,31.661805224,0.0,58.498875788,0.0
19456,31.661805224,0.0,31.521577885,0.0
19457,31.661805224,0.0,20.134134921,0.0
19458,31.661805224,0.0,54.060981584,0.0
19459,31.661805224,0.0,38.349900884,0.0
19460,70.45818501,0.0,148.03948337,0.0
19461,70.45818501,0.0,160.643460126,0.0
19462,70.45818501,0.0,130.292030344,0.0
19463,70.45818501,0.0,58.498875788,0.0
19464,70.45818501,0.0,0.9967000255,0.0
19465,70.45818501,0.0,28.749192928,0.0
19466,70.45818501,0.0,1.397456493,0.0
19467,119.487949049,0.0,148.03948337,0.0
19468,119.487949049,0.0,147.082677326,0.0
19469,119.487949049,0.0,28.060307817,0.0
19470,119.487949049,0.0,32.024145794,0.0
19471,6.622420641,0.0,148.03948337,0.0
19472,6.622420641,0.0,11.880284756,0.0
19473,6.622420641,0.0,76.793154575,0.0
19474,6.622420641,0.0,0.6388509744,0.0
19475,6.622420641,0.0,1.397456493,0.0
19476,28.060307817,0.0,148.03948337,0.0
19477,28.060307817,0.0,147.082677326,0.0
19478,28.060307817,0.0,130.292030344,0.0
19479,28.060307817,0.0,54.060981584,0.0
19480,28.060307817,0.0,119.487949049,0.0
19481,28.060307817,0.0,1.890130271,0.0
19482,28.060307817,0.0,103.372507846,0.0
19483,28.060307817,0.0,0.9967000255,0.0
19484,28.060307817,0.0,32.024145794,0.0
19485,61.709973689,0.0,148.03948337,0.0
19486,61.709973689,0.0,76.793154575,0.0
19487,0.9967000255,0.0,148.03948337,0.0
19488,0.9967000255,0.0,70.45818501,0.0
19489,0.9967000255,0.0,119.487949049,0.0
19490,0.9967000255,0.0,28.060307817,0.0
19491,59.476776908,0.0,148.03948337,0.0
19492,59.476776908,0.0,31.661805224,0.0
19493,59.476776908,0.0,20.134134921,0.0
19494,59.476776908,0.0,54.060981584,0.0
19495,59.476776908,0.0,20.196953428,0.0
19496,59.476776908,0.0,3.233513664,0.0
19497,59.476776908,0.0,40.285760316,0.0
19498,59.476776908,0.0,29.635776156,0.0
19499,59.476776908,0.0,8.216658628,0.0
19500,59.476776908,0.0,32.024145794,0.0
19501,59.476776908,0.0,9.332965559,0.0
19502,59.476776908,0.0,4.109453882,0.0
19503,59.476776908,0.0,10.266351127,0.0
19504,59.476776908,0.0,6.450949175,0.0
19505,59.476776908,0.0,62.849681791,0.0
19506,59.476776908,0.0,4035.268876807,0.0
19507,295.16389399,0.0,148.03948337,0.0
19508,295.16389399,0.0,160.643460126,0.0
19509,295.16389399,0.0,70.45818501,0.0
19510,295.16389399,0.0,214.699618227,0.0
19511,295.16389399,0.0,0.6388509744,0.0
19512,295.16389399,0.0,4.596529154,0.0
19513,295.16389399,0.0,9.06126233,0.0
19514,214.699618227,0.0,148.03948337,0.0
19515,214.699618227,0.0,295.16389399,0.0
19516,214.699618227,0.0,17.826140434,0.0
19517,9.06126233,0.0,148.03948337,0.0
19518,9.06126233,0.0,6.622420641,0.0
19519,9.06126233,0.0,0.6388509744,0.0
19520,9.06126233,0.0,1.397456493,0.0
19521,17.826140434,0.0,148.03948337,0.0
19522,17.826140434,0.0,76.793154575,0.0
19523,17.826140434,0.0,0.6388509744,0.0
19524,17.826140434,0.0,11.105295423,0.0
19525,17.826140434,0.0,1.397456493,0.0
19526,17.826140434,0.0,9.06126233,0.0
19527,16.525821364,0.0,3.130326904,1.0
19528,16.525821364,0.0,73.678253805,0.0
19529,16.525821364,0.0,49.330409711,1.0
19530,16.525821364,0.0,1.706916885,0.0
19531,16.525821364,0.0,7.228822587,1.0
19532,16.525821364,0.0,2.430209341,0.0
19533,16.525821364,0.0,11.45702789,0.0
19534,16.525821364,0.0,14.212982833,0.0
19535,16.525821364,0.0,57.196357044,0.0
19536,16.525821364,0.0,6.288663898,0.0
19537,16.525821364,0.0,21.195495867,0.0
19538,16.525821364,0.0,7.885392656,0.0
19539,16.525821364,0.0,9.948752647,0.0
19540,16.525821364,0.0,17.99554838,0.0
19541,16.525821364,0.0,26.621552508,0.0
19542,16.525821364,0.0,22.969963088,0.0
19543,16.525821364,0.0,25.084860848,0.0
19544,16.525821364,0.0,26.853872834,0.0
19545,16.525821364,0.0,24.466421136,0.0
19546,16.525821364,0.0,8.364312963,0.0
19547,16.525821364,0.0,5.051028054,0.0
19548,16.525821364,0.0,6.825253381,0.0
19549,16.525821364,0.0,10.170720446,0.0
19550,1.213586358,1.0,5.971852864,1.0
19551,1.213586358,1.0,7.41032757,1.0
19552,1.213586358,1.0,9.643040622,1.0
19553,1.213586358,1.0,22.680958327,1.0
19554,1.213586358,1.0,4.193583381,1.0
19555,1.213586358,1.0,1.21352677,1.0
19556,1.213586358,1.0,15.776847279,1.0
19557,1.213586358,1.0,28.598737411,1.0
19558,1.213586358,1.0,6.816885683,1.0
19559,1.213586358,1.0,6.903729822,1.0
19560,1.213586358,1.0,3.560045955,1.0
19561,11.041594951,1.0,7.429994027,1.0
19562,11.041594951,1.0,10.510975334,1.0
19563,11.041594951,1.0,6.489954121,1.0
19564,4.135864327,0.0,11.041594951,1.0
19565,4.089121753,1.0,5.450486809,1.0
19566,4.089121753,1.0,1.998908817,1.0
19567,4.089121753,1.0,12.671115978,1.0
19568,11.725877229,1.0,0.6476473379,1.0
19569,11.725877229,1.0,22.680958327,1.0
19570,11.725877229,1.0,3.915305063,1.0
19571,11.725877229,1.0,0.2951445344,1.0
19572,11.725877229,1.0,8.295439778,1.0
19573,11.725877229,1.0,6.893769984,1.0
19574,11.725877229,1.0,5.542460168,1.0
19575,11.725877229,1.0,29.988838829,1.0
19576,11.725877229,1.0,5.295070751,1.0
19577,11.725877229,1.0,8.070385649,1.0
19578,11.725877229,1.0,7.954241052,1.0
19579,5.525326408,1.0,5.693360228,1.0
19580,5.525326408,1.0,1.843604133,1.0
19581,5.525326408,1.0,43.881908864,1.0
19582,5.525326408,1.0,10.190843374,1.0
19583,5.525326408,1.0,35.190700103,1.0
19584,5.525326408,1.0,10.056347203,1.0
19585,3.425917973,1.0,5.328803376,1.0
19586,3.425917973,1.0,5.995996753,1.0
19587,3.425917973,1.0,2.888906621,1.0
19588,3.425917973,1.0,2.660204161,1.0
19589,13.389965492,1.0,5.328803376,1.0
19590,6.719969953,1.0,5.328803376,1.0
19591,6.719969953,1.0,9.722560875,0.0
19592,18.701816578,1.0,6.503926579,1.0
19593,3.757640503,1.0,1.998908817,1.0
19594,3.757640503,1.0,3.287148858,1.0
19595,3.757640503,1.0,3.441904024,1.0
19596,3.757640503,1.0,21.342876657,1.0
19597,3.757640503,1.0,15.189863814,1.0
19598,3.757640503,1.0,6.109671996,1.0
19599,3.757640503,1.0,2.825110966,1.0
19600,3.757640503,1.0,2.982104604,1.0
19601,3.757640503,1.0,2.747730392,1.0
19602,3.757640503,1.0,4.049552408,1.0
19603,3.757640503,1.0,49.330409711,1.0
19604,3.757640503,1.0,0.818685155,1.0
19605,3.757640503,1.0,6.394778045,1.0
19606,3.757640503,1.0,3.457366474,1.0
19607,3.757640503,1.0,3.316393044,1.0
19608,3.757640503,1.0,4.262285822,1.0
19609,3.767829505,1.0,1.998908817,1.0
19610,3.767829505,1.0,4.051893071,1.0
19611,3.767829505,1.0,22.78146695,1.0
19612,3.767829505,1.0,7.41032757,1.0
19613,3.767829505,1.0,8.188774877,1.0
19614,3.767829505,1.0,11.809729744,1.0
19615,3.767829505,1.0,20.418653862,1.0
19616,3.767829505,1.0,18.195908064,1.0
19617,3.767829505,1.0,5.506224572,1.0
19618,3.767829505,1.0,5.996384101,1.0
19619,3.767829505,1.0,5.894179482,1.0
19620,3.767829505,1.0,5.840658135,1.0
19621,3.767829505,1.0,12.780643481,1.0
19622,38.874838435,0.0,93.774140871,0.0
19623,4.632870253,1.0,6.5091864,1.0
19624,0.1976658339,0.0,5.082210723,1.0
19625,0.1976658339,0.0,0.4531609842,1.0
19626,15.240375229,1.0,1.843604133,1.0
19627,15.240375229,1.0,49.675986752,1.0
19628,15.240375229,1.0,0.7322667889,1.0
19629,15.240375229,1.0,10.056347203,1.0
19630,13.047362402,1.0,5.455562515,1.0
19631,13.047362402,1.0,2.876639041,1.0
19632,13.047362402,1.0,6.865690139,1.0
19633,13.047362402,1.0,5.525326408,1.0
19634,5.142898705,1.0,3.255616154,1.0
19635,5.142898705,1.0,22.78146695,1.0
19636,5.142898705,1.0,4.678165374,1.0
19637,5.142898705,1.0,9.643040622,1.0
19638,5.142898705,1.0,13.445185063,1.0
19639,5.142898705,1.0,6.120753644,1.0
19640,5.142898705,1.0,8.188774877,1.0
19641,5.142898705,1.0,6.394778045,1.0
19642,5.142898705,1.0,18.996217281,1.0
19643,5.142898705,1.0,20.418653862,1.0
19644,5.142898705,1.0,18.195908064,1.0
19645,5.142898705,1.0,12.671115978,1.0
19646,5.142898705,1.0,18.00089822,1.0
19647,5.142898705,1.0,5.506224572,1.0
19648,5.142898705,1.0,5.996384101,1.0
19649,5.142898705,1.0,3.767829505,1.0
19650,5.142898705,1.0,13.574966657,1.0
19651,5.142898705,1.0,18.99975294,1.0
19652,5.142898705,1.0,3.836845692,1.0
19653,5.142898705,1.0,4.140323188,1.0
19654,5.142898705,1.0,16.462756475,1.0
19655,5.142898705,1.0,10.57156896,1.0
19656,5.142898705,1.0,4.818576649,1.0
19657,3.701022125,1.0,3.255616154,1.0
19658,3.701022125,1.0,5.980333505,1.0
19659,3.701022125,1.0,629.457019025,1.0
19660,3.701022125,1.0,10.016669087,1.0
19661,3.701022125,1.0,5.899303052,1.0
19662,3.701022125,1.0,6.696029248,1.0
19663,3.701022125,1.0,33.569029236,1.0
19664,3.701022125,1.0,6.782565889,1.0
19665,3.701022125,1.0,6.816885683,1.0
19666,3.701022125,1.0,14.597938965,1.0
19667,3.701022125,1.0,16.979769685,1.0
19668,3.701022125,1.0,25.0116746,1.0
19669,1.843604133,1.0,16.174671951,1.0
19670,1.843604133,1.0,13.047362402,1.0
19671,2.876639041,1.0,16.174671951,1.0
19672,2.876639041,1.0,8.617819401,1.0
19673,6.865690139,1.0,16.174671951,1.0
19674,6.865690139,1.0,4.695983704,1.0
19675,6.865690139,1.0,165.196432139,0.0
19676,6.865690139,1.0,13.41431181,1.0
19677,2.433588207,1.0,1.213275618,1.0
19678,2.249930079,1.0,11.284623998,1.0
19679,2.249930079,1.0,0.8679306657,1.0
19680,5.114191242,1.0,11.284623998,1.0
19681,0.4848176126,1.0,13.047362402,1.0
19682,0.7322667889,1.0,13.047362402,1.0
19683,20.911173717,0.0,8.031237759,0.0
19684,1.462530536,1.0,5.980333505,1.0
19685,1.462530536,1.0,9.98284207,1.0
19686,1.462530536,1.0,21.47320625,1.0
19687,1.462530536,1.0,6.63113924,1.0
19688,1.462530536,1.0,8.327704218,1.0
19689,1.462530536,1.0,6.588528896,1.0
19690,1.462530536,1.0,10.277541211,1.0
19691,1.462530536,1.0,7.228822587,1.0
19692,1.462530536,1.0,7.135698552,1.0
19693,1.462530536,1.0,4.119021003,1.0
19694,1.462530536,1.0,3.422984265,1.0
19695,6.561641533,1.0,1.799544375,1.0
19696,5.455562515,1.0,4.695983704,1.0
19697,5.455562515,1.0,0.8679306657,1.0
19698,3.287873652,1.0,6.795597285,1.0
19699,3.287873652,1.0,2.661209826,1.0
19700,3.287873652,1.0,3.341894097,1.0
19701,3.287873652,1.0,6.141325198,1.0
19702,3.287873652,1.0,7.770027438,1.0
19703,3.287873652,1.0,15.066753188,1.0
19704,3.287873652,1.0,23.163711763,1.0
19705,3.287873652,1.0,3.191550099,1.0
19706,3.287873652,1.0,0.4000316798,1.0
19707,3.287873652,1.0,5.306124882,1.0
19708,3.287873652,1.0,6.878149792,1.0
19709,3.287873652,1.0,7.986422452,1.0
19710,3.287873652,1.0,4.743119874,1.0
19711,3.287873652,1.0,4.753731003,1.0
19712,3.287873652,1.0,3.101439572,1.0
19713,3.287873652,1.0,1.280519931,1.0
19714,3.287873652,1.0,10.397099174,1.0
19715,1.01150814,0.0,2.249930079,1.0
19716,2.947842228,1.0,49.675986752,1.0
19717,8.031237759,0.0,0.2022182688,0.0
19718,95.682042412,0.0,165.196432139,0.0
19719,165.196432139,0.0,67.214898094,0.0
19720,165.196432139,0.0,17.86679629,1.0
19721,165.196432139,0.0,5.525326408,1.0
19722,2.2197354,1.0,4.614399465,1.0
19723,2.2197354,1.0,22.78146695,1.0
19724,2.2197354,1.0,9.643040622,1.0
19725,2.2197354,1.0,6.120753644,1.0
19726,2.2197354,1.0,4.193583381,1.0
19727,2.2197354,1.0,5.142898705,1.0
19728,2.2197354,1.0,6.394778045,1.0
19729,2.2197354,1.0,18.996217281,1.0
19730,2.2197354,1.0,3.87276971,1.0
19731,2.2197354,1.0,20.418653862,1.0
19732,2.2197354,1.0,18.195908064,1.0
19733,2.2197354,1.0,12.671115978,1.0
19734,2.2197354,1.0,14.040953069,1.0
19735,2.2197354,1.0,18.00089822,1.0
19736,2.2197354,1.0,5.506224572,1.0
19737,2.2197354,1.0,5.847750914,1.0
19738,2.2197354,1.0,18.341066883,1.0
19739,2.2197354,1.0,5.894179482,1.0
19740,2.2197354,1.0,4.140323188,1.0
19741,2.2197354,1.0,5.840658135,1.0
19742,2.2197354,1.0,2.390961954,1.0
19743,2.2197354,1.0,0.8518332926,1.0
19744,2.2197354,1.0,4.047358916,1.0
19745,8.020350441,1.0,3.287148858,1.0
19746,8.020350441,1.0,9.98284207,1.0
19747,8.020350441,1.0,5.173046124,1.0
19748,8.020350441,1.0,6.63113924,1.0
19749,8.020350441,1.0,21.957598551,1.0
19750,8.020350441,1.0,15.189863814,1.0
19751,8.020350441,1.0,5.816563551,1.0
19752,8.020350441,1.0,6.588528896,1.0
19753,8.020350441,1.0,23.163711763,1.0
19754,8.020350441,1.0,2.825110966,1.0
19755,8.020350441,1.0,8.078335378,1.0
19756,8.020350441,1.0,41.816248515,1.0
19757,8.020350441,1.0,9.223428395,1.0
19758,8.020350441,1.0,33.569029236,1.0
19759,8.020350441,1.0,13.574966657,1.0
19760,8.020350441,1.0,7.373882175,1.0
19761,8.020350441,1.0,18.598069279,1.0
19762,8.020350441,1.0,46.998665241,1.0
19763,8.020350441,1.0,11.778400279,1.0
19764,8.020350441,1.0,5.453609324,1.0
19765,24.186224197,1.0,3.287148858,1.0
19766,24.186224197,1.0,9.98284207,1.0
19767,24.186224197,1.0,46.94762608,1.0
19768,24.186224197,1.0,21.47320625,1.0
19769,24.186224197,1.0,6.63113924,1.0
19770,24.186224197,1.0,5.189647153,1.0
19771,24.186224197,1.0,22.627451627,1.0
19772,24.186224197,1.0,10.561206156,1.0
19773,24.186224197,1.0,16.746607955,1.0
19774,24.186224197,1.0,7.440375649,1.0
19775,24.186224197,1.0,5.816563551,1.0
19776,24.186224197,1.0,6.063404837,1.0
19777,24.186224197,1.0,29.064479699,1.0
19778,24.186224197,1.0,5.521065503,1.0
19779,24.186224197,1.0,8.078335378,1.0
19780,24.186224197,1.0,49.330409711,1.0
19781,24.186224197,1.0,3.492015655,1.0
19782,24.186224197,1.0,6.782565889,1.0
19783,24.186224197,1.0,23.390458917,1.0
19784,24.186224197,1.0,4.995556646,1.0
19785,24.186224197,1.0,7.135698552,1.0
19786,24.186224197,1.0,7.373882175,1.0
19787,24.186224197,1.0,2.197170175,1.0
19788,24.186224197,1.0,19.845513323,1.0
19789,24.186224197,1.0,45.854721033,1.0
19790,24.186224197,1.0,5.450804765,1.0
19791,24.186224197,1.0,3.581472819,1.0
19792,24.186224197,1.0,12.715212237,1.0
19793,24.186224197,1.0,8.243241662,1.0
19794,24.186224197,1.0,29.988838829,1.0
19795,24.186224197,1.0,35.190700103,1.0
19796,24.186224197,1.0,6.419404649,1.0
19797,24.186224197,1.0,11.778400279,1.0
19798,24.186224197,1.0,13.219212113,1.0
19799,3.031830641,1.0,5.951084905,1.0
19800,3.031830641,1.0,8.629651598,1.0
19801,3.031830641,1.0,5.515386787,1.0
19802,9.761304358,1.0,5.951084905,1.0
19803,9.761304358,1.0,9.141805687,1.0
19804,9.761304358,1.0,15.611347975,1.0
19805,9.761304358,1.0,11.863979571,1.0
19806,9.761304358,1.0,7.454794161,1.0
19807,9.761304358,1.0,4.709903611,1.0
19808,9.761304358,1.0,3.297807408,1.0
19809,9.761304358,1.0,19.142118001,1.0
19810,9.761304358,1.0,7.076362169,1.0
19811,9.761304358,1.0,2.733967464,1.0
19812,9.761304358,1.0,13.297675544,1.0
19813,9.761304358,1.0,5.515849566,1.0
19814,9.761304358,1.0,5.333459143,1.0
19815,9.761304358,1.0,12.835121545,1.0
19816,9.761304358,1.0,8.061526394,1.0
19817,4.737651137,1.0,5.951084905,1.0
19818,4.737651137,1.0,22.78146695,1.0
19819,4.737651137,1.0,15.611347975,1.0
19820,4.737651137,1.0,2.192416695,1.0
19821,4.737651137,1.0,11.863979571,1.0
19822,4.737651137,1.0,9.761304358,1.0
19823,4.737651137,1.0,4.709903611,1.0
19824,4.737651137,1.0,7.900750518,1.0
19825,4.737651137,1.0,2.733967464,1.0
19826,4.737651137,1.0,4.177580885,1.0
19827,4.737651137,1.0,9.171306539,1.0
19828,4.737651137,1.0,3.287873652,1.0
19829,4.737651137,1.0,8.061526394,1.0
19830,4.737651137,1.0,3.317045997,1.0
19831,5.552837028,1.0,5.951084905,1.0
19832,5.552837028,1.0,3.855461904,1.0
19833,5.552837028,1.0,4.513045268,1.0
19834,5.673623555,1.0,13.033793733,1.0
19835,5.673623555,1.0,2.832433931,1.0
19836,5.673623555,1.0,5.525326408,1.0
19837,7.883797269,1.0,5.38629216,1.0
19838,6.040723779,1.0,7.883797269,1.0
19839,148.03948337,0.0,160.643460126,0.0
19840,148.03948337,0.0,147.082677326,0.0
19841,148.03948337,0.0,130.292030344,0.0
19842,148.03948337,0.0,70.45818501,0.0
19843,148.03948337,0.0,119.487949049,0.0
19844,148.03948337,0.0,61.709973689,0.0
19845,148.03948337,0.0,0.9967000255,0.0
19846,148.03948337,0.0,59.476776908,0.0
19847,148.03948337,0.0,295.16389399,0.0
19848,148.03948337,0.0,214.699618227,0.0
19849,148.03948337,0.0,309.194781773,0.0
19850,148.03948337,0.0,12.705130837,0.0
19851,147.082677326,0.0,160.643460126,0.0
19852,147.082677326,0.0,31.661805224,0.0
19853,147.082677326,0.0,70.45818501,0.0
19854,147.082677326,0.0,119.487949049,0.0
19855,147.082677326,0.0,1.890130271,0.0
19856,147.082677326,0.0,28.060307817,0.0
19857,147.082677326,0.0,76.793154575,0.0
19858,147.082677326,0.0,32.024145794,0.0
19859,54.060981584,0.0,160.643460126,0.0
19860,54.060981584,0.0,58.498875788,0.0
19861,54.060981584,0.0,7.568102755,0.0
19862,54.060981584,0.0,31.661805224,0.0
19863,54.060981584,0.0,31.521577885,0.0
19864,54.060981584,0.0,20.134134921,0.0
19865,54.060981584,0.0,38.349900884,0.0
19866,54.060981584,0.0,11.880284756,0.0
19867,54.060981584,0.0,38.140135476,0.0
19868,38.349900884,0.0,160.643460126,0.0
19869,38.349900884,0.0,58.498875788,0.0
19870,38.349900884,0.0,31.661805224,0.0
19871,38.349900884,0.0,31.521577885,0.0
19872,38.349900884,0.0,20.134134921,0.0
19873,38.349900884,0.0,54.060981584,0.0
19874,38.349900884,0.0,1.890130271,0.0
19875,38.349900884,0.0,20.196953428,0.0
19876,38.349900884,0.0,29.635776156,0.0
19877,38.140135476,0.0,160.643460126,0.0
19878,38.140135476,0.0,58.498875788,0.0
19879,38.140135476,0.0,20.134134921,0.0
19880,38.140135476,0.0,119.487949049,0.0
19881,38.140135476,0.0,28.060307817,0.0
19882,38.140135476,0.0,2.463996652,0.0
19883,38.140135476,0.0,32.024145794,0.0
19884,3.287148858,1.0,10.038287437,1.0
19885,3.287148858,1.0,8.629651598,1.0
19886,3.287148858,1.0,5.521065503,1.0
19887,3.287148858,1.0,11.438577134,1.0
19888,3.287148858,1.0,8.893250362,1.0
19889,3.287148858,1.0,4.177580885,1.0
19890,3.287148858,1.0,24.186224197,1.0
19891,3.287148858,1.0,1.824459944,1.0
19892,3.287148858,1.0,9.153441064,1.0
19893,3.287148858,1.0,13.219212113,1.0
19894,11.809729744,1.0,10.038287437,1.0
19895,11.809729744,1.0,5.142898705,1.0
19896,11.809729744,1.0,15.776847279,1.0
19897,11.809729744,1.0,6.394778045,1.0
19898,11.809729744,1.0,18.996217281,1.0
19899,11.809729744,1.0,7.253592044,1.0
19900,11.809729744,1.0,3.87276971,1.0
19901,11.809729744,1.0,20.418653862,1.0
19902,11.809729744,1.0,18.195908064,1.0
19903,11.809729744,1.0,12.671115978,1.0
19904,11.809729744,1.0,3.811754697,1.0
19905,11.809729744,1.0,3.350238297,1.0
19906,11.809729744,1.0,5.506224572,1.0
19907,11.809729744,1.0,15.149110824,1.0
19908,11.809729744,1.0,5.996384101,1.0
19909,11.809729744,1.0,3.767829505,1.0
19910,11.809729744,1.0,5.894179482,1.0
19911,11.809729744,1.0,18.99975294,1.0
19912,11.809729744,1.0,5.840658135,1.0
19913,11.809729744,1.0,12.780643481,1.0
19914,11.809729744,1.0,6.489954121,1.0
19915,3.799529216,1.0,10.038287437,1.0
19916,3.799529216,1.0,28.598737411,1.0
19917,3.799529216,1.0,4.995556646,1.0
19918,3.799529216,1.0,11.362555877,1.0
19919,3.799529216,1.0,7.373882175,1.0
19920,3.799529216,1.0,1.824459944,1.0
19921,3.799529216,1.0,10.557429856,1.0
19922,3.799529216,1.0,9.153441064,1.0
19923,3.799529216,1.0,4.066517949,1.0
19924,1.824459944,1.0,10.038287437,1.0
19925,1.824459944,1.0,6.63113924,1.0
19926,1.824459944,1.0,5.189647153,1.0
19927,1.824459944,1.0,3.855461904,1.0
19928,1.824459944,1.0,3.559635685,1.0
19929,1.824459944,1.0,10.277541211,1.0
19930,1.824459944,1.0,4.995556646,1.0
19931,1.824459944,1.0,7.135698552,1.0
19932,1.824459944,1.0,3.320254456,1.0
19933,1.824459944,1.0,10.557429856,1.0
19934,1.824459944,1.0,9.153441064,1.0
19935,1.824459944,1.0,12.715212237,1.0
19936,1.824459944,1.0,41.790035293,1.0
19937,5.02729186,1.0,10.038287437,1.0
19938,5.02729186,1.0,10.628219003,1.0
19939,5.02729186,1.0,5.32825762,1.0
19940,5.02729186,1.0,7.094763502,1.0
19941,5.02729186,1.0,14.998267347,1.0
19942,5.02729186,1.0,10.123192269,1.0
19943,5.02729186,1.0,7.165161717,1.0
19944,5.02729186,1.0,9.761304358,1.0
19945,5.02729186,1.0,12.835121545,1.0
19946,5.02729186,1.0,37.938945266,1.0
19947,5.02729186,1.0,19.694973874,1.0
19948,5.02729186,1.0,8.061526394,1.0
19949,5.02729186,1.0,4.441750842,1.0
19950,7.564322155,1.0,10.038287437,1.0
19951,7.564322155,1.0,7.09936273,1.0
19952,333.347970629,0.0,1458.89830302,0.0
19953,333.347970629,0.0,200.758132947,0.0
19954,333.347970629,0.0,22.965536048,0.0
19955,333.347970629,0.0,377.709987806,0.0
19956,333.347970629,0.0,1206.595111947,0.0
19957,333.347970629,0.0,16.807876026,0.0
19958,168.492426194,0.0,1458.89830302,0.0
19959,168.492426194,0.0,1206.595111947,0.0
19960,338.294007794,0.0,1458.89830302,0.0
19961,338.294007794,0.0,298.031129773,0.0
19962,338.294007794,0.0,152.101757472,0.0
19963,338.294007794,0.0,1154.453958246,0.0
19964,16.807876026,0.0,1458.89830302,0.0
19965,16.807876026,0.0,199.214348059,0.0
19966,6.438595094,1.0,5.972113494,1.0
19967,6.438595094,1.0,5.815183049,1.0
19968,7.729041888,1.0,5.972113494,1.0
19969,3.76265045,1.0,5.972113494,1.0
19970,3.76265045,1.0,1.788306737,1.0
19971,7.135698552,1.0,9.98284207,1.0
19972,7.135698552,1.0,1.462530536,1.0
19973,7.135698552,1.0,21.342876657,1.0
19974,7.135698552,1.0,16.222318711,0.0
19975,7.135698552,1.0,21.957598551,1.0
19976,7.135698552,1.0,22.627451627,1.0
19977,7.135698552,1.0,16.746607955,1.0
19978,7.135698552,1.0,8.327704218,1.0
19979,7.135698552,1.0,15.066753188,1.0
19980,7.135698552,1.0,29.064479699,1.0
19981,7.135698552,1.0,23.163711763,1.0
19982,7.135698552,1.0,8.078335378,1.0
19983,7.135698552,1.0,16.219736768,1.0
19984,7.135698552,1.0,8.123570646,1.0
19985,7.135698552,1.0,14.040953069,1.0
19986,7.135698552,1.0,13.574966657,1.0
19987,7.135698552,1.0,10.277541211,1.0
19988,7.135698552,1.0,165.932250802,0.0
19989,7.135698552,1.0,0.2801905995,1.0
19990,7.135698552,1.0,11.362555877,1.0
19991,7.135698552,1.0,3.799529216,1.0
19992,7.135698552,1.0,10.557429856,1.0
19993,7.135698552,1.0,4.066517949,1.0
19994,7.135698552,1.0,5.38214551,1.0
19995,7.135698552,1.0,46.998665241,1.0
19996,7.135698552,1.0,1.393107025,1.0
19997,7.135698552,1.0,41.790035293,1.0
19998,5.453609324,1.0,9.98284207,1.0
19999,5.453609324,1.0,6.63113924,1.0
20000,5.453609324,1.0,21.957598551,1.0
20001,5.453609324,1.0,22.627451627,1.0
20002,5.453609324,1.0,15.189863814,1.0
20003,5.453609324,1.0,8.020350441,1.0
20004,5.453609324,1.0,6.588528896,1.0
20005,5.453609324,1.0,10.557429856,1.0
20006,5.654894166,0.0,10.510975334,1.0
20007,3.835846421,1.0,10.510975334,1.0
20008,1.678852188,1.0,10.510975334,1.0
20009,3.038162754,0.0,21.80995475,1.0
20010,3.038162754,0.0,11.081644824,0.0
20011,3.038162754,0.0,49.330409711,1.0
20012,3.038162754,0.0,11.809729744,1.0
20013,3.038162754,0.0,5.358211873,0.0
20014,3.038162754,0.0,4.167107991,0.0
20015,3.038162754,0.0,3.998340136,0.0
20016,3.038162754,0.0,3.034535035,0.0
20017,3.038162754,0.0,2.632581182,0.0
20018,3.038162754,0.0,10.397099174,1.0
20019,0.7490776456,1.0,2.661209826,1.0
20020,2.49777588,1.0,2.661209826,1.0
20021,2.49777588,1.0,2.271211233,1.0
20022,2.49777588,1.0,13.451980124,1.0
20023,2.49777588,1.0,5.105516935,1.0
20024,2.49777588,1.0,5.306124882,1.0
20025,2.49777588,1.0,6.878149792,1.0
20026,4.05226854,1.0,2.661209826,1.0
20027,4.05226854,1.0,22.78146695,1.0
20028,4.05226854,1.0,1.93329749,1.0
20029,4.05226854,1.0,6.004037544,1.0
20030,4.05226854,1.0,11.149848577,1.0
20031,4.05226854,1.0,3.822486041,1.0
20032,4.05226854,1.0,1.800603616,1.0
20033,1.856896239,0.0,2.888906621,1.0
20034,1.856896239,0.0,23.009498747,1.0
20035,1.788306737,1.0,6.004955858,1.0
20036,1.788306737,1.0,9.427386781,0.0
20037,1.788306737,1.0,10.410503753,1.0
20038,1.788306737,1.0,5.815183049,1.0
20039,1.788306737,1.0,3.76265045,1.0
20040,3.927058428,0.0,6.004955858,1.0
20041,4.281959535,0.0,12.836002123,0.0
20042,4.281959535,0.0,15.615168391,0.0
20043,1.895601899,0.0,12.836002123,0.0
20044,1.895601899,0.0,7.600164159,0.0
20045,1.895601899,0.0,8.845478354,0.0
20046,5.000374071,0.0,11.081644824,0.0
20047,5.000374071,0.0,5.358211873,0.0
20048,5.000374071,0.0,4.167107991,0.0
20049,5.000374071,0.0,3.998340136,0.0
20050,5.000374071,0.0,3.034535035,0.0
20051,5.000374071,0.0,2.632581182,0.0
20052,5.000374071,0.0,4.339661826,0.0
20053,5.000374071,0.0,3.675921038,0.0
20054,5.000374071,0.0,7.491649438,1.0
20055,5.000374071,0.0,8.225268379,0.0
20056,3.750092612,0.0,11.081644824,0.0
20057,3.750092612,0.0,6.394778045,1.0
20058,3.750092612,0.0,5.358211873,0.0
20059,3.750092612,0.0,3.998340136,0.0
20060,3.750092612,0.0,4.633611071,0.0
20061,3.750092612,0.0,3.034535035,0.0
20062,3.750092612,0.0,2.632581182,0.0
20063,3.750092612,0.0,3.675921038,0.0
20064,3.750092612,0.0,3.038162754,0.0
20065,3.998340136,0.0,11.081644824,0.0
20066,3.998340136,0.0,5.000374071,0.0
20067,3.998340136,0.0,5.358211873,0.0
20068,3.998340136,0.0,3.750092612,0.0
20069,3.998340136,0.0,4.633611071,0.0
20070,3.998340136,0.0,3.034535035,0.0
20071,3.998340136,0.0,2.632581182,0.0
20072,3.998340136,0.0,4.339661826,0.0
20073,3.998340136,0.0,3.675921038,0.0
20074,3.998340136,0.0,3.038162754,0.0
20075,3.998340136,0.0,8.225268379,0.0
20076,4.633611071,0.0,11.081644824,0.0
20077,4.633611071,0.0,18.996217281,1.0
20078,4.633611071,0.0,5.358211873,0.0
20079,4.633611071,0.0,4.167107991,0.0
20080,4.633611071,0.0,3.750092612,0.0
20081,4.633611071,0.0,3.998340136,0.0
20082,4.633611071,0.0,3.034535035,0.0
20083,4.633611071,0.0,2.632581182,0.0
20084,4.633611071,0.0,4.339661826,0.0
20085,4.633611071,0.0,3.675921038,0.0
20086,3.034535035,0.0,11.081644824,0.0
20087,3.034535035,0.0,5.358211873,0.0
20088,3.034535035,0.0,3.750092612,0.0
20089,3.034535035,0.0,3.998340136,0.0
20090,3.034535035,0.0,4.633611071,0.0
20091,3.034535035,0.0,2.632581182,0.0
20092,3.034535035,0.0,4.339661826,0.0
20093,3.034535035,0.0,3.675921038,0.0
20094,3.034535035,0.0,8.225268379,0.0
20095,4.339661826,0.0,11.081644824,0.0
20096,4.339661826,0.0,9.515976293,1.0
20097,4.339661826,0.0,5.358211873,0.0
20098,4.339661826,0.0,4.167107991,0.0
20099,4.339661826,0.0,3.750092612,0.0
20100,4.339661826,0.0,4.633611071,0.0
20101,4.339661826,0.0,3.034535035,0.0
20102,4.339661826,0.0,2.632581182,0.0
20103,4.339661826,0.0,3.675921038,0.0
20104,4.339661826,0.0,3.038162754,0.0
20105,4.339661826,0.0,7.491649438,1.0
20106,4.339661826,0.0,9.74202609,1.0
20107,3.675921038,0.0,11.081644824,0.0
20108,3.675921038,0.0,5.000374071,0.0
20109,3.675921038,0.0,5.358211873,0.0
20110,3.675921038,0.0,4.167107991,0.0
20111,3.675921038,0.0,3.750092612,0.0
20112,3.675921038,0.0,3.998340136,0.0
20113,3.675921038,0.0,4.633611071,0.0
20114,3.675921038,0.0,3.034535035,0.0
20115,3.675921038,0.0,2.632581182,0.0
20116,3.675921038,0.0,4.339661826,0.0
20117,3.675921038,0.0,3.038162754,0.0
20118,3.675921038,0.0,6.070584145,0.0
20119,8.225268379,0.0,11.081644824,0.0
20120,8.225268379,0.0,5.000374071,0.0
20121,8.225268379,0.0,5.358211873,0.0
20122,8.225268379,0.0,4.167107991,0.0
20123,8.225268379,0.0,3.998340136,0.0
20124,8.225268379,0.0,2.632581182,0.0
20125,8.225268379,0.0,4.339661826,0.0
20126,8.225268379,0.0,3.675921038,0.0
20127,2.68841294,1.0,0.7839791128,1.0
20128,2.68841294,1.0,6.141325198,1.0
20129,2.68841294,1.0,2.723601479,1.0
20130,2.68841294,1.0,2.781833463,0.0
20131,7.205112651,0.0,7.811823053,1.0
20132,0.986650587,1.0,3.997483672,1.0
20133,23.147242951,0.0,13.501093799,0.0
20134,2.326729959,1.0,5.424393042,1.0
20135,2.326729959,1.0,30.39277946,1.0
20136,2.326729959,1.0,3.280174261,1.0
20137,2.326729959,1.0,7.736976522,1.0
20138,2.326729959,1.0,21.342876657,1.0
20139,2.326729959,1.0,5.756985413,1.0
20140,2.326729959,1.0,8.495133609,1.0
20141,2.326729959,1.0,9.515976293,1.0
20142,2.326729959,1.0,9.442750188,1.0
20143,2.326729959,1.0,5.096361501,1.0
20144,2.326729959,1.0,6.055020615,1.0
20145,2.326729959,1.0,18.521265883,1.0
20146,2.326729959,1.0,6.17753814,1.0
20147,2.326729959,1.0,11.809729744,1.0
20148,2.326729959,1.0,1.93329749,1.0
20149,2.326729959,1.0,7.228822587,1.0
20150,2.326729959,1.0,0.3532749374,1.0
20151,2.326729959,1.0,8.034464228,1.0
20152,2.326729959,1.0,0.3344836215,1.0
20153,2.326729959,1.0,8.32811975,1.0
20154,2.326729959,1.0,4.046228683,1.0
20155,2.326729959,1.0,15.405753741,1.0
20156,5.146293333,1.0,5.424393042,1.0
20157,5.146293333,1.0,30.39277946,1.0
20158,5.146293333,1.0,2.726007976,1.0
20159,5.146293333,1.0,6.109671996,1.0
20160,5.146293333,1.0,2.326729959,1.0
20161,5.146293333,1.0,7.748182289,1.0
20162,5.146293333,1.0,9.442750188,1.0
20163,5.146293333,1.0,0.9001109856,1.0
20164,5.146293333,1.0,4.115432502,1.0
20165,5.146293333,1.0,1.426097319,1.0
20166,5.146293333,1.0,4.995556646,1.0
20167,5.146293333,1.0,2.058667752,1.0
20168,5.146293333,1.0,5.034039929,1.0
20169,0.3654834683,1.0,5.424393042,1.0
20170,0.3654834683,1.0,6.321361477,1.0
20171,0.3654834683,1.0,24.65499671,1.0
20172,0.3654834683,1.0,2.947136582,1.0
20173,4.463064949,0.0,6.563758561,1.0
20174,3.261338689,1.0,6.563758561,1.0
20175,3.261338689,1.0,2.726007976,1.0
20176,3.261338689,1.0,1.25709916,1.0
20177,2.058667752,1.0,6.563758561,1.0
20178,2.058667752,1.0,3.280174261,1.0
20179,2.058667752,1.0,21.342876657,1.0
20180,2.058667752,1.0,3.697724209,1.0
20181,2.058667752,1.0,1.807864563,1.0
20182,2.058667752,1.0,5.756985413,1.0
20183,2.058667752,1.0,2.726007976,1.0
20184,2.058667752,1.0,2.425018168,1.0
20185,2.058667752,1.0,7.748182289,1.0
20186,2.058667752,1.0,2.982104604,1.0
20187,2.058667752,1.0,2.747730392,1.0
20188,2.058667752,1.0,2.345714065,1.0
20189,2.058667752,1.0,8.034464228,1.0
20190,2.058667752,1.0,4.046228683,1.0
20191,7.216980714,0.0,5.969249697,0.0
20192,7.216980714,0.0,6.116968136,0.0
20193,2.963210118,1.0,629.457019025,1.0
20194,2.963210118,1.0,3.72542787,1.0
20195,2.963210118,1.0,37.938945266,1.0
20196,2.963210118,1.0,19.467428092,1.0
20197,3.290742466,1.0,629.457019025,1.0
20198,5.295070751,1.0,629.457019025,1.0
20199,5.295070751,1.0,16.746607955,1.0
20200,5.295070751,1.0,9.71155112,1.0
20201,5.295070751,1.0,2.401768348,1.0
20202,5.295070751,1.0,18.855302324,1.0
20203,5.295070751,1.0,7.888433382,1.0
20204,4.591187627,0.0,11.572841319,0.0
20205,4.591187627,0.0,8.845478354,0.0
20206,4.591187627,0.0,5.402163822,0.0
20207,4.591187627,0.0,13.867638723,0.0
20208,4.990675931,0.0,11.572841319,0.0
20209,4.990675931,0.0,4.281959535,0.0
20210,4.990675931,0.0,8.845478354,0.0
20211,4.990675931,0.0,15.615168391,0.0
20212,2.936745266,1.0,30.39277946,1.0
20213,2.936745266,1.0,13.445185063,1.0
20214,2.936745266,1.0,7.228822587,1.0
20215,2.982104604,1.0,30.39277946,1.0
20216,2.982104604,1.0,7.736976522,1.0
20217,2.982104604,1.0,3.441904024,1.0
20218,2.982104604,1.0,5.756985413,1.0
20219,2.982104604,1.0,6.109671996,1.0
20220,2.982104604,1.0,2.326729959,1.0
20221,2.982104604,1.0,7.748182289,1.0
20222,2.982104604,1.0,41.816248515,1.0
20223,2.982104604,1.0,49.330409711,1.0
20224,2.982104604,1.0,3.701022125,1.0
20225,2.982104604,1.0,4.995556646,1.0
20226,2.982104604,1.0,3.181592814,1.0
20227,2.982104604,1.0,0.3532749374,1.0
20228,2.982104604,1.0,8.034464228,1.0
20229,2.982104604,1.0,27.889315576,1.0
20230,2.982104604,1.0,4.046228683,1.0
20231,2.982104604,1.0,4.829505682,1.0
20232,6.355023456,1.0,30.39277946,1.0
20233,6.355023456,1.0,5.93995436,1.0
20234,6.355023456,1.0,14.998267347,1.0
20235,3.14654208,1.0,30.39277946,1.0
20236,3.14654208,1.0,2.425018168,1.0
20237,3.14654208,1.0,1.61505013,1.0
20238,3.14654208,1.0,22.680958327,1.0
20239,3.181592814,1.0,3.457690284,1.0
20240,3.181592814,1.0,1.807864563,1.0
20241,3.181592814,1.0,5.756985413,1.0
20242,3.181592814,1.0,8.495133609,1.0
20243,3.181592814,1.0,9.515976293,1.0
20244,3.181592814,1.0,1.79102269,1.0
20245,3.181592814,1.0,2.463370501,1.0
20246,5.733111244,0.0,8.804730121,1.0
20247,4.115432502,1.0,3.280174261,1.0
20248,4.115432502,1.0,14.467004793,1.0
20249,4.115432502,1.0,18.521265883,1.0
20250,4.115432502,1.0,4.05226854,1.0
20251,4.115432502,1.0,4.988862425,1.0
20252,4.115432502,1.0,4.262285822,1.0
20253,2.498850117,1.0,3.280174261,1.0
20254,2.498850117,1.0,1.141903095,1.0
20255,2.498850117,1.0,1.79102269,1.0
20256,6.563758561,1.0,16.96047146,0.0
20257,6.563758561,1.0,21.342876657,1.0
20258,6.563758561,1.0,3.361155625,1.0
20259,6.563758561,1.0,1.341409792,1.0
20260,6.563758561,1.0,1.141903095,1.0
20261,6.016344625,0.0,48.382884709,0.0
20262,5.779713156,0.0,6.502885676,0.0
20263,5.779713156,0.0,13.867638723,0.0
20264,0.8739663382,1.0,3.506588001,1.0
20265,7.473411046,0.0,5.057775495,1.0
20266,20.136835894,0.0,9.427386781,0.0
20267,20.136835894,0.0,15.669155056,1.0
20268,20.136835894,0.0,0.206800688,0.0
20269,4.235720324,1.0,1.946171363,1.0
20270,4.235720324,1.0,6.458580704,1.0
20271,0.7346031658,1.0,0.7072698146,1.0
20272,0.7346031658,1.0,8.495133609,1.0
20273,0.7346031658,1.0,2.551878243,1.0
20274,0.7346031658,1.0,12.307254829,1.0
20275,0.7346031658,1.0,23.450551653,1.0
20276,0.7346031658,1.0,10.397099174,1.0
20277,0.7346031658,1.0,1.608127492,1.0
20278,5.691628813,1.0,0.7072698146,1.0
20279,5.691628813,1.0,14.594608557,1.0
20280,5.691628813,1.0,3.749242153,1.0
20281,5.691628813,1.0,4.979689688,1.0
20282,5.691628813,1.0,4.562011581,1.0
20283,14.796175342,0.0,15.669155056,1.0
20284,1.769949677,1.0,1.733034983,1.0
20285,1.769949677,1.0,7.157709722,1.0
20286,5.057775495,1.0,48.98486836,1.0
20287,6.832145381,0.0,2.162188053,0.0
20288,2.463370501,1.0,3.365340535,1.0
20289,2.463370501,1.0,9.515976293,1.0
20290,2.463370501,1.0,3.564037102,1.0
20291,4.156625548,0.0,32.792614215,0.0
20292,9.427386781,0.0,7.473411046,0.0
20293,9.427386781,0.0,20.136835894,0.0
20294,10.112686041,1.0,7.736976522,1.0
20295,10.112686041,1.0,2.747730392,1.0
20296,10.112686041,1.0,4.046228683,1.0
20297,10.112686041,1.0,4.829505682,1.0
20298,2.723601479,1.0,7.736976522,1.0
20299,2.723601479,1.0,3.261338689,1.0
20300,2.723601479,1.0,3.389171977,1.0
20301,2.723601479,1.0,1.416005328,1.0
20302,1.416005328,1.0,7.736976522,1.0
20303,1.416005328,1.0,22.627451627,1.0
20304,1.416005328,1.0,6.109671996,1.0
20305,1.416005328,1.0,2.425018168,1.0
20306,1.416005328,1.0,7.748182289,1.0
20307,1.416005328,1.0,9.442750188,1.0
20308,1.416005328,1.0,4.988862425,1.0
20309,4.262285822,1.0,7.736976522,1.0
20310,4.262285822,1.0,2.326729959,1.0
20311,4.262285822,1.0,5.146293333,1.0
20312,4.262285822,1.0,9.515976293,1.0
20313,4.262285822,1.0,9.442750188,1.0
20314,4.262285822,1.0,8.034464228,1.0
20315,4.262285822,1.0,4.046228683,1.0
20316,4.262285822,1.0,6.208512798,1.0
20317,4.096953652,0.0,4.281959535,0.0
20318,101.854391435,0.0,4.281959535,0.0
20319,101.854391435,0.0,45.966465757,0.0
20320,101.854391435,0.0,13.867638723,0.0
20321,101.854391435,0.0,12.311326889,0.0
20322,101.854391435,0.0,3.784851271,0.0
20323,6.719248284,0.0,8.10564142,0.0
20324,6.719248284,0.0,15.73610306,0.0
20325,6.719248284,0.0,53.845010211,0.0
20326,6.719248284,0.0,203.537458695,0.0
20327,6.719248284,0.0,96.169620293,0.0
20328,6.719248284,0.0,110.667774495,0.0
20329,6.719248284,0.0,6.290861307,0.0
20330,6.719248284,0.0,15.492904513,0.0
20331,6.719248284,0.0,26.955898855,0.0
20332,1518.75756479,0.0,644.303257967,0.0
20333,12.521729586,0.0,644.303257967,0.0
20334,12.836002123,0.0,45.966465757,0.0
20335,12.836002123,0.0,17.0449951,0.0
20336,12.836002123,0.0,5.374117068,0.0
20337,12.836002123,0.0,5.402163822,0.0
20338,6.502885676,0.0,45.966465757,0.0
20339,17.0449951,0.0,45.966465757,0.0
20340,17.0449951,0.0,8.845478354,0.0
20341,17.0449951,0.0,5.402163822,0.0
20342,17.0449951,0.0,101.854391435,0.0
20343,13.867638723,0.0,45.966465757,0.0
20344,13.867638723,0.0,5.779713156,0.0
20345,13.867638723,0.0,3.518529014,0.0
20346,9.356739946,1.0,7.205112651,0.0
20347,1.376763052,1.0,4.046800418,1.0
20348,1.376763052,1.0,5.538429016,1.0
20349,21.661954263,1.0,0.4262515307,1.0
20350,3.819579488,0.0,0.4262515307,1.0
20351,2.832433931,1.0,10.190843374,1.0
20352,1.726522048,1.0,3.352863538,1.0
20353,14.075695698,1.0,46.94762608,1.0
20354,14.075695698,1.0,4.221561247,1.0
20355,14.075695698,1.0,22.627451627,1.0
20356,14.075695698,1.0,16.746607955,1.0
20357,14.075695698,1.0,7.748182289,1.0
20358,14.075695698,1.0,5.068988668,1.0
20359,14.075695698,1.0,5.014749404,1.0
20360,14.075695698,1.0,11.863979571,1.0
20361,14.075695698,1.0,6.472934546,1.0
20362,14.075695698,1.0,4.004822702,0.0
20363,14.075695698,1.0,14.040953069,1.0
20364,14.075695698,1.0,3.73091468,1.0
20365,14.075695698,1.0,6.903729822,1.0
20366,14.075695698,1.0,10.277541211,1.0
20367,14.075695698,1.0,9.011999131,1.0
20368,14.075695698,1.0,18.598069279,1.0
20369,14.075695698,1.0,18.586858472,1.0
20370,14.075695698,1.0,112.099655851,1.0
20371,14.075695698,1.0,35.190700103,1.0
20372,14.075695698,1.0,4.441750842,1.0
20373,14.075695698,1.0,16.979769685,1.0
20374,14.075695698,1.0,5.823561992,1.0
20375,14.075695698,1.0,5.639968198,1.0
20376,14.075695698,1.0,4.609049164,1.0
20377,14.075695698,1.0,21.17309223,1.0
20378,14.895892682,1.0,46.94762608,1.0
20379,8.735817523,1.0,46.94762608,1.0
20380,8.735817523,1.0,5.32825762,1.0
20381,8.735817523,1.0,15.611347975,1.0
20382,8.735817523,1.0,7.094763502,1.0
20383,8.735817523,1.0,4.245903096,1.0
20384,8.735817523,1.0,7.214621746,1.0
20385,8.735817523,1.0,10.116729733,1.0
20386,8.735817523,1.0,14.998267347,1.0
20387,8.735817523,1.0,5.014749404,1.0
20388,8.735817523,1.0,10.123192269,1.0
20389,8.735817523,1.0,4.060263375,1.0
20390,8.735817523,1.0,6.472934546,1.0
20391,8.735817523,1.0,4.56934201,1.0
20392,8.735817523,1.0,12.120044245,1.0
20393,8.735817523,1.0,8.148691521,1.0
20394,8.735817523,1.0,10.006734416,1.0
20395,8.735817523,1.0,6.205428816,1.0
20396,8.735817523,1.0,37.938945266,1.0
20397,8.735817523,1.0,0.7325953691,1.0
20398,8.735817523,1.0,19.694973874,1.0
20399,8.735817523,1.0,8.061526394,1.0
20400,8.735817523,1.0,4.441750842,1.0
20401,8.735817523,1.0,5.318928376,1.0
20402,165.932250802,0.0,46.94762608,1.0
20403,165.932250802,0.0,16.746607955,1.0
20404,165.932250802,0.0,29.064479699,1.0
20405,165.932250802,0.0,23.163711763,1.0
20406,165.932250802,0.0,8.123570646,1.0
20407,165.932250802,0.0,7.373882175,1.0
20408,165.932250802,0.0,112.099655851,1.0
20409,30.637355167,1.0,46.94762608,1.0
20410,30.637355167,1.0,17.86679629,1.0
20411,30.637355167,1.0,7.440375649,1.0
20412,30.637355167,1.0,49.330409711,1.0
20413,30.637355167,1.0,10.349034039,1.0
20414,30.637355167,1.0,18.996217281,1.0
20415,30.637355167,1.0,3.73091468,1.0
20416,30.637355167,1.0,45.854721033,1.0
20417,30.637355167,1.0,30.150731299,1.0
20418,30.637355167,1.0,17.888502667,1.0
20419,30.637355167,1.0,112.099655851,1.0
20420,30.637355167,1.0,3.581472819,1.0
20421,30.637355167,1.0,12.715212237,1.0
20422,30.637355167,1.0,8.473312072,1.0
20423,30.637355167,1.0,35.190700103,1.0
20424,30.637355167,1.0,27.889315576,1.0
20425,30.637355167,1.0,24.65499671,1.0
20426,30.637355167,1.0,6.477636474,1.0
20427,30.637355167,1.0,25.0116746,1.0
20428,0.3241002746,1.0,46.94762608,1.0
20429,0.3241002746,1.0,33.569029236,1.0
20430,0.3241002746,1.0,63.569424162,1.0
20431,0.3241002746,1.0,6.026101551,1.0
20432,5.257523475,1.0,46.94762608,1.0
20433,5.257523475,1.0,22.78146695,1.0
20434,5.257523475,1.0,6.396409402,1.0
20435,5.257523475,1.0,35.374851173,0.0
20436,5.257523475,1.0,4.753731003,1.0
20437,5.257523475,1.0,6.790219312,1.0
20438,5.257523475,1.0,112.099655851,1.0
20439,5.257523475,1.0,9.820527386,1.0
20440,5.257523475,1.0,4.818576649,1.0
20441,5.257523475,1.0,9.74202609,1.0
20442,5.257523475,1.0,11.778400279,1.0
20443,5.257523475,1.0,15.293129274,1.0
20444,14.011515573,1.0,46.94762608,1.0
20445,14.011515573,1.0,21.47320625,1.0
20446,14.011515573,1.0,14.895892682,1.0
20447,14.011515573,1.0,4.79319344,1.0
20448,14.011515573,1.0,10.123192269,1.0
20449,14.011515573,1.0,8.243241662,1.0
20450,14.011515573,1.0,29.988838829,1.0
20451,2.072367769,1.0,46.94762608,1.0
20452,2.072367769,1.0,49.330409711,1.0
20453,2.072367769,1.0,112.099655851,1.0
20454,2.072367769,1.0,3.581472819,1.0
20455,2.072367769,1.0,0.8518332926,1.0
20456,2.072367769,1.0,8.473312072,1.0
20457,2.072367769,1.0,29.988838829,1.0
20458,2.072367769,1.0,46.769484107,0.0
20459,2.072367769,1.0,35.190700103,1.0
20460,6.542005117,1.0,46.94762608,1.0
20461,6.542005117,1.0,1.461947367,1.0
20462,6.542005117,1.0,30.637355167,1.0
20463,6.542005117,1.0,112.099655851,1.0
20464,6.542005117,1.0,29.988838829,1.0
20465,6.542005117,1.0,14.45689817,1.0
20466,6.542005117,1.0,2.072367769,1.0
20467,20.924229202,1.0,46.94762608,1.0
20468,20.924229202,1.0,4.819077226,1.0
20469,7.862834024,1.0,46.94762608,1.0
20470,7.862834024,1.0,112.099655851,1.0
20471,7.862834024,1.0,0.5816461023,1.0
20472,7.862834024,1.0,29.988838829,1.0
20473,7.862834024,1.0,26.111237618,1.0
20474,7.862834024,1.0,35.190700103,1.0
20475,7.862834024,1.0,24.65499671,1.0
20476,7.862834024,1.0,22.38547886,1.0
20477,7.862834024,1.0,2.072367769,1.0
20478,1.104438989,1.0,2.983925031,1.0
20479,1.104438989,1.0,1.769949677,1.0
20480,1.104438989,1.0,25.698336533,1.0
20481,2.948468315,1.0,2.983925031,1.0
20482,2.948468315,1.0,2.192327902,1.0
20483,1.560838497,0.0,1.023932743,0.0
20484,1.560838497,0.0,0.8566125471,0.0
20485,45.966465757,0.0,4.096953652,0.0
20486,45.966465757,0.0,4.990675931,0.0
20487,45.966465757,0.0,3.518529014,0.0
20488,45.966465757,0.0,15.615168391,0.0
20489,5.850092919,0.0,7.600164159,0.0
20490,5.850092919,0.0,5.615477545,0.0
20491,7.094763502,1.0,10.653092482,1.0
20492,7.094763502,1.0,10.628219003,1.0
20493,7.094763502,1.0,5.32825762,1.0
20494,7.094763502,1.0,15.611347975,1.0
20495,7.094763502,1.0,4.245903096,1.0
20496,7.094763502,1.0,7.214621746,1.0
20497,7.094763502,1.0,10.116729733,1.0
20498,7.094763502,1.0,8.735817523,1.0
20499,7.094763502,1.0,14.998267347,1.0
20500,7.094763502,1.0,5.014749404,1.0
20501,7.094763502,1.0,10.123192269,1.0
20502,7.094763502,1.0,5.814209188,1.0
20503,7.094763502,1.0,4.984751974,1.0
20504,7.094763502,1.0,6.472934546,1.0
20505,7.094763502,1.0,4.56934201,1.0
20506,7.094763502,1.0,8.148691521,1.0
20507,7.094763502,1.0,3.297807408,1.0
20508,7.094763502,1.0,10.006734416,1.0
20509,7.094763502,1.0,12.618480026,0.0
20510,7.094763502,1.0,37.938945266,1.0
20511,7.094763502,1.0,112.099655851,1.0
20512,7.094763502,1.0,19.694973874,1.0
20513,7.094763502,1.0,7.207826876,1.0
20514,7.094763502,1.0,6.169691432,1.0
20515,7.094763502,1.0,14.597938965,1.0
20516,7.094763502,1.0,2.879393565,1.0
20517,2.192416695,1.0,10.653092482,1.0
20518,2.192416695,1.0,9.141805687,1.0
20519,2.192416695,1.0,14.344899689,1.0
20520,2.192416695,1.0,4.984751974,1.0
20521,2.192416695,1.0,6.480753385,1.0
20522,2.192416695,1.0,10.9074083,1.0
20523,2.192416695,1.0,8.061526394,1.0
20524,2.192416695,1.0,8.629413317,1.0
20525,4.060263375,1.0,10.653092482,1.0
20526,4.060263375,1.0,7.094763502,1.0
20527,4.060263375,1.0,4.245903096,1.0
20528,4.060263375,1.0,8.735817523,1.0
20529,4.060263375,1.0,10.123192269,1.0
20530,4.060263375,1.0,4.984751974,1.0
20531,4.060263375,1.0,6.472934546,1.0
20532,4.060263375,1.0,12.120044245,1.0
20533,4.060263375,1.0,8.148691521,1.0
20534,4.060263375,1.0,19.142118001,1.0
20535,4.060263375,1.0,37.938945266,1.0
20536,4.060263375,1.0,8.094688499,1.0
20537,4.060263375,1.0,4.196276383,1.0
20538,4.984751974,1.0,10.653092482,1.0
20539,4.984751974,1.0,5.32825762,1.0
20540,4.984751974,1.0,7.094763502,1.0
20541,4.984751974,1.0,5.068988668,1.0
20542,4.984751974,1.0,5.014749404,1.0
20543,4.984751974,1.0,10.123192269,1.0
20544,4.984751974,1.0,4.060263375,1.0
20545,4.984751974,1.0,11.863979571,1.0
20546,4.984751974,1.0,7.165161717,1.0
20547,4.984751974,1.0,6.472934546,1.0
20548,4.984751974,1.0,4.56934201,1.0
20549,4.984751974,1.0,9.761304358,1.0
20550,4.984751974,1.0,4.737651137,1.0
20551,4.984751974,1.0,19.142118001,1.0
20552,4.984751974,1.0,10.9074083,1.0
20553,4.984751974,1.0,9.171306539,1.0
20554,4.984751974,1.0,37.938945266,1.0
20555,4.984751974,1.0,19.694973874,1.0
20556,4.984751974,1.0,12.292862519,1.0
20557,4.984751974,1.0,6.084570855,1.0
20558,12.120044245,1.0,10.653092482,1.0
20559,12.120044245,1.0,9.141805687,1.0
20560,12.120044245,1.0,15.611347975,1.0
20561,12.120044245,1.0,4.245903096,1.0
20562,12.120044245,1.0,5.068988668,1.0
20563,12.120044245,1.0,8.735817523,1.0
20564,12.120044245,1.0,14.998267347,1.0
20565,12.120044245,1.0,5.014749404,1.0
20566,12.120044245,1.0,10.123192269,1.0
20567,12.120044245,1.0,3.855461904,1.0
20568,12.120044245,1.0,8.148691521,1.0
20569,12.120044245,1.0,7.454794161,1.0
20570,12.120044245,1.0,4.709903611,1.0
20571,12.120044245,1.0,3.297807408,1.0
20572,12.120044245,1.0,3.00079294,1.0
20573,12.120044245,1.0,7.900750518,1.0
20574,12.120044245,1.0,5.515849566,1.0
20575,12.120044245,1.0,37.938945266,1.0
20576,12.120044245,1.0,8.094688499,1.0
20577,12.120044245,1.0,7.207826876,1.0
20578,12.120044245,1.0,5.318928376,1.0
20579,12.120044245,1.0,21.17309223,1.0
20580,7.454794161,1.0,10.653092482,1.0
20581,7.454794161,1.0,9.141805687,1.0
20582,7.454794161,1.0,4.678165374,1.0
20583,7.454794161,1.0,4.245903096,1.0
20584,7.454794161,1.0,11.863979571,1.0
20585,7.454794161,1.0,7.165161717,1.0
20586,7.454794161,1.0,4.003663518,1.0
20587,7.454794161,1.0,4.737651137,1.0
20588,7.454794161,1.0,7.900750518,1.0
20589,7.454794161,1.0,5.333459143,1.0
20590,7.454794161,1.0,4.177580885,1.0
20591,7.454794161,1.0,0.7325953691,1.0
20592,7.454794161,1.0,4.441750842,1.0
20593,3.297807408,1.0,10.653092482,1.0
20594,3.297807408,1.0,20.838285529,1.0
20595,3.297807408,1.0,7.214621746,1.0
20596,3.297807408,1.0,8.735817523,1.0
20597,3.297807408,1.0,5.014749404,1.0
20598,3.297807408,1.0,2.192416695,1.0
20599,3.297807408,1.0,4.060263375,1.0
20600,3.297807408,1.0,4.984751974,1.0
20601,3.297807408,1.0,6.472934546,1.0
20602,3.297807408,1.0,4.56934201,1.0
20603,3.297807408,1.0,9.761304358,1.0
20604,3.297807408,1.0,8.50266253,1.0
20605,3.297807408,1.0,4.737651137,1.0
20606,3.297807408,1.0,4.709903611,1.0
20607,3.297807408,1.0,19.142118001,1.0
20608,3.297807408,1.0,7.900750518,1.0
20609,3.297807408,1.0,7.659051738,1.0
20610,3.297807408,1.0,2.733967464,1.0
20611,3.297807408,1.0,19.467428092,1.0
20612,3.297807408,1.0,8.061526394,1.0
20613,3.297807408,1.0,16.732592538,1.0
20614,3.297807408,1.0,6.169691432,1.0
20615,3.312311771,1.0,10.653092482,1.0
20616,3.312311771,1.0,5.515849566,1.0
20617,3.312311771,1.0,12.292862519,1.0
20618,3.312311771,1.0,16.979769685,1.0
20619,3.312311771,1.0,8.629413317,1.0
20620,2.712361823,0.0,12.679609565,0.0
20621,2.712361823,0.0,9.699717463,0.0
20622,2.712361823,0.0,137.59031023,0.0
20623,4.111764885,0.0,12.679609565,0.0
20624,4.111764885,0.0,23.32362116,0.0
20625,4.111764885,0.0,4.229684425,0.0
20626,4.987894294,0.0,12.679609565,0.0
20627,3.457690284,1.0,6.904083149,1.0
20628,3.457690284,1.0,7.228822587,1.0
20629,1.82620263,1.0,6.904083149,1.0
20630,1.82620263,1.0,2.936745266,1.0
20631,1.82620263,1.0,9.515976293,1.0
20632,1.82620263,1.0,2.433588207,1.0
20633,8.845478354,0.0,5.779713156,0.0
20634,8.845478354,0.0,5.402163822,0.0
20635,8.845478354,0.0,4.466417085,0.0
20636,8.845478354,0.0,101.854391435,0.0
20637,0.6975951684,1.0,1.769949677,1.0
20638,3.16839364,0.0,10.016669087,1.0
20639,4.678165374,1.0,10.016669087,1.0
20640,4.678165374,1.0,5.32825762,1.0
20641,4.678165374,1.0,9.026109677,1.0
20642,4.678165374,1.0,4.773145152,1.0
20643,4.678165374,1.0,3.855461904,1.0
20644,4.678165374,1.0,5.97652199,1.0
20645,4.678165374,1.0,3.73091468,1.0
20646,4.678165374,1.0,3.00079294,1.0
20647,4.678165374,1.0,6.903729822,1.0
20648,4.678165374,1.0,7.659051738,1.0
20649,4.678165374,1.0,5.515849566,1.0
20650,4.678165374,1.0,5.341431198,1.0
20651,4.678165374,1.0,112.099655851,1.0
20652,4.678165374,1.0,14.597938965,1.0
20653,5.542460168,1.0,10.016669087,1.0
20654,5.542460168,1.0,7.41032757,1.0
20655,5.542460168,1.0,28.598737411,1.0
20656,5.542460168,1.0,6.884917469,1.0
20657,5.542460168,1.0,7.253592044,1.0
20658,5.542460168,1.0,19.806237448,1.0
20659,5.542460168,1.0,1.461947367,1.0
20660,5.542460168,1.0,5.412612741,1.0
20661,5.542460168,1.0,8.295439778,1.0
20662,5.542460168,1.0,14.040953069,1.0
20663,5.542460168,1.0,18.341066883,1.0
20664,5.542460168,1.0,3.767829505,1.0
20665,5.542460168,1.0,3.177860741,1.0
20666,5.542460168,1.0,2.390961954,1.0
20667,5.542460168,1.0,18.855302324,1.0
20668,5.542460168,1.0,8.196082118,1.0
20669,5.542460168,1.0,91.156961989,1.0
20670,5.969249697,0.0,6.745329735,0.0
20671,8.254402566,0.0,6.745329735,0.0
20672,8.254402566,0.0,7.216980714,0.0
20673,1.750041218,1.0,11.96324614,1.0
20674,7.600164159,0.0,17.0449951,0.0
20675,7.600164159,0.0,5.615477545,0.0
20676,5.615477545,0.0,17.0449951,0.0
20677,12.311326889,0.0,6.116968136,0.0
20678,12.311326889,0.0,5.374117068,0.0
20679,11.96324614,1.0,2.250343271,1.0
20680,48.382884709,0.0,23.147242951,0.0
20681,155.280502421,0.0,15.73610306,0.0
20682,155.280502421,0.0,137.59031023,0.0
20683,155.280502421,0.0,28.474353554,0.0
20684,155.280502421,0.0,53.845010211,0.0
20685,155.280502421,0.0,203.537458695,0.0
20686,155.280502421,0.0,96.169620293,0.0
20687,155.280502421,0.0,6.719248284,0.0
20688,7.157709722,1.0,5.617126462,1.0
20689,7.157709722,1.0,7.01447234,1.0
20690,7.157709722,1.0,4.640115564,1.0
20691,7.157709722,1.0,33.529472225,1.0
20692,5.263133726,1.0,5.617126462,1.0
20693,5.263133726,1.0,2.029639337,1.0
20694,5.263133726,1.0,3.564037102,1.0
20695,18.050564055,1.0,39.337390128,1.0
20696,5.402163822,0.0,4.591187627,0.0
20697,5.402163822,0.0,1.895601899,0.0
20698,5.402163822,0.0,4.466417085,0.0
20699,4.466417085,0.0,4.591187627,0.0
20700,4.466417085,0.0,4.990675931,0.0
20701,4.466417085,0.0,5.402163822,0.0
20702,4.072291373,0.0,5.374117068,0.0
20703,4.072291373,0.0,101.854391435,0.0
20704,2.192327902,1.0,1.056743148,1.0
20705,2.192327902,1.0,45.709856838,1.0
20706,0.8049197798,1.0,0.9996754983,1.0
20707,1.000425867,1.0,0.9996754983,1.0
20708,2.343248309,1.0,7.01447234,1.0
20709,6.116968136,0.0,4.990675931,0.0
20710,6.116968136,0.0,3.784851271,0.0
20711,3.518529014,0.0,4.990675931,0.0
20712,3.518529014,0.0,5.176471949,0.0
20713,5.2300594,1.0,22.78146695,1.0
20714,5.2300594,1.0,3.87276971,1.0
20715,5.2300594,1.0,20.418653862,1.0
20716,5.2300594,1.0,18.99975294,1.0
20717,5.2300594,1.0,4.140323188,1.0
20718,5.374117068,0.0,7.216980714,0.0
20719,5.374117068,0.0,4.072291373,0.0
20720,5.374117068,0.0,12.311326889,0.0
20721,2.084139887,0.0,3.538970814,0.0
20722,2.084139887,0.0,2.770665223,0.0
20723,4.263995776,1.0,3.453827281,1.0
20724,4.263995776,1.0,25.698336533,1.0
20725,33.529472225,1.0,3.453827281,1.0
20726,33.529472225,1.0,4.263995776,1.0
20727,33.529472225,1.0,25.698336533,1.0
20728,33.529472225,1.0,4.995556646,1.0
20729,33.529472225,1.0,7.986422452,1.0
20730,33.529472225,1.0,35.840505224,1.0
20731,33.529472225,1.0,5.263133726,1.0
20732,33.529472225,1.0,14.795076903,0.0
20733,0.8566125471,0.0,1.560838497,0.0
20734,2.608832798,0.0,1.560838497,0.0
20735,6.745329735,0.0,5.850092919,0.0
20736,6.472934546,1.0,9.141805687,1.0
20737,6.472934546,1.0,5.32825762,1.0
20738,6.472934546,1.0,4.245903096,1.0
20739,6.472934546,1.0,7.214621746,1.0
20740,6.472934546,1.0,8.735817523,1.0
20741,6.472934546,1.0,10.123192269,1.0
20742,6.472934546,1.0,4.984751974,1.0
20743,6.472934546,1.0,3.855461904,1.0
20744,6.472934546,1.0,4.56934201,1.0
20745,6.472934546,1.0,12.120044245,1.0
20746,6.472934546,1.0,8.50266253,1.0
20747,6.472934546,1.0,8.148691521,1.0
20748,6.472934546,1.0,4.737651137,1.0
20749,6.472934546,1.0,4.709903611,1.0
20750,6.472934546,1.0,3.297807408,1.0
20751,6.472934546,1.0,3.738174695,1.0
20752,6.472934546,1.0,37.938945266,1.0
20753,6.472934546,1.0,5.318928376,1.0
20754,6.472934546,1.0,6.084570855,1.0
20755,4.709903611,1.0,9.141805687,1.0
20756,4.709903611,1.0,53.620745395,1.0
20757,4.709903611,1.0,5.32825762,1.0
20758,4.709903611,1.0,15.611347975,1.0
20759,4.709903611,1.0,7.214621746,1.0
20760,4.709903611,1.0,14.998267347,1.0
20761,4.709903611,1.0,10.123192269,1.0
20762,4.709903611,1.0,4.060263375,1.0
20763,4.709903611,1.0,11.863979571,1.0
20764,4.709903611,1.0,4.984751974,1.0
20765,4.709903611,1.0,6.472934546,1.0
20766,4.709903611,1.0,7.832158225,1.0
20767,4.709903611,1.0,12.120044245,1.0
20768,4.709903611,1.0,1.739619718,1.0
20769,4.709903611,1.0,9.761304358,1.0
20770,4.709903611,1.0,8.50266253,1.0
20771,4.709903611,1.0,8.148691521,1.0
20772,4.709903611,1.0,4.737651137,1.0
20773,4.709903611,1.0,19.142118001,1.0
20774,4.709903611,1.0,6.480753385,1.0
20775,4.709903611,1.0,2.733967464,1.0
20776,4.709903611,1.0,4.177580885,1.0
20777,4.709903611,1.0,37.938945266,1.0
20778,4.709903611,1.0,16.073363508,1.0
20779,4.709903611,1.0,8.629413317,1.0
20780,7.900750518,1.0,9.141805687,1.0
20781,7.900750518,1.0,10.123192269,1.0
20782,7.900750518,1.0,7.165161717,1.0
20783,7.900750518,1.0,4.984751974,1.0
20784,7.900750518,1.0,8.50266253,1.0
20785,7.900750518,1.0,4.709903611,1.0
20786,7.900750518,1.0,3.297807408,1.0
20787,7.900750518,1.0,19.142118001,1.0
20788,7.900750518,1.0,10.9074083,1.0
20789,7.900750518,1.0,2.138567555,1.0
20790,7.900750518,1.0,5.333459143,1.0
20791,7.900750518,1.0,12.835121545,1.0
20792,7.900750518,1.0,37.938945266,1.0
20793,7.900750518,1.0,8.094688499,1.0
20794,7.900750518,1.0,16.073363508,1.0
20795,7.900750518,1.0,5.02729186,1.0
20796,7.900750518,1.0,46.998665241,1.0
20797,2.983925031,1.0,4.640115564,1.0
20798,2.983925031,1.0,2.948468315,1.0
20799,2.197170175,1.0,1.462530536,1.0
20800,2.197170175,1.0,21.47320625,1.0
20801,2.197170175,1.0,22.627451627,1.0
20802,2.197170175,1.0,29.064479699,1.0
20803,2.197170175,1.0,8.078335378,1.0
20804,2.197170175,1.0,16.219736768,1.0
20805,2.197170175,1.0,24.186224197,1.0
20806,2.197170175,1.0,7.135698552,1.0
20807,2.197170175,1.0,11.362555877,1.0
20808,2.197170175,1.0,3.320254456,1.0
20809,2.197170175,1.0,13.070268138,1.0
20810,2.197170175,1.0,9.153441064,1.0
20811,2.197170175,1.0,5.453609324,1.0
20812,6.471533214,1.0,1.462530536,1.0
20813,6.471533214,1.0,6.255009709,1.0
20814,4.879776541,1.0,6.404713703,1.0
20815,4.294587024,0.0,8.254402566,0.0
20816,1.341409792,1.0,6.141325198,1.0
20817,1.341409792,1.0,21.342876657,1.0
20818,1.341409792,1.0,14.467004793,1.0
20819,1.341409792,1.0,4.04467984,1.0
20820,1.141903095,1.0,6.141325198,1.0
20821,1.141903095,1.0,2.942608565,1.0
20822,1.141903095,1.0,6.109671996,1.0
20823,1.141903095,1.0,1.79102269,1.0
20824,7.01447234,1.0,4.263995776,1.0
20825,7.01447234,1.0,25.698336533,1.0
20826,7.01447234,1.0,7.157709722,1.0
20827,7.023811906,1.0,4.263995776,1.0
20828,2.203857633,1.0,1.286863813,1.0
20829,2.203857633,1.0,2.425018168,1.0
20830,2.203857633,1.0,3.191550099,1.0
20831,2.203857633,1.0,3.738174695,1.0
20832,2.203857633,1.0,1.376763052,1.0
20833,2.203857633,1.0,5.846871423,1.0
20834,37.392342771,1.0,7.770027438,1.0
20835,37.392342771,1.0,2.129545428,1.0
20836,37.392342771,1.0,11.305962931,1.0
20837,37.392342771,1.0,3.696128234,1.0
20838,37.392342771,1.0,2.271211233,1.0
20839,37.392342771,1.0,12.307254829,1.0
20840,37.392342771,1.0,0.6705666026,1.0
20841,37.392342771,1.0,2.715038263,1.0
20842,37.392342771,1.0,4.753731003,1.0
20843,37.392342771,1.0,1.400644306,1.0
20844,1.113769575,1.0,7.770027438,1.0
20845,1.113769575,1.0,5.756985413,1.0
20846,1.113769575,1.0,2.982104604,1.0
20847,1.113769575,1.0,0.4289517024,1.0
20848,1.113769575,1.0,12.49292679,1.0
20849,1.113769575,1.0,4.115432502,1.0
20850,1.113769575,1.0,4.988862425,1.0
20851,0.7839791128,1.0,21.342876657,1.0
20852,6.288576781,1.0,21.342876657,1.0
20853,6.288576781,1.0,5.756985413,1.0
20854,6.288576781,1.0,7.748182289,1.0
20855,6.288576781,1.0,3.255978393,1.0
20856,6.288576781,1.0,22.680958327,1.0
20857,6.288576781,1.0,1.93329749,1.0
20858,6.288576781,1.0,2.345714065,1.0
20859,6.288576781,1.0,4.988862425,1.0
20860,3.267694974,1.0,21.342876657,1.0
20861,3.267694974,1.0,9.643040622,1.0
20862,3.267694974,1.0,10.85465712,0.0
20863,3.267694974,1.0,18.425664971,0.0
20864,3.267694974,1.0,1.807864563,1.0
20865,3.267694974,1.0,1.61505013,1.0
20866,3.267694974,1.0,4.995556646,1.0
20867,3.267694974,1.0,3.457366474,1.0
20868,3.267694974,1.0,56.533506932,0.0
20869,11.176355376,1.0,21.342876657,1.0
20870,1.79102269,1.0,21.342876657,1.0
20871,1.79102269,1.0,1.113769575,1.0
20872,1.79102269,1.0,1.93329749,1.0
20873,1.79102269,1.0,6.208512798,1.0
20874,4.04467984,1.0,21.342876657,1.0
20875,4.04467984,1.0,9.515976293,1.0
20876,4.04467984,1.0,6.288576781,1.0
20877,4.04467984,1.0,14.467004793,1.0
20878,4.04467984,1.0,2.345714065,1.0
20879,4.04467984,1.0,4.829505682,1.0
20880,11.572841319,0.0,13.867638723,0.0
20881,11.572841319,0.0,4.466417085,0.0
20882,11.572841319,0.0,101.854391435,0.0
20883,8.616837057,0.0,25.698336533,1.0
20884,1.402524531,1.0,25.698336533,1.0
20885,1.402524531,1.0,33.529472225,1.0
20886,1.402524531,1.0,2.649064229,1.0
20887,1.402524531,1.0,7.228822587,1.0
20888,1.402524531,1.0,4.995556646,1.0
20889,1.402524531,1.0,2.430209341,0.0
20890,1.402524531,1.0,96.169620293,0.0
20891,1.402524531,1.0,6.008748456,1.0
20892,5.191074909,1.0,25.698336533,1.0
20893,14.795076903,0.0,25.698336533,1.0
20894,14.795076903,0.0,33.529472225,1.0
20895,3.784851271,0.0,1.895601899,0.0
20896,45.709856838,1.0,1.84784214,1.0
20897,45.709856838,1.0,2.180251818,1.0
20898,2.250343271,1.0,7.023811906,1.0
20899,2.250343271,1.0,3.564037102,1.0
20900,3.484402046,1.0,8.280750395,1.0
20901,3.484402046,1.0,1.838528041,1.0
20902,3.484402046,1.0,12.138693201,1.0
20903,2.028676348,1.0,0.6975951684,1.0
20904,22.753721881,0.0,4.261774616,0.0
20905,22.753721881,0.0,9.300128828,0.0
20906,22.753721881,0.0,10.748048452,0.0
20907,10.748048452,0.0,4.261774616,0.0
20908,10.748048452,0.0,6.163735873,0.0
20909,10.748048452,0.0,9.300128828,0.0
20910,10.748048452,0.0,8.124643817,0.0
20911,27.727856837,0.0,34.366867977,0.0
20912,27.727856837,0.0,5.206241117,0.0
20913,27.727856837,0.0,26.668067758,0.0
20914,27.727856837,0.0,6.247337911,0.0
20915,27.727856837,0.0,8.542290561,0.0
20916,27.727856837,0.0,8.149136421,0.0
20917,27.727856837,0.0,10.51791993,0.0
20918,4.729220073,0.0,34.366867977,0.0
20919,4.729220073,0.0,5.206241117,0.0
20920,4.729220073,0.0,26.668067758,0.0
20921,6.396811195,0.0,34.366867977,0.0
20922,6.396811195,0.0,52.842355823,0.0
20923,6.396811195,0.0,7.605207699,0.0
20924,6.396811195,0.0,26.668067758,0.0
20925,6.396811195,0.0,6.247337911,0.0
20926,6.396811195,0.0,26.359111832,0.0
20927,6.396811195,0.0,8.149136421,0.0
20928,6.396811195,0.0,11.035484247,0.0
20929,6.396811195,0.0,8.394491298,0.0
20930,6.396811195,0.0,26.67006964,0.0
20931,9.009779617,0.0,34.366867977,0.0
20932,5.65764652,0.0,34.366867977,0.0
20933,5.65764652,0.0,13.975384578,0.0
20934,5.65764652,0.0,31.803689946,0.0
20935,5.65764652,0.0,27.727856837,0.0
20936,5.65764652,0.0,35.374851173,0.0
20937,5.65764652,0.0,26.668067758,0.0
20938,5.65764652,0.0,11.035484247,0.0
20939,5.65764652,0.0,7.99491551,0.0
20940,5.65764652,0.0,7.614948836,0.0
20941,87.372172325,0.0,34.366867977,0.0
20942,87.372172325,0.0,29.277283858,0.0
20943,87.372172325,0.0,16.174970412,0.0
20944,87.372172325,0.0,233.692864157,0.0
20945,87.372172325,0.0,25.388131117,0.0
20946,87.372172325,0.0,19.802798823,0.0
20947,87.372172325,0.0,87.232541053,0.0
20948,87.372172325,0.0,18.425664971,0.0
20949,87.372172325,0.0,76.190513876,0.0
20950,87.372172325,0.0,6.866216929,0.0
20951,87.372172325,0.0,30.957578952,0.0
20952,87.372172325,0.0,8.894560264,0.0
20953,87.372172325,0.0,7.662768857,0.0
20954,87.372172325,0.0,11.453611597,0.0
20955,87.372172325,0.0,69.232611588,0.0
20956,3.251524778,1.0,53.620745395,1.0
20957,3.251524778,1.0,4.678165374,1.0
20958,3.251524778,1.0,4.773145152,1.0
20959,3.251524778,1.0,5.97652199,1.0
20960,3.251524778,1.0,7.469166361,1.0
20961,3.251524778,1.0,4.513045268,1.0
20962,3.251524778,1.0,3.73091468,1.0
20963,3.251524778,1.0,7.950666232,1.0
20964,3.251524778,1.0,6.903729822,1.0
20965,3.251524778,1.0,7.659051738,1.0
20966,3.251524778,1.0,112.099655851,1.0
20967,3.251524778,1.0,16.979769685,1.0
20968,4.910712497,1.0,53.620745395,1.0
20969,4.910712497,1.0,2.979654483,1.0
20970,4.910712497,1.0,23.009498747,1.0
20971,4.910712497,1.0,2.649064229,1.0
20972,4.910712497,1.0,5.515849566,1.0
20973,4.124741698,1.0,53.620745395,1.0
20974,4.124741698,1.0,10.628219003,1.0
20975,4.124741698,1.0,6.173098905,1.0
20976,4.124741698,1.0,14.344899689,1.0
20977,4.124741698,1.0,15.925449164,1.0
20978,4.124741698,1.0,20.838285529,1.0
20979,4.124741698,1.0,29.457087968,1.0
20980,4.124741698,1.0,2.649064229,1.0
20981,4.124741698,1.0,3.970810804,1.0
20982,4.124741698,1.0,14.075695698,1.0
20983,2.649064229,1.0,53.620745395,1.0
20984,2.649064229,1.0,4.910712497,1.0
20985,2.649064229,1.0,1.402524531,1.0
20986,2.649064229,1.0,10.628219003,1.0
20987,2.649064229,1.0,6.173098905,1.0
20988,2.649064229,1.0,14.344899689,1.0
20989,2.649064229,1.0,15.925449164,1.0
20990,2.649064229,1.0,29.457087968,1.0
20991,2.649064229,1.0,7.228822587,1.0
20992,2.649064229,1.0,4.995556646,1.0
20993,2.649064229,1.0,2.430209341,0.0
20994,2.649064229,1.0,37.938945266,1.0
20995,2.649064229,1.0,4035.268876807,0.0
20996,6.480753385,1.0,53.620745395,1.0
20997,6.480753385,1.0,7.497610569,1.0
20998,6.480753385,1.0,20.838285529,1.0
20999,6.480753385,1.0,4.773145152,1.0
21000,6.480753385,1.0,12.120044245,1.0
21001,6.480753385,1.0,8.50266253,1.0
21002,6.480753385,1.0,4.737651137,1.0
21003,6.480753385,1.0,19.142118001,1.0
21004,6.480753385,1.0,4.177580885,1.0
21005,6.480753385,1.0,9.171306539,1.0
21006,6.480753385,1.0,8.094688499,1.0
21007,6.480753385,1.0,16.073363508,1.0
21008,6.480753385,1.0,21.17309223,1.0
21009,6.941668823,0.0,53.620745395,1.0
21010,6.941668823,0.0,6.400933476,0.0
21011,6.941668823,0.0,4.000242049,0.0
21012,6.941668823,0.0,2.712361823,0.0
21013,6.941668823,0.0,137.59031023,0.0
21014,6.941668823,0.0,23.506272743,0.0
21015,2.829771388,1.0,53.620745395,1.0
21016,2.829771388,1.0,4.773145152,1.0
21017,2.829771388,1.0,19.845513323,1.0
21018,8.629413317,1.0,53.620745395,1.0
21019,8.629413317,1.0,6.480753385,1.0
21020,8.629413317,1.0,14.341366069,1.0
21021,8.629413317,1.0,5.333459143,1.0
21022,3.143845035,0.0,7.332344835,0.0
21023,3.143845035,0.0,4.294587024,0.0
21024,0.4000316798,1.0,1.151740718,1.0
21025,0.4000316798,1.0,8.495133609,1.0
21026,8.149136421,0.0,27.727856837,0.0
21027,8.149136421,0.0,4.729220073,0.0
21028,8.149136421,0.0,7.605207699,0.0
21029,8.149136421,0.0,35.374851173,0.0
21030,8.149136421,0.0,26.668067758,0.0
21031,8.149136421,0.0,6.247337911,0.0
21032,8.149136421,0.0,26.359111832,0.0
21033,8.149136421,0.0,8.542290561,0.0
21034,8.149136421,0.0,11.035484247,0.0
21035,8.149136421,0.0,61.033765457,0.0
21036,8.149136421,0.0,10.51791993,0.0
21037,13.975384578,0.0,5.206241117,0.0
21038,13.975384578,0.0,12.564957342,0.0
21039,13.975384578,0.0,20.051027715,0.0
21040,13.975384578,0.0,28.141081071,0.0
21041,11.035484247,0.0,5.206241117,0.0
21042,11.035484247,0.0,26.359111832,0.0
21043,11.035484247,0.0,8.542290561,0.0
21044,11.035484247,0.0,8.149136421,0.0
21045,11.035484247,0.0,20.051027715,0.0
21046,11.035484247,0.0,5.65764652,0.0
21047,11.035484247,0.0,13.40154723,0.0
21048,6.80925624,1.0,4.216885931,1.0
21049,6.80925624,1.0,29.457087968,1.0
21050,6.80925624,1.0,10.9074083,1.0
21051,6.80925624,1.0,37.938945266,1.0
21052,6.80925624,1.0,1.23470253,1.0
21053,9.171306539,1.0,4.216885931,1.0
21054,9.171306539,1.0,7.214621746,1.0
21055,9.171306539,1.0,7.454794161,1.0
21056,9.171306539,1.0,19.142118001,1.0
21057,4.216885931,1.0,4.221561247,1.0
21058,4.216885931,1.0,9.082305407,1.0
21059,4.216885931,1.0,10.9074083,1.0
21060,4.216885931,1.0,12.835121545,1.0
21061,4.56934201,1.0,4.221561247,1.0
21062,4.56934201,1.0,7.094763502,1.0
21063,4.56934201,1.0,10.123192269,1.0
21064,4.56934201,1.0,4.984751974,1.0
21065,4.56934201,1.0,6.472934546,1.0
21066,4.56934201,1.0,7.832158225,1.0
21067,4.56934201,1.0,12.120044245,1.0
21068,4.56934201,1.0,8.148691521,1.0
21069,4.56934201,1.0,4.177580885,1.0
21070,4.56934201,1.0,8.061526394,1.0
21071,4.56934201,1.0,5.318928376,1.0
21072,4.56934201,1.0,12.292862519,1.0
21073,4.56934201,1.0,6.084570855,1.0
21074,3.72542787,1.0,4.221561247,1.0
21075,3.72542787,1.0,15.611347975,1.0
21076,3.72542787,1.0,14.998267347,1.0
21077,3.72542787,1.0,4.003663518,1.0
21078,3.72542787,1.0,2.963210118,1.0
21079,3.72542787,1.0,37.938945266,1.0
21080,18.586858472,1.0,4.221561247,1.0
21081,18.586858472,1.0,7.094763502,1.0
21082,18.586858472,1.0,10.123192269,1.0
21083,8.061526394,1.0,4.221561247,1.0
21084,8.061526394,1.0,7.094763502,1.0
21085,8.061526394,1.0,4.245903096,1.0
21086,8.061526394,1.0,7.214621746,1.0
21087,8.061526394,1.0,4.56934201,1.0
21088,8.061526394,1.0,3.297807408,1.0
21089,8.061526394,1.0,10.235504409,1.0
21090,8.061526394,1.0,12.835121545,1.0
21091,8.061526394,1.0,37.938945266,1.0
21092,8.061526394,1.0,19.694973874,1.0
21093,8.061526394,1.0,4.441750842,1.0
21094,8.061526394,1.0,5.02729186,1.0
21095,8.061526394,1.0,4.196276383,1.0
21096,8.061526394,1.0,5.318928376,1.0
21097,4.221561247,1.0,6.80925624,1.0
21098,4.221561247,1.0,6.173098905,1.0
21099,4.221561247,1.0,14.341366069,1.0
21100,4.221561247,1.0,5.515849566,1.0
21101,4.221561247,1.0,18.586858472,1.0
21102,4.221561247,1.0,8.061526394,1.0
21103,4.221561247,1.0,7.207826876,1.0
21104,4.221561247,1.0,16.732592538,1.0
21105,2.912867331,1.0,6.80925624,1.0
21106,5.333459143,1.0,6.80925624,1.0
21107,5.333459143,1.0,4.060263375,1.0
21108,5.333459143,1.0,11.863979571,1.0
21109,5.333459143,1.0,4.984751974,1.0
21110,5.333459143,1.0,7.832158225,1.0
21111,5.333459143,1.0,3.72542787,1.0
21112,5.333459143,1.0,4.709903611,1.0
21113,5.333459143,1.0,7.900750518,1.0
21114,5.333459143,1.0,2.733967464,1.0
21115,5.333459143,1.0,5.515849566,1.0
21116,5.333459143,1.0,4.177580885,1.0
21117,5.333459143,1.0,63.569424162,1.0
21118,5.333459143,1.0,12.835121545,1.0
21119,7.497610569,1.0,2.979654483,1.0
21120,7.497610569,1.0,2.912867331,1.0
21121,7.497610569,1.0,4.910712497,1.0
21122,7.497610569,1.0,19.142118001,1.0
21123,7.497610569,1.0,6.480753385,1.0
21124,16.732592538,1.0,2.979654483,1.0
21125,16.732592538,1.0,11.740665257,1.0
21126,16.732592538,1.0,15.611347975,1.0
21127,16.732592538,1.0,9.761304358,1.0
21128,16.732592538,1.0,9.646859125,1.0
21129,16.732592538,1.0,10.006734416,1.0
21130,16.732592538,1.0,12.835121545,1.0
21131,16.732592538,1.0,7.207826876,1.0
21132,16.732592538,1.0,7.642199054,1.0
21133,16.732592538,1.0,35.503722327,1.0
21134,4.543431095,1.0,7.497610569,1.0
21135,4.543431095,1.0,4.910712497,1.0
21136,4.543431095,1.0,10.628219003,1.0
21137,4.543431095,1.0,6.173098905,1.0
21138,4.543431095,1.0,5.32825762,1.0
21139,4.543431095,1.0,6.480753385,1.0
21140,11.863979571,1.0,4.543431095,1.0
21141,11.863979571,1.0,4.124741698,1.0
21142,11.863979571,1.0,6.472934546,1.0
21143,11.863979571,1.0,12.120044245,1.0
21144,11.863979571,1.0,9.761304358,1.0
21145,11.863979571,1.0,8.148691521,1.0
21146,11.863979571,1.0,7.454794161,1.0
21147,11.863979571,1.0,4.737651137,1.0
21148,11.863979571,1.0,4.709903611,1.0
21149,11.863979571,1.0,19.142118001,1.0
21150,11.863979571,1.0,3.73091468,1.0
21151,11.863979571,1.0,10.9074083,1.0
21152,11.863979571,1.0,9.646859125,1.0
21153,11.863979571,1.0,4.177580885,1.0
21154,11.863979571,1.0,9.171306539,1.0
21155,11.863979571,1.0,10.557429856,1.0
21156,11.863979571,1.0,10.235504409,1.0
21157,11.863979571,1.0,37.938945266,1.0
21158,11.863979571,1.0,8.094688499,1.0
21159,11.863979571,1.0,19.694973874,1.0
21160,11.863979571,1.0,35.503722327,1.0
21161,11.863979571,1.0,7.455058179,1.0
21162,1.739619718,1.0,4.543431095,1.0
21163,1.739619718,1.0,4.984751974,1.0
21164,1.739619718,1.0,7.454794161,1.0
21165,1.739619718,1.0,37.938945266,1.0
21166,2.879393565,1.0,4.543431095,1.0
21167,2.879393565,1.0,4.56934201,1.0
21168,11.174951279,0.0,16.222318711,0.0
21169,11.174951279,0.0,2.643690724,0.0
21170,11.174951279,0.0,11.111467247,0.0
21171,11.174951279,0.0,4.65900742,0.0
21172,13.897177181,0.0,16.222318711,0.0
21173,13.897177181,0.0,8.127332825,0.0
21174,13.897177181,0.0,12.978928314,0.0
21175,13.897177181,0.0,12.509848057,0.0
21176,9.338405233,0.0,16.222318711,0.0
21177,9.338405233,0.0,11.605803568,0.0
21178,9.338405233,0.0,6.832421315,0.0
21179,9.338405233,0.0,5.48985448,0.0
21180,9.338405233,0.0,11.769430661,0.0
21181,14.344899689,1.0,8.552039371,0.0
21182,14.344899689,1.0,10.628219003,1.0
21183,14.344899689,1.0,6.173098905,1.0
21184,14.344899689,1.0,15.925449164,1.0
21185,14.344899689,1.0,20.838285529,1.0
21186,14.344899689,1.0,4.124741698,1.0
21187,14.344899689,1.0,29.457087968,1.0
21188,14.344899689,1.0,2.649064229,1.0
21189,14.344899689,1.0,3.970810804,1.0
21190,14.344899689,1.0,3.297807408,1.0
21191,8.445477148,0.0,8.552039371,0.0
21192,8.445477148,0.0,3.738556716,0.0
21193,8.445477148,0.0,6.173098905,1.0
21194,8.445477148,0.0,6.247337911,0.0
21195,8.445477148,0.0,27.455093588,0.0
21196,8.445477148,0.0,0.3965622529,0.0
21197,8.445477148,0.0,4035.268876807,0.0
21198,10.628219003,1.0,4.910712497,1.0
21199,10.628219003,1.0,6.173098905,1.0
21200,10.628219003,1.0,14.344899689,1.0
21201,10.628219003,1.0,15.925449164,1.0
21202,10.628219003,1.0,4.124741698,1.0
21203,10.628219003,1.0,29.457087968,1.0
21204,10.628219003,1.0,2.649064229,1.0
21205,10.628219003,1.0,11.740665257,1.0
21206,10.628219003,1.0,3.970810804,1.0
21207,10.628219003,1.0,14.998267347,1.0
21208,10.628219003,1.0,9.761304358,1.0
21209,10.628219003,1.0,5.333459143,1.0
21210,10.628219003,1.0,4.177580885,1.0
21211,10.628219003,1.0,8.094688499,1.0
21212,10.628219003,1.0,4.441750842,1.0
21213,10.628219003,1.0,5.02729186,1.0
21214,10.628219003,1.0,6.932955197,1.0
21215,19.694973874,1.0,4.910712497,1.0
21216,19.694973874,1.0,4.124741698,1.0
21217,19.694973874,1.0,11.863979571,1.0
21218,19.694973874,1.0,4.984751974,1.0
21219,19.694973874,1.0,2.963210118,1.0
21220,19.694973874,1.0,3.297807408,1.0
21221,19.694973874,1.0,19.142118001,1.0
21222,19.694973874,1.0,10.9074083,1.0
21223,19.694973874,1.0,12.835121545,1.0
21224,19.694973874,1.0,37.938945266,1.0
21225,19.694973874,1.0,16.073363508,1.0
21226,19.694973874,1.0,8.061526394,1.0
21227,19.694973874,1.0,4.441750842,1.0
21228,19.694973874,1.0,5.02729186,1.0
21229,19.694973874,1.0,5.318928376,1.0
21230,19.694973874,1.0,4.119021003,1.0
21231,1.463796474,0.0,2.608832798,0.0
21232,1.84784214,1.0,33.529472225,1.0
21233,6.106868048,1.0,6.057768872,1.0
21234,6.106868048,1.0,22.627451627,1.0
21235,6.106868048,1.0,10.561206156,1.0
21236,6.106868048,1.0,15.066753188,1.0
21237,6.106868048,1.0,7.326654522,1.0
21238,6.106868048,1.0,5.913494239,1.0
21239,6.106868048,1.0,8.599022846,1.0
21240,6.106868048,1.0,9.903488889,1.0
21241,6.106868048,1.0,15.776847279,1.0
21242,6.106868048,1.0,13.297675544,1.0
21243,6.106868048,1.0,7.879326678,1.0
21244,4.979689688,1.0,5.734774545,1.0
21245,4.979689688,1.0,3.436895491,1.0
21246,4.979689688,1.0,3.288067738,1.0
21247,4.979689688,1.0,2.64011891,1.0
21248,4.979689688,1.0,12.307254829,1.0
21249,4.979689688,1.0,3.252543863,1.0
21250,4.979689688,1.0,10.132620344,1.0
21251,16.330971967,1.0,5.734774545,1.0
21252,16.330971967,1.0,1.93329749,1.0
21253,16.330971967,1.0,6.063987134,1.0
21254,16.330971967,1.0,2.353871894,1.0
21255,1.056743148,1.0,45.709856838,1.0
21256,5.176471949,0.0,3.143845035,0.0
21257,1.235103146,0.0,4.333050957,0.0
21258,1.235103146,0.0,73.678253805,0.0
21259,1.235103146,0.0,2.912262262,0.0
21260,1.235103146,0.0,6.384550977,0.0
21261,1.235103146,0.0,5.722009525,0.0
21262,1.235103146,0.0,12.155923652,0.0
21263,1.235103146,0.0,6.907984275,0.0
21264,1.235103146,0.0,2.645715291,0.0
21265,1.235103146,0.0,4.675694624,0.0
21266,1.235103146,0.0,7.048802068,0.0
21267,1.235103146,0.0,4.004822702,0.0
21268,1.235103146,0.0,1.706916885,0.0
21269,1.235103146,0.0,5.376782587,0.0
21270,1.235103146,0.0,9.850920108,0.0
21271,1.235103146,0.0,15.453245152,0.0
21272,1.235103146,0.0,18.341066883,1.0
21273,1.235103146,0.0,8.580112819,0.0
21274,1.235103146,0.0,10.490124507,0.0
21275,1.235103146,0.0,84.435994812,0.0
21276,2.645715291,0.0,4.333050957,0.0
21277,2.645715291,0.0,6.384550977,0.0
21278,2.645715291,0.0,5.722009525,0.0
21279,2.645715291,0.0,9.722560875,0.0
21280,2.645715291,0.0,6.907984275,0.0
21281,2.645715291,0.0,1.906842655,0.0
21282,2.645715291,0.0,4.675694624,0.0
21283,2.645715291,0.0,7.048802068,0.0
21284,2.645715291,0.0,1.706916885,0.0
21285,2.645715291,0.0,5.376782587,0.0
21286,2.645715291,0.0,8.573559835,0.0
21287,2.645715291,0.0,15.453245152,0.0
21288,2.645715291,0.0,10.639342998,0.0
21289,2.645715291,0.0,10.490124507,0.0
21290,2.645715291,0.0,84.435994812,0.0
21291,1.906842655,0.0,4.333050957,0.0
21292,1.906842655,0.0,3.353531592,0.0
21293,1.906842655,0.0,2.912262262,0.0
21294,1.906842655,0.0,5.722009525,0.0
21295,1.906842655,0.0,12.155923652,0.0
21296,1.906842655,0.0,9.722560875,0.0
21297,1.906842655,0.0,6.907984275,0.0
21298,1.906842655,0.0,2.645715291,0.0
21299,1.906842655,0.0,4.675694624,0.0
21300,1.906842655,0.0,7.048802068,0.0
21301,1.906842655,0.0,1.706916885,0.0
21302,1.906842655,0.0,5.376782587,0.0
21303,1.906842655,0.0,9.850920108,0.0
21304,1.906842655,0.0,15.453245152,0.0
21305,1.906842655,0.0,17.99554838,0.0
21306,1.906842655,0.0,84.435994812,0.0
21307,2.058579152,1.0,5.075006428,1.0
21308,4.453474372,0.0,29.277283858,0.0
21309,4.453474372,0.0,25.448562517,0.0
21310,4.453474372,0.0,26.964553761,0.0
21311,4.453474372,0.0,63.638655974,0.0
21312,4.453474372,0.0,38.950111199,0.0
21313,4.453474372,0.0,25.388131117,0.0
21314,4.453474372,0.0,13.188256381,0.0
21315,4.453474372,0.0,3.738556716,0.0
21316,4.453474372,0.0,4.20148694,0.0
21317,4.453474372,0.0,3.530931163,0.0
21318,4.453474372,0.0,10.545807272,0.0
21319,4.453474372,0.0,39.186740427,0.0
21320,4.453474372,0.0,8.543727113,0.0
21321,4.453474372,0.0,26.951913011,0.0
21322,4.453474372,0.0,18.425664971,0.0
21323,4.453474372,0.0,6.29389923,0.0
21324,4.453474372,0.0,25.471798052,0.0
21325,4.453474372,0.0,13.40154723,0.0
21326,4.453474372,0.0,7.662768857,0.0
21327,4.453474372,0.0,10.075756973,0.0
21328,4.453474372,0.0,17.030533555,0.0
21329,4.453474372,0.0,35.296213123,0.0
21330,4.453474372,0.0,13.463816358,0.0
21331,4.453474372,0.0,7.574758381,0.0
21332,5.943829326,0.0,29.277283858,0.0
21333,5.943829326,0.0,23.004257875,0.0
21334,5.943829326,0.0,25.448562517,0.0
21335,5.943829326,0.0,25.388131117,0.0
21336,5.943829326,0.0,16.171154926,0.0
21337,5.943829326,0.0,4.453474372,0.0
21338,5.943829326,0.0,3.530931163,0.0
21339,5.943829326,0.0,39.186740427,0.0
21340,5.943829326,0.0,9.231275489,0.0
21341,5.943829326,0.0,19.802798823,0.0
21342,5.943829326,0.0,10.85465712,0.0
21343,5.943829326,0.0,8.543727113,0.0
21344,5.943829326,0.0,4.419433878,0.0
21345,5.943829326,0.0,26.951913011,0.0
21346,5.943829326,0.0,11.725027097,0.0
21347,5.943829326,0.0,76.190513876,0.0
21348,5.943829326,0.0,166.229730993,0.0
21349,5.943829326,0.0,12.11319811,0.0
21350,6.29389923,0.0,29.277283858,0.0
21351,6.29389923,0.0,25.448562517,0.0
21352,6.29389923,0.0,26.964553761,0.0
21353,6.29389923,0.0,25.388131117,0.0
21354,6.29389923,0.0,16.171154926,0.0
21355,6.29389923,0.0,13.188256381,0.0
21356,6.29389923,0.0,4.453474372,0.0
21357,6.29389923,0.0,4.20148694,0.0
21358,6.29389923,0.0,39.186740427,0.0
21359,6.29389923,0.0,19.802798823,0.0
21360,6.29389923,0.0,5.943829326,0.0
21361,6.29389923,0.0,10.85465712,0.0
21362,6.29389923,0.0,8.543727113,0.0
21363,6.29389923,0.0,26.951913011,0.0
21364,6.29389923,0.0,87.232541053,0.0
21365,6.29389923,0.0,11.725027097,0.0
21366,6.29389923,0.0,18.425664971,0.0
21367,6.29389923,0.0,76.190513876,0.0
21368,6.29389923,0.0,13.40154723,0.0
21369,6.29389923,0.0,3.581472819,1.0
21370,6.29389923,0.0,27.455093588,0.0
21371,6.29389923,0.0,6.783354446,0.0
21372,6.29389923,0.0,1.153597602,0.0
21373,6.29389923,0.0,7.574758381,0.0
21374,7.574758381,0.0,29.277283858,0.0
21375,7.574758381,0.0,25.448562517,0.0
21376,7.574758381,0.0,24.747524022,0.0
21377,7.574758381,0.0,26.964553761,0.0
21378,7.574758381,0.0,25.388131117,0.0
21379,7.574758381,0.0,4.453474372,0.0
21380,7.574758381,0.0,3.738556716,0.0
21381,7.574758381,0.0,4.20148694,0.0
21382,7.574758381,0.0,3.530931163,0.0
21383,7.574758381,0.0,10.545807272,0.0
21384,7.574758381,0.0,39.186740427,0.0
21385,7.574758381,0.0,26.951913011,0.0
21386,7.574758381,0.0,76.190513876,0.0
21387,7.574758381,0.0,6.29389923,0.0
21388,7.574758381,0.0,12.11319811,0.0
21389,7.574758381,0.0,13.40154723,0.0
21390,7.574758381,0.0,13.463816358,0.0
21391,7.574758381,0.0,10.321111206,0.0
21392,18.742715591,0.0,29.277283858,0.0
21393,18.742715591,0.0,25.448562517,0.0
21394,18.742715591,0.0,16.171154926,0.0
21395,18.742715591,0.0,11.725027097,0.0
21396,1.890130271,0.0,147.082677326,0.0
21397,1.890130271,0.0,130.292030344,0.0
21398,1.890130271,0.0,58.498875788,0.0
21399,1.890130271,0.0,31.661805224,0.0
21400,1.890130271,0.0,31.521577885,0.0
21401,1.890130271,0.0,20.134134921,0.0
21402,1.890130271,0.0,38.349900884,0.0
21403,1.890130271,0.0,70.45818501,0.0
21404,1.890130271,0.0,103.372507846,0.0
21405,1.890130271,0.0,76.793154575,0.0
21406,1.890130271,0.0,88.018188846,0.0
21407,1.890130271,0.0,24.754488077,0.0
21408,1.890130271,0.0,28.749192928,0.0
21409,1.890130271,0.0,13.644794574,0.0
21410,76.793154575,0.0,147.082677326,0.0
21411,76.793154575,0.0,58.498875788,0.0
21412,76.793154575,0.0,11.880284756,0.0
21413,76.793154575,0.0,1.890130271,0.0
21414,76.793154575,0.0,313.710218356,0.0
21415,76.793154575,0.0,0.6388509744,0.0
21416,76.793154575,0.0,9.06126233,0.0
21417,28.749192928,0.0,130.292030344,0.0
21418,28.749192928,0.0,295.16389399,0.0
21419,8.413725107,0.0,70.173503543,0.0
21420,8.413725107,0.0,377.709987806,0.0
21421,8.413725107,0.0,194.968671744,0.0
21422,6.16062698,1.0,1.402524531,1.0
21423,6.16062698,1.0,5.263133726,1.0
21424,13.243651541,0.0,52.842355823,0.0
21425,13.243651541,0.0,7.963815624,0.0
21426,9.211966518,0.0,52.842355823,0.0
21427,26.359111832,0.0,52.842355823,0.0
21428,26.359111832,0.0,6.396811195,0.0
21429,26.359111832,0.0,7.605207699,0.0
21430,26.359111832,0.0,26.668067758,0.0
21431,26.359111832,0.0,6.247337911,0.0
21432,26.359111832,0.0,8.542290561,0.0
21433,26.359111832,0.0,8.149136421,0.0
21434,26.359111832,0.0,11.035484247,0.0
21435,26.359111832,0.0,22.79047831,0.0
21436,12.564957342,0.0,52.842355823,0.0
21437,12.564957342,0.0,6.396811195,0.0
21438,12.564957342,0.0,13.197508504,0.0
21439,12.564957342,0.0,20.051027715,0.0
21440,12.564957342,0.0,5.65764652,0.0
21441,12.564957342,0.0,7.011299058,0.0
21442,12.564957342,0.0,6.52281174,1.0
21443,9.052111107,0.0,40.517371937,0.0
21444,4.798336531,0.0,40.517371937,0.0
21445,2.910530256,0.0,12.764164967,0.0
21446,40.517371937,0.0,9.211966518,0.0
21447,40.517371937,0.0,61.033765457,0.0
21448,4.743119874,1.0,3.436895491,1.0
21449,4.743119874,1.0,2.938644066,1.0
21450,4.743119874,1.0,2.043936169,1.0
21451,4.743119874,1.0,2.271211233,1.0
21452,4.743119874,1.0,4.690452556,1.0
21453,4.743119874,1.0,6.063987134,1.0
21454,4.743119874,1.0,2.64011891,1.0
21455,4.743119874,1.0,1.419281651,1.0
21456,4.743119874,1.0,23.450551653,1.0
21457,4.743119874,1.0,9.127111945,1.0
21458,4.743119874,1.0,1.400644306,1.0
21459,4.743119874,1.0,10.397099174,1.0
21460,6.125094563,0.0,28.217529498,0.0
21461,6.125094563,0.0,8.127332825,0.0
21462,6.125094563,0.0,23.004257875,0.0
21463,6.125094563,0.0,13.188256381,0.0
21464,6.125094563,0.0,5.810539423,0.0
21465,6.125094563,0.0,166.229730993,0.0
21466,6.125094563,0.0,6.866216929,0.0
21467,6.125094563,0.0,55.798294359,0.0
21468,6.125094563,0.0,60.547022425,0.0
21469,6.125094563,0.0,10.526478734,0.0
21470,8.854304242,0.0,28.217529498,0.0
21471,7.469166361,1.0,4.678165374,1.0
21472,7.469166361,1.0,5.068988668,1.0
21473,7.469166361,1.0,4.773145152,1.0
21474,7.469166361,1.0,5.814209188,1.0
21475,7.469166361,1.0,3.855461904,1.0
21476,7.469166361,1.0,5.97652199,1.0
21477,7.469166361,1.0,14.040953069,1.0
21478,7.469166361,1.0,4.513045268,1.0
21479,7.469166361,1.0,3.73091468,1.0
21480,7.469166361,1.0,10.9074083,1.0
21481,7.469166361,1.0,3.00079294,1.0
21482,7.469166361,1.0,6.903729822,1.0
21483,7.469166361,1.0,7.659051738,1.0
21484,7.469166361,1.0,8.107437704,1.0
21485,7.469166361,1.0,112.099655851,1.0
21486,7.469166361,1.0,3.581472819,1.0
21487,7.469166361,1.0,15.293129274,1.0
21488,7.469166361,1.0,21.17309223,1.0
21489,7.950666232,1.0,4.678165374,1.0
21490,7.950666232,1.0,5.814209188,1.0
21491,7.950666232,1.0,7.165161717,1.0
21492,7.950666232,1.0,19.806237448,1.0
21493,7.950666232,1.0,5.97652199,1.0
21494,7.950666232,1.0,14.040953069,1.0
21495,7.950666232,1.0,7.469166361,1.0
21496,7.950666232,1.0,4.513045268,1.0
21497,7.950666232,1.0,6.903729822,1.0
21498,7.950666232,1.0,10.079968615,1.0
21499,7.950666232,1.0,0.2801905995,1.0
21500,7.950666232,1.0,26.111237618,1.0
21501,7.950666232,1.0,14.597938965,1.0
21502,2.430209341,0.0,4.678165374,1.0
21503,2.430209341,0.0,73.678253805,0.0
21504,2.430209341,0.0,2.649064229,1.0
21505,2.430209341,0.0,7.228822587,1.0
21506,2.430209341,0.0,4.995556646,1.0
21507,2.430209341,0.0,11.45702789,0.0
21508,2.430209341,0.0,8.791860278,0.0
21509,2.430209341,0.0,14.212982833,0.0
21510,2.430209341,0.0,57.196357044,0.0
21511,2.430209341,0.0,6.288663898,0.0
21512,2.430209341,0.0,21.195495867,0.0
21513,2.430209341,0.0,7.885392656,0.0
21514,2.430209341,0.0,9.948752647,0.0
21515,2.430209341,0.0,5.511438681,0.0
21516,2.430209341,0.0,17.99554838,0.0
21517,2.430209341,0.0,26.621552508,0.0
21518,2.430209341,0.0,22.969963088,0.0
21519,2.430209341,0.0,25.084860848,0.0
21520,2.430209341,0.0,16.525821364,0.0
21521,2.430209341,0.0,26.853872834,0.0
21522,2.430209341,0.0,24.466421136,0.0
21523,2.430209341,0.0,5.276379252,0.0
21524,2.430209341,0.0,4.68757824,0.0
21525,2.430209341,0.0,7.12999787,0.0
21526,2.430209341,0.0,8.364312963,0.0
21527,2.430209341,0.0,7.989855372,0.0
21528,2.430209341,0.0,20.918539645,0.0
21529,2.430209341,0.0,5.051028054,0.0
21530,2.430209341,0.0,1.793332891,1.0
21531,2.430209341,0.0,0.4899681687,0.0
21532,2.430209341,0.0,6.825253381,0.0
21533,2.430209341,0.0,1.358287671,0.0
21534,2.430209341,0.0,8.332959718,0.0
21535,2.430209341,0.0,10.170720446,0.0
21536,0.2598520271,1.0,7.41032757,1.0
21537,5.704906479,1.0,7.41032757,1.0
21538,5.704906479,1.0,12.835121545,1.0
21539,6.254853155,1.0,7.41032757,1.0
21540,6.254853155,1.0,5.292400948,1.0
21541,6.254853155,1.0,1.380324536,1.0
21542,6.254853155,1.0,19.806237448,1.0
21543,6.254853155,1.0,4.137506743,1.0
21544,6.254853155,1.0,18.00089822,1.0
21545,6.254853155,1.0,7.076362169,1.0
21546,6.254853155,1.0,13.574966657,1.0
21547,6.254853155,1.0,10.861725655,1.0
21548,6.254853155,1.0,6.963512648,1.0
21549,6.254853155,1.0,4.491154076,1.0
21550,6.254853155,1.0,10.198167248,1.0
21551,232.517399349,0.0,168.492426194,0.0
21552,232.517399349,0.0,662.044333645,0.0
21553,232.517399349,0.0,584.277713263,0.0
21554,7.568102755,0.0,58.498875788,0.0
21555,7.568102755,0.0,31.661805224,0.0
21556,7.568102755,0.0,31.521577885,0.0
21557,31.521577885,0.0,58.498875788,0.0
21558,31.521577885,0.0,7.568102755,0.0
21559,31.521577885,0.0,31.661805224,0.0
21560,31.521577885,0.0,20.134134921,0.0
21561,31.521577885,0.0,54.060981584,0.0
21562,31.521577885,0.0,38.349900884,0.0
21563,31.521577885,0.0,1.890130271,0.0
21564,31.521577885,0.0,76.793154575,0.0
21565,31.521577885,0.0,19.342250336,0.0
21566,20.134134921,0.0,58.498875788,0.0
21567,20.134134921,0.0,31.661805224,0.0
21568,20.134134921,0.0,31.521577885,0.0
21569,20.134134921,0.0,54.060981584,0.0
21570,20.134134921,0.0,38.349900884,0.0
21571,20.134134921,0.0,1.890130271,0.0
21572,20.134134921,0.0,38.140135476,0.0
21573,88.018188846,0.0,58.498875788,0.0
21574,20.196953428,0.0,31.661805224,0.0
21575,20.196953428,0.0,38.349900884,0.0
21576,20.196953428,0.0,76.793154575,0.0
21577,20.196953428,0.0,3.233513664,0.0
21578,20.196953428,0.0,40.285760316,0.0
21579,20.196953428,0.0,32.024145794,0.0
21580,20.196953428,0.0,59.476776908,0.0
21581,20.196953428,0.0,62.849681791,0.0
21582,19.342250336,0.0,31.521577885,0.0
21583,19.342250336,0.0,2.463996652,0.0
21584,7.811655997,0.0,31.521577885,0.0
21585,7.811655997,0.0,11.33629242,0.0
21586,7.811655997,0.0,3.233513664,0.0
21587,7.811655997,0.0,4.109453882,0.0
21588,7.811655997,0.0,9.52561857,0.0
21589,6.450949175,0.0,20.134134921,0.0
21590,6.450949175,0.0,54.060981584,0.0
21591,6.450949175,0.0,15.587565804,0.0
21592,6.450949175,0.0,2.411249279,0.0
21593,6.450949175,0.0,6.092862443,0.0
21594,6.450949175,0.0,4.109453882,0.0
21595,6.450949175,0.0,6.201315528,0.0
21596,3.371927239,0.0,54.060981584,0.0
21597,3.371927239,0.0,15.587565804,0.0
21598,3.371927239,0.0,9.332965559,0.0
21599,16.145555989,0.0,54.060981584,0.0
21600,16.145555989,0.0,11.880284756,0.0
21601,16.145555989,0.0,10.097082761,0.0
21602,16.145555989,0.0,5.45868123,0.0
21603,16.145555989,0.0,4.596529154,0.0
21604,4.109453882,0.0,38.349900884,0.0
21605,4.109453882,0.0,15.587565804,0.0
21606,4.109453882,0.0,10.266351127,0.0
21607,4.109453882,0.0,59.476776908,0.0
21608,4.109453882,0.0,6.450949175,0.0
21609,4.109453882,0.0,9.52561857,0.0
21610,14.761303187,0.0,25.448562517,0.0
21611,14.761303187,0.0,32.512744515,0.0
21612,22.835871871,0.0,25.448562517,0.0
21613,9.347416777,0.0,29.66574588,0.0
21614,9.347416777,0.0,3.942755676,0.0
21615,9.347416777,0.0,13.671251512,0.0
21616,9.347416777,0.0,12.294504591,0.0
21617,9.567472154,0.0,28.8446437,0.0
21618,9.567472154,0.0,166.229730993,0.0
21619,15.921927233,0.0,3.793613388,0.0
21620,15.921927233,0.0,13.463816358,0.0
21621,14.773132849,0.0,13.248713101,0.0
21622,14.773132849,0.0,57.306429812,0.0
21623,14.773132849,0.0,41.586679644,0.0
21624,14.773132849,0.0,9.236775305,0.0
21625,14.773132849,0.0,20.12950993,0.0
21626,25.361404636,0.0,19.860000042,0.0
21627,25.361404636,0.0,63.638655974,0.0
21628,25.361404636,0.0,38.950111199,0.0
21629,25.361404636,0.0,26.951913011,0.0
21630,25.361404636,0.0,13.352047978,0.0
21631,5.564357532,0.0,50.495419242,0.0
21632,3.646079736,0.0,0.1237617742,0.0
21633,3.646079736,0.0,17.029304851,0.0
21634,3.646079736,0.0,15.731819137,0.0
21635,0.1237617742,0.0,17.029304851,0.0
21636,17.029304851,0.0,3.646079736,0.0
21637,17.029304851,0.0,8.825953266,0.0
21638,17.029304851,0.0,10.937040822,0.0
21639,3.942755676,0.0,13.671251512,0.0
21640,58.299626878,0.0,13.671251512,0.0
21641,58.299626878,0.0,21.17113458,0.0
21642,10.01233141,0.0,13.671251512,0.0
21643,10.01233141,0.0,5.707759977,0.0
21644,10.01233141,0.0,4.042935197,0.0
21645,10.01233141,0.0,4.183351832,0.0
21646,10.01233141,0.0,233.692864157,0.0
21647,10.01233141,0.0,16.860865597,0.0
21648,12.294504591,0.0,13.671251512,0.0
21649,12.294504591,0.0,41.586679644,0.0
21650,7.994288181,0.0,20.265692084,0.0
21651,7.994288181,0.0,10.005926663,0.0
21652,10.321111206,0.0,15.92488598,0.0
21653,10.321111206,0.0,17.926035137,0.0
21654,10.321111206,0.0,9.026330067,0.0
21655,10.321111206,0.0,166.229730993,0.0
21656,10.321111206,0.0,38.884839197,0.0
21657,10.321111206,0.0,16.860865597,0.0
21658,8.892842635,0.0,16.174970412,0.0
21659,2.643690724,0.0,6.182939494,0.0
21660,2.643690724,0.0,17.926035137,0.0
21661,2.643690724,0.0,11.605803568,0.0
21662,2.643690724,0.0,9.236775305,0.0
21663,2.643690724,0.0,11.111467247,0.0
21664,2.643690724,0.0,2.747009708,0.0
21665,2.643690724,0.0,15.731819137,0.0
21666,2.643690724,0.0,10.526478734,0.0
21667,6.106645451,0.0,16.287463056,0.0
21668,8.272918855,0.0,17.926035137,0.0
21669,11.802286831,0.0,17.926035137,0.0
21670,11.802286831,0.0,14.773132849,0.0
21671,11.802286831,0.0,41.586679644,0.0
21672,11.802286831,0.0,17.167266676,0.0
21673,11.802286831,0.0,20.478210038,0.0
21674,11.802286831,0.0,21.4673368,0.0
21675,11.802286831,0.0,5.308263725,0.0
21676,11.802286831,0.0,9.807544254,0.0
21677,11.802286831,0.0,11.223514879,0.0
21678,9.405131629,0.0,17.926035137,0.0
21679,9.405131629,0.0,9.807544254,0.0
21680,9.405131629,0.0,1.263600825,0.0
21681,9.723321295,0.0,17.926035137,0.0
21682,9.723321295,0.0,10.545807272,0.0
21683,9.723321295,0.0,26.67006964,0.0
21684,9.723321295,0.0,12.11319811,0.0
21685,9.723321295,0.0,21.4673368,0.0
21686,9.723321295,0.0,13.387590061,0.0
21687,9.723321295,0.0,25.471798052,0.0
21688,9.723321295,0.0,69.232611588,0.0
21689,9.723321295,0.0,17.030533555,0.0
21690,9.723321295,0.0,35.296213123,0.0
21691,9.723321295,0.0,6.3921964,0.0
21692,9.723321295,0.0,9.806029991,0.0
21693,4.042935197,0.0,10.01233141,0.0
21694,4.042935197,0.0,5.707759977,0.0
21695,4.042935197,0.0,50.729691391,0.0
21696,4.042935197,0.0,39.625253586,0.0
21697,4.082622936,0.0,10.01233141,0.0
21698,4.082622936,0.0,4.042935197,0.0
21699,4.082622936,0.0,63.666383596,0.0
21700,9.070312157,0.0,10.01233141,0.0
21701,9.070312157,0.0,5.707759977,0.0
21702,9.070312157,0.0,4.042935197,0.0
21703,9.070312157,0.0,2.513608734,0.0
21704,32.749514866,0.0,10.01233141,0.0
21705,32.749514866,0.0,63.666383596,0.0
21706,32.749514866,0.0,16.752237199,0.0
21707,32.749514866,0.0,24.747524022,0.0
21708,32.749514866,0.0,5.994541125,0.0
21709,32.749514866,0.0,11.111467247,0.0
21710,32.749514866,0.0,9.070312157,0.0
21711,20.265692084,0.0,5.707759977,0.0
21712,20.265692084,0.0,38.950111199,0.0
21713,2.513608734,0.0,4.082622936,0.0
21714,2.807714948,0.0,4.183351832,0.0
21715,2.807714948,0.0,2.66868618,0.0
21716,9.048977587,0.0,57.306429812,0.0
21717,9.048977587,0.0,32.749514866,0.0
21718,40.215970713,0.0,16.752237199,0.0
21719,57.306429812,0.0,41.586679644,0.0
21720,57.306429812,0.0,32.749514866,0.0
21721,57.306429812,0.0,6.866216929,0.0
21722,57.306429812,0.0,15.245224461,0.0
21723,57.306429812,0.0,10.566632909,0.0
21724,8.021045432,0.0,8.195639278,0.0
21725,12.978928314,0.0,13.897177181,0.0
21726,12.978928314,0.0,12.509848057,0.0
21727,16.287463056,0.0,24.747524022,0.0
21728,16.287463056,0.0,9.026330067,0.0
21729,16.287463056,0.0,2.747009708,0.0
21730,13.060415693,0.0,7.386126656,0.0
21731,13.060415693,0.0,5.398148252,0.0
21732,13.060415693,0.0,37.446974395,0.0
21733,5.398148252,0.0,7.386126656,0.0
21734,5.398148252,0.0,25.282307688,0.0
21735,5.995095603,0.0,12.036123327,0.0
21736,5.995095603,0.0,10.278703297,0.0
21737,5.995095603,0.0,6.783354446,0.0
21738,5.995095603,0.0,8.149810633,0.0
21739,5.995095603,0.0,16.065606367,0.0
21740,21.17113458,0.0,10.005926663,0.0
21741,9.453768707,0.0,9.236775305,0.0
21742,33.742370929,0.0,7.994288181,0.0
21743,33.742370929,0.0,11.111467247,0.0
21744,10.487097177,0.0,9.347416777,0.0
21745,5.308263725,0.0,5.876945072,0.0
21746,5.308263725,0.0,25.471798052,0.0
21747,5.308263725,0.0,14.129269059,0.0
21748,16.492647692,0.0,26.964553761,0.0
21749,16.492647692,0.0,63.638655974,0.0
21750,81.191995969,0.0,12.791144486,0.0
21751,13.925386337,0.0,24.870561513,0.0
21752,23.987825038,0.0,4.149862316,0.0
21753,23.987825038,0.0,2.747009708,0.0
21754,14.7844653,0.0,63.638655974,0.0
21755,14.7844653,0.0,3.826735763,0.0
21756,10.297864709,0.0,63.638655974,0.0
21757,10.297864709,0.0,5.083767503,0.0
21758,10.297864709,0.0,149.102088463,0.0
21759,14.723673279,0.0,63.638655974,0.0
21760,14.723673279,0.0,9.931126983,0.0
21761,9.931126983,0.0,63.638655974,0.0
21762,10.753671037,0.0,63.638655974,0.0
21763,10.753671037,0.0,5.083767503,0.0
21764,10.753671037,0.0,149.102088463,0.0
21765,10.753671037,0.0,69.232611588,0.0
21766,2.571804556,1.0,2.119665992,1.0
21767,2.571804556,1.0,6.208678509,1.0
21768,7.332344835,0.0,4.294587024,0.0
21769,9.636824939,1.0,4.134774924,1.0
21770,9.636824939,1.0,19.806237448,1.0
21771,6.066736314,1.0,3.697724209,1.0
21772,6.066736314,1.0,3.724726563,1.0
21773,8.220136575,1.0,6.604095251,1.0
21774,8.220136575,1.0,2.723603912,0.0
21775,11.45702789,0.0,73.678253805,0.0
21776,11.45702789,0.0,2.430209341,0.0
21777,11.45702789,0.0,57.196357044,0.0
21778,11.45702789,0.0,6.288663898,0.0
21779,11.45702789,0.0,21.195495867,0.0
21780,11.45702789,0.0,17.99554838,0.0
21781,11.45702789,0.0,26.621552508,0.0
21782,11.45702789,0.0,25.084860848,0.0
21783,11.45702789,0.0,16.525821364,0.0
21784,11.45702789,0.0,26.853872834,0.0
21785,11.45702789,0.0,5.276379252,0.0
21786,14.212982833,0.0,73.678253805,0.0
21787,14.212982833,0.0,4.004822702,0.0
21788,14.212982833,0.0,15.453245152,0.0
21789,14.212982833,0.0,2.430209341,0.0
21790,14.212982833,0.0,57.196357044,0.0
21791,14.212982833,0.0,6.288663898,0.0
21792,14.212982833,0.0,21.195495867,0.0
21793,14.212982833,0.0,4.711466608,0.0
21794,14.212982833,0.0,7.885392656,0.0
21795,14.212982833,0.0,9.948752647,0.0
21796,14.212982833,0.0,5.511438681,0.0
21797,14.212982833,0.0,5.318157598,0.0
21798,14.212982833,0.0,17.99554838,0.0
21799,14.212982833,0.0,26.621552508,0.0
21800,14.212982833,0.0,22.969963088,0.0
21801,14.212982833,0.0,25.084860848,0.0
21802,14.212982833,0.0,16.525821364,0.0
21803,14.212982833,0.0,26.853872834,0.0
21804,14.212982833,0.0,24.466421136,0.0
21805,14.212982833,0.0,8.364312963,0.0
21806,14.212982833,0.0,2.967376708,0.0
21807,14.212982833,0.0,5.051028054,0.0
21808,14.212982833,0.0,10.639342998,0.0
21809,14.212982833,0.0,6.825253381,0.0
21810,14.212982833,0.0,1.358287671,0.0
21811,14.212982833,0.0,3.021146021,0.0
21812,14.212982833,0.0,6.319002241,0.0
21813,14.212982833,0.0,10.170720446,0.0
21814,14.212982833,0.0,68.664609207,0.0
21815,6.288663898,0.0,73.678253805,0.0
21816,6.288663898,0.0,1.807864563,1.0
21817,6.288663898,0.0,2.430209341,0.0
21818,6.288663898,0.0,14.212982833,0.0
21819,6.288663898,0.0,57.196357044,0.0
21820,6.288663898,0.0,21.195495867,0.0
21821,6.288663898,0.0,4.711466608,0.0
21822,6.288663898,0.0,7.885392656,0.0
21823,6.288663898,0.0,5.511438681,0.0
21824,6.288663898,0.0,26.621552508,0.0
21825,6.288663898,0.0,22.969963088,0.0
21826,6.288663898,0.0,25.084860848,0.0
21827,6.288663898,0.0,16.525821364,0.0
21828,6.288663898,0.0,26.853872834,0.0
21829,6.288663898,0.0,24.466421136,0.0
21830,6.288663898,0.0,5.276379252,0.0
21831,6.288663898,0.0,7.12999787,0.0
21832,6.288663898,0.0,8.364312963,0.0
21833,6.288663898,0.0,10.744893785,0.0
21834,6.288663898,0.0,5.051028054,0.0
21835,6.288663898,0.0,1.358287671,0.0
21836,6.288663898,0.0,8.332959718,0.0
21837,6.288663898,0.0,10.170720446,0.0
21838,21.195495867,0.0,73.678253805,0.0
21839,21.195495867,0.0,2.430209341,0.0
21840,21.195495867,0.0,11.45702789,0.0
21841,21.195495867,0.0,14.212982833,0.0
21842,21.195495867,0.0,57.196357044,0.0
21843,21.195495867,0.0,6.288663898,0.0
21844,21.195495867,0.0,4.711466608,0.0
21845,21.195495867,0.0,7.885392656,0.0
21846,21.195495867,0.0,9.948752647,0.0
21847,21.195495867,0.0,17.99554838,0.0
21848,21.195495867,0.0,26.621552508,0.0
21849,21.195495867,0.0,22.969963088,0.0
21850,21.195495867,0.0,25.084860848,0.0
21851,21.195495867,0.0,16.525821364,0.0
21852,21.195495867,0.0,26.853872834,0.0
21853,21.195495867,0.0,24.466421136,0.0
21854,21.195495867,0.0,6.825253381,0.0
21855,21.195495867,0.0,10.170720446,0.0
21856,4.711466608,0.0,73.678253805,0.0
21857,4.711466608,0.0,2.430209341,0.0
21858,4.711466608,0.0,14.212982833,0.0
21859,4.711466608,0.0,57.196357044,0.0
21860,4.711466608,0.0,21.195495867,0.0
21861,4.711466608,0.0,7.885392656,0.0
21862,4.711466608,0.0,9.948752647,0.0
21863,4.711466608,0.0,5.511438681,0.0
21864,4.711466608,0.0,5.318157598,0.0
21865,4.711466608,0.0,26.621552508,0.0
21866,4.711466608,0.0,22.969963088,0.0
21867,4.711466608,0.0,25.084860848,0.0
21868,4.711466608,0.0,26.853872834,0.0
21869,4.711466608,0.0,24.466421136,0.0
21870,4.711466608,0.0,4.68757824,0.0
21871,4.711466608,0.0,6.825253381,0.0
21872,7.885392656,0.0,73.678253805,0.0
21873,7.885392656,0.0,5.722009525,0.0
21874,7.885392656,0.0,2.430209341,0.0
21875,7.885392656,0.0,11.45702789,0.0
21876,7.885392656,0.0,8.791860278,0.0
21877,7.885392656,0.0,14.212982833,0.0
21878,7.885392656,0.0,57.196357044,0.0
21879,7.885392656,0.0,6.288663898,0.0
21880,7.885392656,0.0,21.195495867,0.0
21881,7.885392656,0.0,4.711466608,0.0
21882,7.885392656,0.0,9.948752647,0.0
21883,7.885392656,0.0,5.318157598,0.0
21884,7.885392656,0.0,17.99554838,0.0
21885,7.885392656,0.0,26.621552508,0.0
21886,7.885392656,0.0,22.969963088,0.0
21887,7.885392656,0.0,25.084860848,0.0
21888,7.885392656,0.0,16.525821364,0.0
21889,7.885392656,0.0,26.853872834,0.0
21890,7.885392656,0.0,24.466421136,0.0
21891,7.885392656,0.0,8.364312963,0.0
21892,7.885392656,0.0,5.051028054,0.0
21893,7.885392656,0.0,6.825253381,0.0
21894,7.885392656,0.0,8.332959718,0.0
21895,7.885392656,0.0,10.170720446,0.0
21896,5.511438681,0.0,73.678253805,0.0
21897,5.511438681,0.0,20.418653862,1.0
21898,5.511438681,0.0,2.430209341,0.0
21899,5.511438681,0.0,14.212982833,0.0
21900,5.511438681,0.0,57.196357044,0.0
21901,5.511438681,0.0,21.195495867,0.0
21902,5.511438681,0.0,9.948752647,0.0
21903,5.511438681,0.0,5.318157598,0.0
21904,5.511438681,0.0,26.621552508,0.0
21905,5.511438681,0.0,22.969963088,0.0
21906,5.511438681,0.0,26.853872834,0.0
21907,5.511438681,0.0,24.466421136,0.0
21908,5.511438681,0.0,10.170720446,0.0
21909,5.318157598,0.0,73.678253805,0.0
21910,5.318157598,0.0,2.430209341,0.0
21911,5.318157598,0.0,14.212982833,0.0
21912,5.318157598,0.0,57.196357044,0.0
21913,5.318157598,0.0,4.711466608,0.0
21914,5.318157598,0.0,9.948752647,0.0
21915,5.318157598,0.0,5.511438681,0.0
21916,5.318157598,0.0,22.969963088,0.0
21917,5.318157598,0.0,25.084860848,0.0
21918,5.318157598,0.0,26.853872834,0.0
21919,5.318157598,0.0,24.466421136,0.0
21920,22.969963088,0.0,73.678253805,0.0
21921,22.969963088,0.0,4.004822702,0.0
21922,22.969963088,0.0,2.430209341,0.0
21923,22.969963088,0.0,11.45702789,0.0
21924,22.969963088,0.0,14.212982833,0.0
21925,22.969963088,0.0,57.196357044,0.0
21926,22.969963088,0.0,6.288663898,0.0
21927,22.969963088,0.0,21.195495867,0.0
21928,22.969963088,0.0,7.885392656,0.0
21929,22.969963088,0.0,17.99554838,0.0
21930,22.969963088,0.0,26.621552508,0.0
21931,22.969963088,0.0,25.084860848,0.0
21932,22.969963088,0.0,16.525821364,0.0
21933,22.969963088,0.0,26.853872834,0.0
21934,22.969963088,0.0,24.466421136,0.0
21935,22.969963088,0.0,7.12999787,0.0
21936,22.969963088,0.0,2.989247699,0.0
21937,22.969963088,0.0,5.051028054,0.0
21938,22.969963088,0.0,60.547022425,0.0
21939,22.969963088,0.0,6.825253381,0.0
21940,22.969963088,0.0,10.170720446,0.0
21941,24.466421136,0.0,73.678253805,0.0
21942,24.466421136,0.0,8.573559835,0.0
21943,24.466421136,0.0,2.430209341,0.0
21944,24.466421136,0.0,11.45702789,0.0
21945,24.466421136,0.0,8.791860278,0.0
21946,24.466421136,0.0,14.212982833,0.0
21947,24.466421136,0.0,57.196357044,0.0
21948,24.466421136,0.0,6.288663898,0.0
21949,24.466421136,0.0,21.195495867,0.0
21950,24.466421136,0.0,4.711466608,0.0
21951,24.466421136,0.0,7.885392656,0.0
21952,24.466421136,0.0,9.948752647,0.0
21953,24.466421136,0.0,17.99554838,0.0
21954,24.466421136,0.0,26.621552508,0.0
21955,24.466421136,0.0,22.969963088,0.0
21956,24.466421136,0.0,25.084860848,0.0
21957,24.466421136,0.0,16.525821364,0.0
21958,24.466421136,0.0,26.853872834,0.0
21959,24.466421136,0.0,7.12999787,0.0
21960,24.466421136,0.0,8.364312963,0.0
21961,24.466421136,0.0,8.580112819,0.0
21962,24.466421136,0.0,5.051028054,0.0
21963,24.466421136,0.0,6.825253381,0.0
21964,24.466421136,0.0,8.332959718,0.0
21965,24.466421136,0.0,68.664609207,0.0
21966,5.276379252,0.0,73.678253805,0.0
21967,5.276379252,0.0,2.430209341,0.0
21968,5.276379252,0.0,11.45702789,0.0
21969,5.276379252,0.0,8.791860278,0.0
21970,5.276379252,0.0,57.196357044,0.0
21971,5.276379252,0.0,7.885392656,0.0
21972,5.276379252,0.0,17.99554838,0.0
21973,5.276379252,0.0,26.621552508,0.0
21974,5.276379252,0.0,26.853872834,0.0
21975,5.276379252,0.0,4.68757824,0.0
21976,5.276379252,0.0,8.364312963,0.0
21977,4.68757824,0.0,73.678253805,0.0
21978,4.68757824,0.0,8.791860278,0.0
21979,4.68757824,0.0,14.212982833,0.0
21980,4.68757824,0.0,4.711466608,0.0
21981,4.68757824,0.0,26.621552508,0.0
21982,4.68757824,0.0,5.276379252,0.0
21983,4.68757824,0.0,5.051028054,0.0
21984,7.12999787,0.0,73.678253805,0.0
21985,7.12999787,0.0,2.430209341,0.0
21986,7.12999787,0.0,8.791860278,0.0
21987,7.12999787,0.0,57.196357044,0.0
21988,7.12999787,0.0,6.288663898,0.0
21989,7.12999787,0.0,9.948752647,0.0
21990,7.12999787,0.0,17.99554838,0.0
21991,7.12999787,0.0,26.621552508,0.0
21992,7.12999787,0.0,22.969963088,0.0
21993,7.12999787,0.0,26.853872834,0.0
21994,7.12999787,0.0,24.466421136,0.0
21995,7.12999787,0.0,5.276379252,0.0
21996,7.12999787,0.0,8.364312963,0.0
21997,7.12999787,0.0,20.918539645,0.0
21998,7.12999787,0.0,5.051028054,0.0
21999,7.12999787,0.0,6.825253381,0.0
22000,8.364312963,0.0,73.678253805,0.0
22001,8.364312963,0.0,2.430209341,0.0
22002,8.364312963,0.0,8.791860278,0.0
22003,8.364312963,0.0,14.212982833,0.0
22004,8.364312963,0.0,57.196357044,0.0
22005,8.364312963,0.0,6.288663898,0.0
22006,8.364312963,0.0,7.885392656,0.0
22007,8.364312963,0.0,9.948752647,0.0
22008,8.364312963,0.0,5.511438681,0.0
22009,8.364312963,0.0,17.99554838,0.0
22010,8.364312963,0.0,26.621552508,0.0
22011,8.364312963,0.0,25.084860848,0.0
22012,8.364312963,0.0,16.525821364,0.0
22013,8.364312963,0.0,26.853872834,0.0
22014,8.364312963,0.0,24.466421136,0.0
22015,8.364312963,0.0,5.276379252,0.0
22016,8.364312963,0.0,7.12999787,0.0
22017,8.364312963,0.0,5.051028054,0.0
22018,8.364312963,0.0,6.825253381,0.0
22019,8.364312963,0.0,8.332959718,0.0
22020,20.918539645,0.0,73.678253805,0.0
22021,20.918539645,0.0,2.430209341,0.0
22022,20.918539645,0.0,11.45702789,0.0
22023,20.918539645,0.0,57.196357044,0.0
22024,20.918539645,0.0,6.288663898,0.0
22025,20.918539645,0.0,21.195495867,0.0
22026,20.918539645,0.0,17.99554838,0.0
22027,20.918539645,0.0,22.969963088,0.0
22028,20.918539645,0.0,16.525821364,0.0
22029,20.918539645,0.0,26.853872834,0.0
22030,20.918539645,0.0,24.466421136,0.0
22031,20.918539645,0.0,7.12999787,0.0
22032,20.918539645,0.0,0.04549484647,0.0
22033,0.04549484647,0.0,73.678253805,0.0
22034,0.04549484647,0.0,17.99554838,0.0
22035,5.051028054,0.0,73.678253805,0.0
22036,5.051028054,0.0,7.048802068,0.0
22037,5.051028054,0.0,1.706916885,0.0
22038,5.051028054,0.0,2.430209341,0.0
22039,5.051028054,0.0,8.791860278,0.0
22040,5.051028054,0.0,14.212982833,0.0
22041,5.051028054,0.0,57.196357044,0.0
22042,5.051028054,0.0,6.288663898,0.0
22043,5.051028054,0.0,21.195495867,0.0
22044,5.051028054,0.0,4.711466608,0.0
22045,5.051028054,0.0,7.885392656,0.0
22046,5.051028054,0.0,17.99554838,0.0
22047,5.051028054,0.0,26.621552508,0.0
22048,5.051028054,0.0,22.969963088,0.0
22049,5.051028054,0.0,16.525821364,0.0
22050,5.051028054,0.0,26.853872834,0.0
22051,5.051028054,0.0,24.466421136,0.0
22052,5.051028054,0.0,7.989855372,0.0
22053,5.051028054,0.0,6.825253381,0.0
22054,5.051028054,0.0,10.170720446,0.0
22055,1.358287671,0.0,73.678253805,0.0
22056,1.358287671,0.0,8.791860278,0.0
22057,1.358287671,0.0,14.212982833,0.0
22058,1.358287671,0.0,7.885392656,0.0
22059,1.358287671,0.0,5.318157598,0.0
22060,1.358287671,0.0,22.969963088,0.0
22061,1.358287671,0.0,26.853872834,0.0
22062,1.358287671,0.0,24.466421136,0.0
22063,1.358287671,0.0,8.364312963,0.0
22064,1.358287671,0.0,5.051028054,0.0
22065,1.358287671,0.0,6.825253381,0.0
22066,1.358287671,0.0,10.170720446,0.0
22067,8.332959718,0.0,73.678253805,0.0
22068,8.332959718,0.0,2.430209341,0.0
22069,8.332959718,0.0,57.196357044,0.0
22070,8.332959718,0.0,17.99554838,0.0
22071,8.332959718,0.0,26.621552508,0.0
22072,8.332959718,0.0,25.084860848,0.0
22073,8.332959718,0.0,26.853872834,0.0
22074,8.332959718,0.0,7.12999787,0.0
22075,3.021146021,0.0,73.678253805,0.0
22076,3.021146021,0.0,1.906842655,0.0
22077,3.021146021,0.0,7.989855372,0.0
22078,3.021146021,0.0,10.744893785,0.0
22079,6.319002241,0.0,73.678253805,0.0
22080,6.319002241,0.0,21.195495867,0.0
22081,6.319002241,0.0,2.962675292,0.0
22082,68.664609207,0.0,73.678253805,0.0
22083,68.664609207,0.0,57.196357044,0.0
22084,68.664609207,0.0,8.332959718,0.0
22085,1.366061353,0.0,233.692864157,0.0
22086,1.366061353,0.0,3.596921707,0.0
22087,137.59031023,0.0,233.692864157,0.0
22088,137.59031023,0.0,1.535356158,0.0
22089,137.59031023,0.0,9.699717463,0.0
22090,137.59031023,0.0,6.064148262,0.0
22091,137.59031023,0.0,2.712361823,0.0
22092,137.59031023,0.0,1.366061353,0.0
22093,137.59031023,0.0,203.537458695,0.0
22094,137.59031023,0.0,77.84684047,0.0
22095,137.59031023,0.0,0.3839085201,0.0
22096,3.387231973,1.0,25.388131117,0.0
22097,3.387231973,1.0,30.150731299,1.0
22098,5.526283878,0.0,25.388131117,0.0
22099,5.526283878,0.0,5.943829326,0.0
22100,5.526283878,0.0,76.190513876,0.0
22101,5.526283878,0.0,35.374851173,0.0
22102,5.526283878,0.0,11.035484247,0.0
22103,5.526283878,0.0,12.564957342,0.0
22104,5.526283878,0.0,13.197508504,0.0
22105,5.526283878,0.0,20.051027715,0.0
22106,5.526283878,0.0,7.011299058,0.0
22107,5.526283878,0.0,10.51791993,0.0
22108,0.2163006742,0.0,5.810539423,0.0
22109,0.2163006742,0.0,26.951913011,0.0
22110,10.366663745,0.0,5.810539423,0.0
22111,5.103967695,0.0,4.453474372,0.0
22112,5.103967695,0.0,13.40154723,0.0
22113,5.103967695,0.0,35.296213123,0.0
22114,17.876453769,0.0,3.530931163,0.0
22115,5.778618585,0.0,10.545807272,0.0
22116,5.778618585,0.0,19.802798823,0.0
22117,5.778618585,0.0,21.4673368,0.0
22118,5.778618585,0.0,25.471798052,0.0
22119,5.778618585,0.0,13.40154723,0.0
22120,5.778618585,0.0,17.030533555,0.0
22121,5.778618585,0.0,6.3921964,0.0
22122,15.358209338,0.0,39.186740427,0.0
22123,15.358209338,0.0,17.635672416,0.0
22124,15.358209338,0.0,13.387590061,0.0
22125,15.358209338,0.0,55.798294359,0.0
22126,1.153597602,0.0,39.186740427,0.0
22127,1.153597602,0.0,76.190513876,0.0
22128,1.153597602,0.0,6.29389923,0.0
22129,1.153597602,0.0,13.40154723,0.0
22130,1.153597602,0.0,7.574758381,0.0
22131,5.701306421,0.0,87.232541053,0.0
22132,5.701306421,0.0,27.455093588,0.0
22133,7.781751739,0.0,18.425664971,0.0
22134,7.781751739,0.0,2.300585081,0.0
22135,6.160199667,0.0,76.190513876,0.0
22136,4.449113565,1.0,4.818425218,1.0
22137,4.449113565,1.0,8.599022846,1.0
22138,4.449113565,1.0,9.903488889,1.0
22139,4.449113565,1.0,18.996217281,1.0
22140,4.449113565,1.0,9.082305407,1.0
22141,4.449113565,1.0,9.71155112,1.0
22142,4.449113565,1.0,3.560045955,1.0
22143,4.449113565,1.0,4.172027313,1.0
22144,4.449113565,1.0,5.800114647,1.0
22145,4.449113565,1.0,7.750732528,1.0
22146,4.449113565,1.0,4.777806825,1.0
22147,4.449113565,1.0,3.738174695,1.0
22148,4.449113565,1.0,9.264678249,1.0
22149,4.449113565,1.0,3.764193323,1.0
22150,4.449113565,1.0,5.648012104,1.0
22151,4.449113565,1.0,6.52281174,1.0
22152,4.449113565,1.0,10.487538393,1.0
22153,4.449113565,1.0,5.219724345,1.0
22154,4.449113565,1.0,12.023650799,1.0
22155,15.722078037,1.0,5.173046124,1.0
22156,15.722078037,1.0,11.809729744,1.0
22157,15.722078037,1.0,18.996217281,1.0
22158,15.722078037,1.0,20.418653862,1.0
22159,15.722078037,1.0,18.00089822,1.0
22160,15.722078037,1.0,4.140323188,1.0
22161,0.2801905995,1.0,2.497470498,1.0
22162,0.2801905995,1.0,8.078335378,1.0
22163,0.2801905995,1.0,8.599022846,1.0
22164,0.2801905995,1.0,23.390458917,1.0
22165,0.2801905995,1.0,10.006734416,1.0
22166,0.2801905995,1.0,7.135698552,1.0
22167,0.2801905995,1.0,7.888433382,1.0
22168,8.167662077,0.0,1.173436015,1.0
22169,12.138693201,1.0,1.173436015,1.0
22170,15.615168391,0.0,101.854391435,0.0
22171,3.826735763,0.0,16.492647692,0.0
22172,3.826735763,0.0,9.702781172,0.0
22173,16.471802076,0.0,159.378531185,0.0
22174,16.471802076,0.0,2.18843452,0.0
22175,16.471802076,0.0,15.245224461,0.0
22176,16.471802076,0.0,21.568777428,0.0
22177,16.471802076,0.0,6.56006233,0.0
22178,16.471802076,0.0,56.533506932,0.0
22179,16.471802076,0.0,10.135838774,0.0
22180,16.471802076,0.0,14.272640522,0.0
22181,64.419018463,0.0,271.31125928,0.0
22182,64.419018463,0.0,1206.595111947,0.0
22183,416.541829837,0.0,271.31125928,0.0
22184,416.541829837,0.0,397.413936069,0.0
22185,416.541829837,0.0,557.341013159,0.0
22186,416.541829837,0.0,22.442112908,0.0
22187,557.341013159,0.0,271.31125928,0.0
22188,557.341013159,0.0,416.541829837,0.0
22189,557.341013159,0.0,1206.595111947,0.0
22190,6.173098905,1.0,10.628219003,1.0
22191,6.173098905,1.0,14.344899689,1.0
22192,6.173098905,1.0,15.925449164,1.0
22193,6.173098905,1.0,20.838285529,1.0
22194,6.173098905,1.0,4.124741698,1.0
22195,6.173098905,1.0,29.457087968,1.0
22196,6.173098905,1.0,2.649064229,1.0
22197,6.173098905,1.0,3.970810804,1.0
22198,6.173098905,1.0,9.761304358,1.0
22199,6.173098905,1.0,3.00079294,1.0
22200,6.173098905,1.0,7.900750518,1.0
22201,6.173098905,1.0,5.526283878,0.0
22202,6.173098905,1.0,6.932955197,1.0
22203,3.970810804,1.0,10.628219003,1.0
22204,3.970810804,1.0,6.173098905,1.0
22205,3.970810804,1.0,14.344899689,1.0
22206,3.970810804,1.0,15.925449164,1.0
22207,3.970810804,1.0,20.838285529,1.0
22208,3.970810804,1.0,29.457087968,1.0
22209,8.552039371,0.0,14.344899689,1.0
22210,8.552039371,0.0,4.773145152,1.0
22211,8.552039371,0.0,61.033765457,0.0
22212,8.552039371,0.0,8.445477148,0.0
22213,35.503722327,1.0,14.344899689,1.0
22214,35.503722327,1.0,9.026109677,1.0
22215,35.503722327,1.0,10.123192269,1.0
22216,35.503722327,1.0,5.814209188,1.0
22217,35.503722327,1.0,2.271211233,1.0
22218,35.503722327,1.0,9.761304358,1.0
22219,35.503722327,1.0,19.142118001,1.0
22220,35.503722327,1.0,6.480753385,1.0
22221,35.503722327,1.0,10.9074083,1.0
22222,35.503722327,1.0,3.312311771,1.0
22223,35.503722327,1.0,12.835121545,1.0
22224,35.503722327,1.0,37.938945266,1.0
22225,35.503722327,1.0,35.190700103,1.0
22226,35.503722327,1.0,19.694973874,1.0
22227,35.503722327,1.0,16.732592538,1.0
22228,35.503722327,1.0,12.292862519,1.0
22229,11.740665257,1.0,20.838285529,1.0
22230,11.740665257,1.0,3.970810804,1.0
22231,2.401768348,1.0,20.838285529,1.0
22232,2.401768348,1.0,1.807864563,1.0
22233,2.401768348,1.0,6.120753644,1.0
22234,2.401768348,1.0,18.341066883,1.0
22235,2.401768348,1.0,13.574966657,1.0
22236,2.401768348,1.0,10.861725655,1.0
22237,2.401768348,1.0,10.198167248,1.0
22238,2.401768348,1.0,6.026101551,1.0
22239,6.932955197,1.0,29.457087968,1.0
22240,15.131499322,0.0,166.229730993,0.0
22241,2.330396578,1.0,14.930979187,1.0
22242,2.330396578,1.0,3.252543863,1.0
22243,2.330396578,1.0,4.753731003,1.0
22244,442.31224115,0.0,2.942608565,1.0
22245,442.31224115,0.0,16.746607955,1.0
22246,442.31224115,0.0,8.020350441,1.0
22247,442.31224115,0.0,29.064479699,1.0
22248,442.31224115,0.0,9.442750188,1.0
22249,442.31224115,0.0,7.228822587,1.0
22250,442.31224115,0.0,4.995556646,1.0
22251,0.5130403028,1.0,2.942608565,1.0
22252,0.5130403028,1.0,1.426097319,1.0
22253,0.5130403028,1.0,3.696128234,1.0
22254,0.5130403028,1.0,3.288067738,1.0
22255,0.5130403028,1.0,12.307254829,1.0
22256,0.5130403028,1.0,1.845319539,1.0
22257,0.5130403028,1.0,2.49253761,1.0
22258,0.5130403028,1.0,2.947136582,1.0
22259,4.330768674,1.0,2.942608565,1.0
22260,4.330768674,1.0,4.774561819,1.0
22261,5.445606096,1.0,2.942608565,1.0
22262,5.445606096,1.0,6.465810522,1.0
22263,5.445606096,1.0,6.181669579,1.0
22264,6.831887515,1.0,7.763450156,1.0
22265,6.831887515,1.0,9.515976293,1.0
22266,6.831887515,1.0,11.305962931,1.0
22267,6.831887515,1.0,2.271211233,1.0
22268,6.831887515,1.0,23.450551653,1.0
22269,6.831887515,1.0,0.6705666026,1.0
22270,6.831887515,1.0,6.415927604,1.0
22271,6.831887515,1.0,2.148455503,1.0
22272,6.831887515,1.0,1.400644306,1.0
22273,6.831887515,1.0,1.608127492,1.0
22274,4.638073325,1.0,27.334429574,1.0
22275,5.93995436,1.0,5.189647153,1.0
22276,5.93995436,1.0,41.790035293,1.0
22277,6.767312673,0.0,5.756985413,1.0
22278,6.531259874,0.0,5.756985413,1.0
22279,2.326080633,1.0,5.756985413,1.0
22280,2.326080633,1.0,11.305962931,1.0
22281,2.326080633,1.0,6.977362658,1.0
22282,2.326080633,1.0,18.00089822,1.0
22283,2.326080633,1.0,16.330971967,1.0
22284,2.326080633,1.0,3.287873652,1.0
22285,2.326080633,1.0,4.627303628,1.0
22286,2.326080633,1.0,5.257523475,1.0
22287,8.203202899,1.0,5.756985413,1.0
22288,7.662964114,1.0,8.495133609,1.0
22289,7.662964114,1.0,0.68947383,1.0
22290,7.662964114,1.0,3.181592814,1.0
22291,7.662964114,1.0,8.034464228,1.0
22292,0.9001109856,1.0,8.495133609,1.0
22293,0.9001109856,1.0,6.109671996,1.0
22294,0.9001109856,1.0,4.049552408,1.0
22295,0.9001109856,1.0,3.361155625,1.0
22296,59.53489806,0.0,16.746607955,1.0
22297,8.582386618,0.0,16.746607955,1.0
22298,0.818685155,1.0,2.726007976,1.0
22299,0.818685155,1.0,6.288576781,1.0
22300,41.637025084,0.0,7.662964114,1.0
22301,3.361155625,1.0,7.662964114,1.0
22302,3.361155625,1.0,2.326729959,1.0
22303,3.361155625,1.0,7.748182289,1.0
22304,3.361155625,1.0,0.4289517024,1.0
22305,3.361155625,1.0,3.457366474,1.0
22306,4.300773021,1.0,6.109671996,1.0
22307,4.300773021,1.0,2.345714065,1.0
22308,4.300773021,1.0,3.637886738,1.0
22309,4.300773021,1.0,4.829505682,1.0
22310,0.68947383,1.0,2.326729959,1.0
22311,0.68947383,1.0,2.982104604,1.0
22312,1.725025756,1.0,2.326729959,1.0
22313,3.24512057,1.0,2.326729959,1.0
22314,3.24512057,1.0,7.748182289,1.0
22315,3.24512057,1.0,45.854721033,1.0
22316,3.24512057,1.0,0.5816461023,1.0
22317,3.24512057,1.0,4.627303628,1.0
22318,1.44432899,1.0,23.163711763,1.0
22319,1.653570907,1.0,7.748182289,1.0
22320,1.653570907,1.0,14.467004793,1.0
22321,1.653570907,1.0,6.055020615,1.0
22322,1.653570907,1.0,4.046228683,1.0
22323,3.365340535,1.0,1.496756436,1.0
22324,2.780089607,1.0,9.515976293,1.0
22325,3.57961777,0.0,9.515976293,1.0
22326,2.162188053,0.0,9.515976293,1.0
22327,7.758727092,1.0,9.515976293,1.0
22328,7.758727092,1.0,10.349034039,1.0
22329,7.758727092,1.0,6.396409402,1.0
22330,7.758727092,1.0,5.105516935,1.0
22331,7.758727092,1.0,2.551878243,1.0
22332,7.758727092,1.0,7.360620477,1.0
22333,7.758727092,1.0,4.488847099,1.0
22334,7.758727092,1.0,7.491649438,1.0
22335,7.758727092,1.0,10.132620344,1.0
22336,7.758727092,1.0,10.397099174,1.0
22337,7.758727092,1.0,2.353871894,1.0
22338,0.459912733,1.0,9.515976293,1.0
22339,0.459912733,1.0,1.725025756,1.0
22340,1.922086858,1.0,8.078335378,1.0
22341,1.922086858,1.0,41.816248515,1.0
22342,1.922086858,1.0,8.123570646,1.0
22343,1.922086858,1.0,22.680958327,1.0
22344,1.922086858,1.0,3.331422192,1.0
22345,1.922086858,1.0,0.2951445344,1.0
22346,1.922086858,1.0,6.782565889,1.0
22347,1.922086858,1.0,14.040953069,1.0
22348,1.922086858,1.0,7.076362169,1.0
22349,1.922086858,1.0,5.506224572,1.0
22350,1.922086858,1.0,13.297675544,1.0
22351,1.922086858,1.0,12.715212237,1.0
22352,1.922086858,1.0,7.888433382,1.0
22353,1.922086858,1.0,6.254853155,1.0
22354,0.8773312192,1.0,2.747730392,1.0
22355,0.8773312192,1.0,4.049552408,1.0
22356,0.8773312192,1.0,1.113769575,1.0
22357,9.026109677,1.0,5.32825762,1.0
22358,9.026109677,1.0,5.93995436,1.0
22359,9.026109677,1.0,6.054163724,1.0
22360,9.026109677,1.0,7.454794161,1.0
22361,5.318928376,1.0,5.32825762,1.0
22362,5.318928376,1.0,10.123192269,1.0
22363,5.318928376,1.0,4.060263375,1.0
22364,5.318928376,1.0,4.984751974,1.0
22365,5.318928376,1.0,6.472934546,1.0
22366,5.318928376,1.0,7.454794161,1.0
22367,5.318928376,1.0,37.938945266,1.0
22368,5.318928376,1.0,8.061526394,1.0
22369,5.318928376,1.0,4.441750842,1.0
22370,5.318928376,1.0,5.02729186,1.0
22371,5.318928376,1.0,12.292862519,1.0
22372,5.32825762,1.0,15.611347975,1.0
22373,5.32825762,1.0,7.094763502,1.0
22374,5.32825762,1.0,4.245903096,1.0
22375,5.32825762,1.0,7.214621746,1.0
22376,5.32825762,1.0,10.116729733,1.0
22377,5.32825762,1.0,8.735817523,1.0
22378,5.32825762,1.0,14.998267347,1.0
22379,5.32825762,1.0,5.014749404,1.0
22380,5.32825762,1.0,10.123192269,1.0
22381,5.32825762,1.0,4.984751974,1.0
22382,5.32825762,1.0,4.56934201,1.0
22383,5.32825762,1.0,12.120044245,1.0
22384,5.32825762,1.0,7.454794161,1.0
22385,5.32825762,1.0,4.709903611,1.0
22386,5.32825762,1.0,10.006734416,1.0
22387,5.32825762,1.0,12.835121545,1.0
22388,5.32825762,1.0,8.094688499,1.0
22389,5.32825762,1.0,4.441750842,1.0
22390,5.32825762,1.0,6.084570855,1.0
22391,5.32825762,1.0,25.0116746,1.0
22392,8.148691521,1.0,15.611347975,1.0
22393,8.148691521,1.0,7.094763502,1.0
22394,8.148691521,1.0,7.214621746,1.0
22395,8.148691521,1.0,14.998267347,1.0
22396,8.148691521,1.0,10.123192269,1.0
22397,8.148691521,1.0,4.060263375,1.0
22398,8.148691521,1.0,11.863979571,1.0
22399,8.148691521,1.0,4.984751974,1.0
22400,8.148691521,1.0,6.472934546,1.0
22401,8.148691521,1.0,4.56934201,1.0
22402,8.148691521,1.0,12.120044245,1.0
22403,8.148691521,1.0,8.50266253,1.0
22404,8.148691521,1.0,4.709903611,1.0
22405,8.148691521,1.0,8.094688499,1.0
22406,8.148691521,1.0,6.084570855,1.0
22407,10.006734416,1.0,15.611347975,1.0
22408,10.006734416,1.0,7.094763502,1.0
22409,10.006734416,1.0,7.214621746,1.0
22410,10.006734416,1.0,10.116729733,1.0
22411,10.006734416,1.0,8.735817523,1.0
22412,10.006734416,1.0,10.123192269,1.0
22413,10.006734416,1.0,4.984751974,1.0
22414,10.006734416,1.0,35.503722327,1.0
22415,10.006734416,1.0,10.51791993,0.0
22416,10.006734416,1.0,7.879326678,1.0
22417,6.084570855,1.0,15.611347975,1.0
22418,6.084570855,1.0,7.094763502,1.0
22419,6.084570855,1.0,7.214621746,1.0
22420,6.084570855,1.0,14.998267347,1.0
22421,6.084570855,1.0,6.472934546,1.0
22422,6.084570855,1.0,4.56934201,1.0
22423,12.292862519,1.0,7.094763502,1.0
22424,12.292862519,1.0,11.863979571,1.0
22425,12.292862519,1.0,4.984751974,1.0
22426,12.292862519,1.0,6.472934546,1.0
22427,12.292862519,1.0,8.50266253,1.0
22428,12.292862519,1.0,3.297807408,1.0
22429,12.292862519,1.0,12.835121545,1.0
22430,12.292862519,1.0,37.938945266,1.0
22431,12.292862519,1.0,16.073363508,1.0
22432,12.292862519,1.0,19.694973874,1.0
22433,12.292862519,1.0,4.441750842,1.0
22434,12.292862519,1.0,5.02729186,1.0
22435,12.292862519,1.0,5.318928376,1.0
22436,15.109444709,1.0,16.219736768,1.0
22437,15.109444709,1.0,8.068554411,1.0
22438,6.055020615,1.0,6.288576781,1.0
22439,6.055020615,1.0,14.467004793,1.0
22440,6.055020615,1.0,1.341409792,1.0
22441,6.055020615,1.0,1.653570907,1.0
22442,6.055020615,1.0,4.988862425,1.0
22443,2.01488985,1.0,0.4289517024,1.0
22444,2.01488985,1.0,12.49292679,1.0
22445,2.01488985,1.0,18.521265883,1.0
22446,2.256347299,1.0,13.445185063,1.0
22447,0.182405511,1.0,13.445185063,1.0
22448,0.182405511,1.0,7.228822587,1.0
22449,0.182405511,1.0,1.82620263,1.0
22450,4.609049164,1.0,6.355023456,1.0
22451,4.609049164,1.0,16.979769685,1.0
22452,4.773145152,1.0,5.068988668,1.0
22453,4.773145152,1.0,3.855461904,1.0
22454,4.773145152,1.0,7.832158225,1.0
22455,4.773145152,1.0,5.97652199,1.0
22456,4.773145152,1.0,6.782565889,1.0
22457,4.773145152,1.0,7.469166361,1.0
22458,4.773145152,1.0,4.513045268,1.0
22459,4.773145152,1.0,3.73091468,1.0
22460,4.773145152,1.0,7.950666232,1.0
22461,4.773145152,1.0,7.659051738,1.0
22462,4.773145152,1.0,8.107437704,1.0
22463,4.773145152,1.0,10.235504409,1.0
22464,4.773145152,1.0,12.835121545,1.0
22465,4.773145152,1.0,14.597938965,1.0
22466,4.773145152,1.0,16.979769685,1.0
22467,4.773145152,1.0,15.293129274,1.0
22468,12.49292679,1.0,1.341409792,1.0
22469,12.49292679,1.0,5.034039929,1.0
22470,0.6579688451,1.0,49.330409711,1.0
22471,0.6579688451,1.0,3.101439572,1.0
22472,46.758580833,0.0,49.330409711,1.0
22473,8.358868309,1.0,3.267694974,1.0
22474,8.358868309,1.0,9.885977802,1.0
22475,4.327998862,1.0,6.141254356,1.0
22476,6.255009709,1.0,9.026109677,1.0
22477,6.054163724,1.0,9.026109677,1.0
22478,10.653092482,1.0,8.735817523,1.0
22479,10.653092482,1.0,7.165161717,1.0
22480,10.653092482,1.0,4.984751974,1.0
22481,10.653092482,1.0,19.142118001,1.0
22482,10.653092482,1.0,10.9074083,1.0
22483,10.653092482,1.0,3.312311771,1.0
22484,10.653092482,1.0,5.333459143,1.0
22485,10.653092482,1.0,4.177580885,1.0
22486,10.653092482,1.0,18.586858472,1.0
22487,10.653092482,1.0,10.235504409,1.0
22488,10.653092482,1.0,4.449113565,1.0
22489,10.653092482,1.0,16.073363508,1.0
22490,10.653092482,1.0,19.694973874,1.0
22491,10.653092482,1.0,16.732592538,1.0
22492,10.653092482,1.0,12.292862519,1.0
22493,219.744104511,0.0,431.836229461,0.0
22494,219.744104511,0.0,200.758132947,0.0
22495,219.744104511,0.0,56.944020036,0.0
22496,219.744104511,0.0,14.852888313,0.0
22497,0.6323481537,1.0,6.120753644,1.0
22498,3.191550099,1.0,6.120753644,1.0
22499,3.191550099,1.0,2.326080633,1.0
22500,3.191550099,1.0,7.253592044,1.0
22501,3.191550099,1.0,9.525955471,1.0
22502,3.191550099,1.0,18.00089822,1.0
22503,3.191550099,1.0,3.811754697,1.0
22504,3.191550099,1.0,6.816885683,1.0
22505,3.191550099,1.0,3.350238297,1.0
22506,3.191550099,1.0,5.894179482,1.0
22507,3.191550099,1.0,30.637355167,1.0
22508,3.191550099,1.0,18.855302324,1.0
22509,3.191550099,1.0,3.287873652,1.0
22510,3.191550099,1.0,1.280519931,1.0
22511,16.073363508,1.0,2.192416695,1.0
22512,16.073363508,1.0,4.060263375,1.0
22513,16.073363508,1.0,11.863979571,1.0
22514,16.073363508,1.0,33.569029236,1.0
22515,16.073363508,1.0,12.120044245,1.0
22516,16.073363508,1.0,6.480753385,1.0
22517,16.073363508,1.0,7.900750518,1.0
22518,16.073363508,1.0,8.094688499,1.0
22519,16.073363508,1.0,8.061526394,1.0
22520,16.073363508,1.0,6.169691432,1.0
22521,4.373284725,0.0,17.059242232,1.0
22522,4.373284725,0.0,4.229684425,0.0
22523,6.169691432,1.0,4.060263375,1.0
22524,6.169691432,1.0,37.938945266,1.0
22525,6.169691432,1.0,35.190700103,1.0
22526,6.169691432,1.0,7.207826876,1.0
22527,6.169691432,1.0,7.642199054,1.0
22528,6.169691432,1.0,35.503722327,1.0
22529,6.169691432,1.0,6.719969953,1.0
22530,4.196276383,1.0,4.060263375,1.0
22531,4.196276383,1.0,10.732081783,1.0
22532,4.196276383,1.0,7.207826876,1.0
22533,4.196276383,1.0,6.169691432,1.0
22534,7.954241052,1.0,6.696029248,1.0
22535,7.954241052,1.0,6.218754449,1.0
22536,7.954241052,1.0,38.515792955,1.0
22537,7.954241052,1.0,7.9903188,1.0
22538,7.954241052,1.0,8.070385649,1.0
22539,9.141805687,1.0,11.863979571,1.0
22540,9.141805687,1.0,6.472934546,1.0
22541,9.141805687,1.0,8.50266253,1.0
22542,9.141805687,1.0,6.903729822,1.0
22543,9.141805687,1.0,7.900750518,1.0
22544,9.141805687,1.0,4.177580885,1.0
22545,9.141805687,1.0,9.153441064,1.0
22546,9.141805687,1.0,37.938945266,1.0
22547,9.141805687,1.0,10.732081783,1.0
22548,9.141805687,1.0,16.073363508,1.0
22549,4.003663518,1.0,11.863979571,1.0
22550,4.003663518,1.0,7.832158225,1.0
22551,4.003663518,1.0,1.739619718,1.0
22552,4.003663518,1.0,3.72542787,1.0
22553,4.003663518,1.0,6.480753385,1.0
22554,4.003663518,1.0,7.900750518,1.0
22555,2.733967464,1.0,11.863979571,1.0
22556,2.733967464,1.0,4.56934201,1.0
22557,2.733967464,1.0,9.761304358,1.0
22558,2.733967464,1.0,7.454794161,1.0
22559,2.733967464,1.0,4.737651137,1.0
22560,2.733967464,1.0,4.709903611,1.0
22561,2.733967464,1.0,3.297807408,1.0
22562,2.733967464,1.0,19.142118001,1.0
22563,2.733967464,1.0,10.9074083,1.0
22564,7.455058179,1.0,11.863979571,1.0
22565,7.455058179,1.0,4.984751974,1.0
22566,7.455058179,1.0,4.737651137,1.0
22567,7.455058179,1.0,3.297807408,1.0
22568,7.455058179,1.0,19.142118001,1.0
22569,7.455058179,1.0,7.900750518,1.0
22570,8.167861668,1.0,15.776847279,1.0
22571,8.167861668,1.0,18.195908064,1.0
22572,2.482229293,1.0,15.776847279,1.0
22573,2.482229293,1.0,3.331422192,1.0
22574,4.494548996,1.0,15.776847279,1.0
22575,2.862854848,1.0,11.305962931,1.0
22576,2.862854848,1.0,23.450551653,1.0
22577,7.622568974,1.0,11.305962931,1.0
22578,7.622568974,1.0,4.818576649,1.0
22579,11.081644824,0.0,3.372868411,0.0
22580,11.081644824,0.0,5.000374071,0.0
22581,11.081644824,0.0,5.358211873,0.0
22582,11.081644824,0.0,4.167107991,0.0
22583,11.081644824,0.0,13.297675544,1.0
22584,11.081644824,0.0,3.750092612,0.0
22585,11.081644824,0.0,4.633611071,0.0
22586,11.081644824,0.0,3.034535035,0.0
22587,11.081644824,0.0,2.632581182,0.0
22588,11.081644824,0.0,4.339661826,0.0
22589,11.081644824,0.0,3.675921038,0.0
22590,11.081644824,0.0,3.038162754,0.0
22591,11.081644824,0.0,0.2010284956,0.0
22592,11.081644824,0.0,1.280519931,1.0
22593,11.081644824,0.0,8.225268379,0.0
22594,4.589062752,0.0,5.722009525,0.0
22595,4.589062752,0.0,9.722560875,0.0
22596,4.589062752,0.0,7.048802068,0.0
22597,4.589062752,0.0,1.706916885,0.0
22598,4.589062752,0.0,15.453245152,0.0
22599,4.589062752,0.0,7.989855372,0.0
22600,5.068988668,1.0,5.814209188,1.0
22601,5.068988668,1.0,16.986753427,1.0
22602,5.068988668,1.0,9.082305407,1.0
22603,5.068988668,1.0,7.469166361,1.0
22604,5.068988668,1.0,4.513045268,1.0
22605,5.068988668,1.0,7.950666232,1.0
22606,5.068988668,1.0,3.00079294,1.0
22607,5.068988668,1.0,6.903729822,1.0
22608,5.068988668,1.0,7.659051738,1.0
22609,5.068988668,1.0,8.107437704,1.0
22610,5.068988668,1.0,10.235504409,1.0
22611,5.068988668,1.0,16.979769685,1.0
22612,5.068988668,1.0,15.293129274,1.0
22613,5.068988668,1.0,21.17309223,1.0
22614,45.362363435,1.0,7.165161717,1.0
22615,45.362363435,1.0,7.659051738,1.0
22616,1.200808632,1.0,33.569029236,1.0
22617,1.200808632,1.0,6.086591474,1.0
22618,1.200808632,1.0,14.341366069,1.0
22619,1.200808632,1.0,6.963512648,1.0
22620,1.200808632,1.0,4.491154076,1.0
22621,1.200808632,1.0,10.198167248,1.0
22622,1.200808632,1.0,18.855302324,1.0
22623,1.200808632,1.0,3.378924377,1.0
22624,7.832158225,1.0,6.472934546,1.0
22625,7.832158225,1.0,1.739619718,1.0
22626,7.832158225,1.0,8.50266253,1.0
22627,7.832158225,1.0,4.737651137,1.0
22628,7.832158225,1.0,3.297807408,1.0
22629,7.832158225,1.0,10.9074083,1.0
22630,7.832158225,1.0,5.515849566,1.0
22631,7.832158225,1.0,4.177580885,1.0
22632,7.832158225,1.0,37.938945266,1.0
22633,7.832158225,1.0,4.196276383,1.0
22634,7.832158225,1.0,4.119021003,1.0
22635,6.182571409,1.0,18.996217281,1.0
22636,6.182571409,1.0,1.922086858,1.0
22637,1.893593655,1.0,18.996217281,1.0
22638,1.893593655,1.0,5.894179482,1.0
22639,1.893593655,1.0,4.140323188,1.0
22640,8.907896787,0.0,9.722560875,0.0
22641,8.907896787,0.0,1.906842655,0.0
22642,8.907896787,0.0,27.217773067,0.0
22643,6.577335652,1.0,2.271211233,1.0
22644,2.129998017,1.0,2.271211233,1.0
22645,5.173055758,1.0,3.288067738,1.0
22646,5.173055758,1.0,12.307254829,1.0
22647,5.173055758,1.0,7.036139984,1.0
22648,4.465242472,1.0,3.288067738,1.0
22649,107.837802675,1.0,19.806237448,1.0
22650,1.542591866,1.0,19.806237448,1.0
22651,1.542591866,1.0,1.280519931,1.0
22652,1.793332891,1.0,1.461947367,1.0
22653,1.793332891,1.0,7.228822587,1.0
22654,1.793332891,1.0,4.995556646,1.0
22655,1.793332891,1.0,12.509848057,0.0
22656,1.258199034,1.0,4.137506743,1.0
22657,9.646859125,1.0,12.120044245,1.0
22658,9.646859125,1.0,1.739619718,1.0
22659,9.646859125,1.0,14.341366069,1.0
22660,9.646859125,1.0,19.467428092,1.0
22661,7.642199054,1.0,12.120044245,1.0
22662,7.642199054,1.0,3.312311771,1.0
22663,7.642199054,1.0,6.169691432,1.0
22664,7.642199054,1.0,35.503722327,1.0
22665,10.464270693,1.0,6.086591474,1.0
22666,10.464270693,1.0,5.412612741,1.0
22667,10.464270693,1.0,14.040953069,1.0
22668,10.464270693,1.0,5.295070751,1.0
22669,10.464270693,1.0,1.200808632,1.0
22670,2.967376708,0.0,2.645715291,0.0
22671,2.967376708,0.0,14.212982833,0.0
22672,7.832676172,0.0,20.779723853,0.0
22673,3.83415969,0.0,0.4531609842,1.0
22674,0.7960980457,1.0,0.4531609842,1.0
22675,0.7960980457,1.0,5.127495891,0.0
22676,12.780643481,1.0,9.850920108,0.0
22677,12.780643481,1.0,3.767829505,1.0
22678,12.780643481,1.0,5.447870108,1.0
22679,12.780643481,1.0,4.140323188,1.0
22680,12.780643481,1.0,8.107437704,1.0
22681,12.780643481,1.0,8.995419211,1.0
22682,12.780643481,1.0,4.132035134,1.0
22683,12.780643481,1.0,11.725877229,1.0
22684,10.732081783,1.0,4.737651137,1.0
22685,10.732081783,1.0,37.938945266,1.0
22686,3.317045997,1.0,4.737651137,1.0
22687,3.317045997,1.0,2.844910971,1.0
22688,3.317045997,1.0,5.464767661,1.0
22689,7.165161717,1.0,19.142118001,1.0
22690,7.165161717,1.0,7.950666232,1.0
22691,7.165161717,1.0,4.177580885,1.0
22692,7.165161717,1.0,37.938945266,1.0
22693,7.165161717,1.0,8.094688499,1.0
22694,7.165161717,1.0,5.02729186,1.0
22695,2.844910971,1.0,19.142118001,1.0
22696,20.254360745,1.0,6.480753385,1.0
22697,20.254360745,1.0,3.317045997,1.0
22698,0.4760886682,1.0,18.00089822,1.0
22699,5.202418796,0.0,23.390458917,1.0
22700,2.827742565,1.0,5.506224572,1.0
22701,2.827742565,1.0,5.996384101,1.0
22702,5.978604117,1.0,13.574966657,1.0
22703,5.978604117,1.0,10.198167248,1.0
22704,234.432376398,0.0,239.708473812,0.0
22705,440.42180845,0.0,234.432376398,0.0
22706,104.267254928,0.0,440.42180845,0.0
22707,196.462795253,0.0,440.42180845,0.0
22708,10.079968615,1.0,7.659051738,1.0
22709,24.771189009,0.0,6.218754449,1.0
22710,24.771189009,0.0,5.538429016,1.0
22711,0.70448043,1.0,0.6330533371,1.0
22712,0.70448043,1.0,9.102690599,1.0
22713,5.800114647,1.0,18.99975294,1.0
22714,5.800114647,1.0,8.995419211,1.0
22715,5.800114647,1.0,6.205428816,1.0
22716,5.800114647,1.0,7.750732528,1.0
22717,5.800114647,1.0,5.648012104,1.0
22718,5.800114647,1.0,10.487538393,1.0
22719,5.800114647,1.0,12.023650799,1.0
22720,0.0991073772,1.0,3.836845692,1.0
22721,79.859969752,0.0,488.045805276,0.0
22722,5.099776649,1.0,2.49777588,1.0
22723,5.099776649,1.0,4.047135063,0.0
22724,5.099776649,1.0,3.238436483,1.0
22725,5.099776649,1.0,0.6705666026,1.0
22726,5.099776649,1.0,3.252543863,1.0
22727,5.099776649,1.0,1.608127492,1.0
22728,4.774561819,1.0,4.979689688,1.0
22729,4.774561819,1.0,3.321244134,1.0
22730,5.105359058,0.0,12.307254829,1.0
22731,0.6844692855,1.0,6.321361477,1.0
22732,13.511948517,1.0,5.099776649,1.0
22733,13.511948517,1.0,2.49253761,1.0
22734,6.035524854,1.0,0.7346031658,1.0
22735,0.5813426078,1.0,4.995556646,1.0
22736,0.5813426078,1.0,0.182405511,1.0
22737,0.7293728154,1.0,0.5813426078,1.0
22738,0.08093531078,1.0,3.252543863,1.0
22739,0.08093531078,1.0,10.397099174,1.0
22740,5.628119807,1.0,5.525326408,1.0
22741,1.20479175,1.0,7.098798777,1.0
22742,30.621988821,0.0,35.840505224,1.0
22743,6.465810522,1.0,5.691628813,1.0
22744,6.465810522,1.0,5.445606096,1.0
22745,7.386126656,0.0,13.060415693,0.0
22746,7.386126656,0.0,5.398148252,0.0
22747,9.702781172,0.0,13.060415693,0.0
22748,8.542290561,0.0,26.668067758,0.0
22749,8.542290561,0.0,26.359111832,0.0
22750,8.542290561,0.0,8.149136421,0.0
22751,8.542290561,0.0,11.035484247,0.0
22752,7.011299058,0.0,26.668067758,0.0
22753,7.011299058,0.0,20.051027715,0.0
22754,7.011299058,0.0,5.65764652,0.0
22755,7.011299058,0.0,5.526283878,0.0
22756,12.618480026,0.0,11.035484247,0.0
22757,12.618480026,0.0,12.564957342,0.0
22758,12.618480026,0.0,20.051027715,0.0
22759,12.618480026,0.0,7.011299058,0.0
22760,2.029639337,1.0,5.191074909,1.0
22761,11.907342196,0.0,338.294007794,0.0
22762,11.907342196,0.0,194.968671744,0.0
22763,13.251422888,0.0,338.294007794,0.0
22764,35.650950169,0.0,6.29389923,0.0
22765,35.650950169,0.0,5.096383561,1.0
22766,35.650950169,0.0,25.300091939,0.0
22767,35.650950169,0.0,5.384905224,0.0
22768,35.650950169,0.0,60.671648751,0.0
22769,35.650950169,0.0,13.787394976,0.0
22770,35.650950169,0.0,7.35481625,0.0
22771,35.650950169,0.0,15.079839516,0.0
22772,103.372507846,0.0,119.487949049,0.0
22773,103.372507846,0.0,1.890130271,0.0
22774,2.463996652,0.0,119.487949049,0.0
22775,2.463996652,0.0,38.140135476,0.0
22776,191.44042852,0.0,66.452671468,0.0
22777,191.44042852,0.0,37.833644643,0.0
22778,191.44042852,0.0,10.339191115,0.0
22779,11.048009561,0.0,342.381516812,0.0
22780,11.048009561,0.0,80.83711826,0.0
22781,4.000242049,0.0,1.535356158,0.0
22782,4.000242049,0.0,9.699717463,0.0
22783,4.000242049,0.0,3.414965479,0.0
22784,4.000242049,0.0,7.303226098,0.0
22785,4.832359692,0.0,1.535356158,0.0
22786,4.832359692,0.0,6.194873255,0.0
22787,27.348444479,0.0,2.430209341,0.0
22788,27.348444479,0.0,14.212982833,0.0
22789,27.348444479,0.0,7.885392656,0.0
22790,27.348444479,0.0,26.853872834,0.0
22791,1.293739933,1.0,2.430209341,0.0
22792,10.170720446,0.0,2.430209341,0.0
22793,10.170720446,0.0,11.45702789,0.0
22794,10.170720446,0.0,14.212982833,0.0
22795,10.170720446,0.0,6.288663898,0.0
22796,10.170720446,0.0,9.948752647,0.0
22797,10.170720446,0.0,17.99554838,0.0
22798,10.170720446,0.0,26.621552508,0.0
22799,10.170720446,0.0,22.969963088,0.0
22800,10.170720446,0.0,16.525821364,0.0
22801,10.170720446,0.0,26.853872834,0.0
22802,10.170720446,0.0,5.051028054,0.0
22803,10.170720446,0.0,10.639342998,0.0
22804,10.170720446,0.0,6.825253381,0.0
22805,10.170720446,0.0,1.358287671,0.0
22806,0.4177940082,0.0,6.288663898,0.0
22807,7.303226098,0.0,26.621552508,0.0
22808,7.303226098,0.0,9.699717463,0.0
22809,7.303226098,0.0,4.000242049,0.0
22810,7.303226098,0.0,137.59031023,0.0
22811,7.303226098,0.0,8.488299975,0.0
22812,2.989247699,0.0,16.525821364,0.0
22813,13.197508504,0.0,12.564957342,0.0
22814,13.197508504,0.0,20.051027715,0.0
22815,5.812994014,0.0,4.161394791,0.0
22816,2.715374743,0.0,5.083767503,0.0
22817,2.715374743,0.0,21.4673368,0.0
22818,2.715374743,0.0,4.111764885,0.0
22819,2.715374743,0.0,6.98091138,0.0
22820,2.715374743,0.0,6.070584145,0.0
22821,9.709070184,0.0,149.102088463,0.0
22822,0.1107685371,0.0,149.102088463,0.0
22823,11.108995661,0.0,4.798336531,0.0
22824,7.405767698,0.0,17.69454432,0.0
22825,13.106842677,0.0,25.471798052,0.0
22826,0.08309332275,0.0,25.471798052,0.0
22827,20.958528648,0.0,31.467421346,0.0
22828,5.346237419,0.0,7.99491551,0.0
22829,7.614948836,0.0,13.197508504,0.0
22830,0.9996754983,1.0,2.180251818,1.0
22831,0.9996754983,1.0,2.343248309,1.0
22832,0.9996754983,1.0,7.157709722,1.0
22833,0.9996754983,1.0,2.463370501,1.0
22834,4.401884122,1.0,2.343248309,1.0
22835,4.401884122,1.0,1.108762177,1.0
22836,0.8088300158,0.0,1.017767475,0.0
22837,6.448192852,1.0,12.780643481,1.0
22838,44.090783003,0.0,200.758132947,0.0
22839,44.090783003,0.0,89.541641099,0.0
22840,44.090783003,0.0,56.944020036,0.0
22841,44.090783003,0.0,254.171011634,0.0
22842,22.442112908,0.0,200.758132947,0.0
22843,22.442112908,0.0,199.214348059,0.0
22844,22.442112908,0.0,416.541829837,0.0
22845,22.442112908,0.0,90.539670359,0.0
22846,200.758132947,0.0,142.577437499,0.0
22847,200.758132947,0.0,168.957800602,0.0
22848,200.758132947,0.0,11.080285353,0.0
22849,200.758132947,0.0,254.171011634,0.0
22850,200.758132947,0.0,1059.529858947,0.0
22851,149.938983512,0.0,119.760184738,0.0
22852,149.938983512,0.0,261.950839358,0.0
22853,261.950839358,0.0,119.760184738,0.0
22854,261.950839358,0.0,238.67054637,0.0
22855,261.950839358,0.0,13.251422888,0.0
22856,89.541641099,0.0,225.253161587,0.0
22857,56.944020036,0.0,225.253161587,0.0
22858,56.944020036,0.0,397.413936069,0.0
22859,56.944020036,0.0,83.303030269,0.0
22860,14.852888313,0.0,89.541641099,0.0
22861,14.852888313,0.0,44.090783003,0.0
22862,14.852888313,0.0,56.944020036,0.0
22863,14.852888313,0.0,219.744104511,0.0
22864,14.852888313,0.0,263.837254908,0.0
22865,14.852888313,0.0,1154.453958246,0.0
22866,90.539670359,0.0,149.938983512,0.0
22867,90.539670359,0.0,252.252925485,0.0
22868,90.539670359,0.0,75.995791075,0.0
22869,377.709987806,0.0,298.031129773,0.0
22870,377.709987806,0.0,397.413936069,0.0
22871,377.709987806,0.0,12.581269289,0.0
22872,377.709987806,0.0,152.101757472,0.0
22873,377.709987806,0.0,90.539670359,0.0
22874,377.709987806,0.0,1154.453958246,0.0
22875,120.880528466,0.0,298.031129773,0.0
22876,120.880528466,0.0,199.214348059,0.0
22877,120.880528466,0.0,44.090783003,0.0
22878,238.67054637,0.0,261.950839358,0.0
22879,298.031129773,0.0,377.709987806,0.0
22880,298.031129773,0.0,152.101757472,0.0
22881,199.214348059,0.0,377.709987806,0.0
22882,199.214348059,0.0,397.413936069,0.0
22883,199.214348059,0.0,120.880528466,0.0
22884,199.214348059,0.0,16.807876026,0.0
22885,47.513079199,0.0,377.709987806,0.0
22886,47.513079199,0.0,44.090783003,0.0
22887,47.513079199,0.0,80.83711826,0.0
22888,47.513079199,0.0,219.744104511,0.0
22889,662.044333645,0.0,377.709987806,0.0
22890,662.044333645,0.0,397.413936069,0.0
22891,662.044333645,0.0,18.214782802,0.0
22892,662.044333645,0.0,22.442112908,0.0
22893,225.253161587,0.0,397.413936069,0.0
22894,225.253161587,0.0,199.214348059,0.0
22895,225.253161587,0.0,120.880528466,0.0
22896,22.965536048,0.0,397.413936069,0.0
22897,84.800448977,0.0,397.413936069,0.0
22898,84.800448977,0.0,18.214782802,0.0
22899,263.837254908,0.0,199.214348059,0.0
22900,152.101757472,0.0,12.967615671,0.0
22901,152.101757472,0.0,11.080285353,0.0
22902,152.101757472,0.0,12.581269289,0.0
22903,152.101757472,0.0,90.539670359,0.0
22904,152.101757472,0.0,263.837254908,0.0
22905,152.101757472,0.0,14.852888313,0.0
22906,80.83711826,0.0,252.252925485,0.0
22907,80.83711826,0.0,47.513079199,0.0
22908,80.83711826,0.0,11.048009561,0.0
22909,70.500151977,0.0,252.252925485,0.0
22910,12.967615671,0.0,194.968671744,0.0
22911,70.173503543,0.0,11.907342196,0.0
22912,252.252925485,0.0,44.090783003,0.0
22913,252.252925485,0.0,47.513079199,0.0
22914,252.252925485,0.0,14.852888313,0.0
22915,254.171011634,0.0,44.090783003,0.0
22916,254.171011634,0.0,105.90731252,0.0
22917,254.171011634,0.0,584.277713263,0.0
22918,254.171011634,0.0,7.040996912,0.0
22919,254.171011634,0.0,1154.453958246,0.0
22920,83.303030269,0.0,44.090783003,0.0
22921,83.303030269,0.0,219.744104511,0.0
22922,168.957800602,0.0,8.413725107,0.0
22923,431.836229461,0.0,47.513079199,0.0
22924,431.836229461,0.0,584.277713263,0.0
22925,431.836229461,0.0,1206.595111947,0.0
22926,119.760184738,0.0,219.744104511,0.0
22927,119.760184738,0.0,12.581269289,0.0
22928,119.760184738,0.0,254.171011634,0.0
22929,75.995791075,0.0,416.541829837,0.0
22930,18.214782802,0.0,152.101757472,0.0
22931,18.214782802,0.0,662.044333645,0.0
22932,18.214782802,0.0,1154.453958246,0.0
22933,105.90731252,0.0,254.171011634,0.0
22934,61.250976509,0.0,84.800448977,0.0
22935,61.250976509,0.0,105.90731252,0.0
22936,2.3077623,1.0,2.197170175,1.0
22937,0.6388509744,0.0,6.622420641,0.0
22938,0.6388509744,0.0,11.880284756,0.0
22939,0.6388509744,0.0,4.875011485,0.0
22940,0.6388509744,0.0,8.58105041,0.0
22941,0.6388509744,0.0,1.397456493,0.0
22942,0.6388509744,0.0,5.017394453,0.0
22943,0.6388509744,0.0,9.06126233,0.0
22944,0.6388509744,0.0,17.826140434,0.0
22945,4.596529154,0.0,6.622420641,0.0
22946,4.596529154,0.0,11.880284756,0.0
22947,4.596529154,0.0,16.145555989,0.0
22948,4.596529154,0.0,5.45868123,0.0
22949,1.397456493,0.0,6.622420641,0.0
22950,1.397456493,0.0,11.880284756,0.0
22951,1.397456493,0.0,76.793154575,0.0
22952,1.397456493,0.0,0.6388509744,0.0
22953,1.397456493,0.0,5.45868123,0.0
22954,1.397456493,0.0,5.017394453,0.0
22955,5.126636356,0.0,0.6387125027,0.0
22956,2.29377044,1.0,2.01488985,1.0
22957,2.29377044,1.0,28.141081071,0.0
22958,36.377250293,0.0,69.232611588,0.0
22959,3.826527393,0.0,69.232611588,0.0
22960,3.826527393,0.0,8.470417781,0.0
22961,8.289017468,0.0,69.232611588,0.0
22962,10.097082761,0.0,11.880284756,0.0
22963,10.097082761,0.0,11.33629242,0.0
22964,10.097082761,0.0,11.652743488,0.0
22965,10.097082761,0.0,6.450949175,0.0
22966,10.097082761,0.0,16.145555989,0.0
22967,10.097082761,0.0,60.671648751,0.0
22968,5.45868123,0.0,11.880284756,0.0
22969,5.45868123,0.0,16.145555989,0.0
22970,5.45868123,0.0,4.596529154,0.0
22971,5.45868123,0.0,5.384905224,0.0
22972,8.58105041,0.0,11.880284756,0.0
22973,9.699717463,0.0,6.194873255,0.0
22974,9.699717463,0.0,3.596921707,0.0
22975,9.699717463,0.0,6.941668823,0.0
22976,9.699717463,0.0,1.744693252,0.0
22977,3.414965479,0.0,6.194873255,0.0
22978,3.414965479,0.0,6.064148262,0.0
22979,6.064148262,0.0,6.194873255,0.0
22980,6.064148262,0.0,2.712361823,0.0
22981,6.064148262,0.0,7.303226098,0.0
22982,17.659636524,0.0,3.414965479,0.0
22983,17.659636524,0.0,6.064148262,0.0
22984,17.659636524,0.0,4.373284725,0.0
22985,3.596921707,0.0,6.941668823,0.0
22986,5.47079899,0.0,6.941668823,0.0
22987,5.47079899,0.0,7.303226098,0.0
22988,6.400933476,0.0,6.064148262,0.0
22989,6.309298779,0.0,4.000242049,0.0
22990,6.309298779,0.0,23.506272743,0.0
22991,4.834673745,0.0,6.309298779,0.0
22992,1.535356158,0.0,1.744693252,0.0
22993,1.535356158,0.0,137.59031023,0.0
22994,1.535356158,0.0,23.506272743,0.0
22995,1.535356158,0.0,0.4899681687,0.0
22996,1.535356158,0.0,8.488299975,0.0
22997,77.84684047,0.0,137.59031023,0.0
22998,0.3839085201,0.0,137.59031023,0.0
22999,6.154654363,1.0,12.715301257,1.0
23000,3.873068613,1.0,3.563910588,0.0
23001,3.873068613,1.0,9.565858774,1.0
23002,6.141254356,1.0,1.44432899,1.0
23003,2.353871894,1.0,3.181592814,1.0
23004,2.353871894,1.0,7.491649438,1.0
23005,313.710218356,0.0,1.890130271,0.0
23006,313.710218356,0.0,309.194781773,0.0
23007,313.710218356,0.0,277.585920843,0.0
23008,13.644794574,0.0,1.890130271,0.0
23009,13.644794574,0.0,52.231991782,0.0
23010,0.206800688,0.0,20.136835894,0.0
23011,0.206800688,0.0,6.438595094,1.0
23012,9612.297178916,0.0,470.241098981,0.0
23013,9612.297178916,0.0,709.349799474,0.0
23014,9612.297178916,0.0,514.88675289,0.0
23015,9612.297178916,0.0,286.642528194,0.0
23016,9612.297178916,0.0,1206.595111947,0.0
23017,126.833800718,0.0,470.241098981,0.0
23018,268.404969498,0.0,470.241098981,0.0
23019,268.404969498,0.0,722.044440703,0.0
23020,268.404969498,0.0,514.88675289,0.0
23021,268.404969498,0.0,323.219537363,0.0
23022,268.404969498,0.0,286.642528194,0.0
23023,268.404969498,0.0,683.066143221,0.0
23024,268.404969498,0.0,273.088928052,0.0
23025,268.404969498,0.0,498.63902062,0.0
23026,0.1216031044,0.0,37.890329456,0.0
23027,3165.066767314,0.0,37.890329456,0.0
23028,3165.066767314,0.0,3134.193283595,0.0
23029,0.4531609842,1.0,4.109783623,1.0
23030,6.163735873,0.0,2.974097543,0.0
23031,6.163735873,0.0,4.347723095,0.0
23032,6.163735873,0.0,8.124643817,0.0
23033,6.163735873,0.0,10.332495951,0.0
23034,9.300128828,0.0,2.974097543,0.0
23035,9.300128828,0.0,12.243266997,0.0
23036,9.300128828,0.0,6.163735873,0.0
23037,9.300128828,0.0,4.336179209,0.0
23038,2.16721013,0.0,2.974097543,0.0
23039,2.16721013,0.0,4.347723095,0.0
23040,2.16721013,0.0,10.332495951,0.0
23041,10.332495951,0.0,2.974097543,0.0
23042,10.332495951,0.0,2.16721013,0.0
23043,10.332495951,0.0,4.347723095,0.0
23044,6.708048957,0.0,13.520252971,0.0
23045,6.708048957,0.0,5.438826504,0.0
23046,6.708048957,0.0,3.603196416,0.0
23047,6.708048957,0.0,6.878773101,0.0
23048,27.393799702,0.0,13.520252971,0.0
23049,27.393799702,0.0,4.347723095,0.0
23050,27.393799702,0.0,8.124643817,0.0
23051,27.393799702,0.0,22.79047831,0.0
23052,3.603196416,0.0,13.520252971,0.0
23053,3.603196416,0.0,3.985772279,0.0
23054,3.603196416,0.0,6.878773101,0.0
23055,8.124643817,0.0,13.520252971,0.0
23056,8.124643817,0.0,6.708048957,0.0
23057,8.124643817,0.0,6.163735873,0.0
23058,8.124643817,0.0,3.603196416,0.0
23059,13.520252971,0.0,5.438826504,0.0
23060,13.520252971,0.0,6.708048957,0.0
23061,13.520252971,0.0,9.300128828,0.0
23062,13.520252971,0.0,27.393799702,0.0
23063,13.520252971,0.0,3.603196416,0.0
23064,5.438826504,0.0,6.708048957,0.0
23065,5.438826504,0.0,3.603196416,0.0
23066,22.79047831,0.0,12.243266997,0.0
23067,22.79047831,0.0,24.116063919,0.0
23068,4.336179209,0.0,6.163735873,0.0
23069,4.336179209,0.0,6.878773101,0.0
23070,4.336179209,0.0,12.087495928,0.0
23071,4.336179209,0.0,8.124643817,0.0
23072,12.087495928,0.0,6.163735873,0.0
23073,12.087495928,0.0,4.336179209,0.0
23074,12.087495928,0.0,24.116063919,0.0
23075,4.261774616,0.0,9.300128828,0.0
23076,4.261774616,0.0,27.393799702,0.0
23077,2.974097543,0.0,2.16721013,0.0
23078,2.974097543,0.0,27.393799702,0.0
23079,2.974097543,0.0,8.124643817,0.0
23080,18.14191362,0.0,27.393799702,0.0
23081,4.347723095,0.0,27.393799702,0.0
23082,4.347723095,0.0,8.124643817,0.0
23083,4.347723095,0.0,10.332495951,0.0
23084,3.985772279,0.0,22.753721881,0.0
23085,1.706200878,0.0,0.768314507,0.0
23086,12.243266997,0.0,12.087495928,0.0
23087,12.243266997,0.0,11.108995661,0.0
23088,488.045805276,0.0,79.859969752,0.0
23089,32.024145794,0.0,28.060307817,0.0
23090,32.024145794,0.0,2.463996652,0.0
23091,32.024145794,0.0,38.140135476,0.0
23092,32.024145794,0.0,7.811655997,0.0
23093,32.024145794,0.0,11.33629242,0.0
23094,32.024145794,0.0,20.196953428,0.0
23095,32.024145794,0.0,15.587565804,0.0
23096,32.024145794,0.0,3.233513664,0.0
23097,32.024145794,0.0,40.285760316,0.0
23098,32.024145794,0.0,9.790565657,0.0
23099,32.024145794,0.0,12.4302957,0.0
23100,32.024145794,0.0,9.332965559,0.0
23101,32.024145794,0.0,4.109453882,0.0
23102,32.024145794,0.0,10.097082761,0.0
23103,32.024145794,0.0,4.928983171,0.0
23104,32.024145794,0.0,9.52561857,0.0
23105,32.024145794,0.0,4035.268876807,0.0
23106,32.024145794,0.0,8.366137565,0.0
23107,32.024145794,0.0,2.372317337,0.0
23108,1.744693252,0.0,23.506272743,0.0
23109,1.744693252,0.0,7.303226098,0.0
23110,1.744693252,0.0,28.474353554,0.0
23111,11.105295423,0.0,76.793154575,0.0
23112,38.052727677,0.0,584.277713263,0.0
23113,141.324446947,0.0,584.277713263,0.0
23114,141.324446947,0.0,3.992486191,0.0
23115,7.418637724,0.0,24.754488077,0.0
23116,24.754488077,0.0,7.418637724,0.0
23117,683.066143221,0.0,709.349799474,0.0
23118,683.066143221,0.0,722.044440703,0.0
23119,683.066143221,0.0,514.88675289,0.0
23120,683.066143221,0.0,323.219537363,0.0
23121,683.066143221,0.0,286.642528194,0.0
23122,683.066143221,0.0,268.404969498,0.0
23123,683.066143221,0.0,273.088928052,0.0
23124,683.066143221,0.0,1386.667162673,0.0
23125,683.066143221,0.0,457.843540119,0.0
23126,683.066143221,0.0,498.63902062,0.0
23127,3.949528024,1.0,3.738174695,1.0
23128,3.949528024,1.0,14.597938965,1.0
23129,5.333559156,1.0,3.738174695,1.0
23130,5.333559156,1.0,5.450804765,1.0
23131,5.333559156,1.0,3.764193323,1.0
23132,310.432760852,0.0,5.815183049,1.0
23133,1.763679082,1.0,1.905334304,1.0
23134,0.1335456021,0.0,19.845513323,1.0
23135,3.882947865,0.0,12.369059504,0.0
23136,2.505496827,0.0,6.90885779,0.0
23137,5.152570269,1.0,4.028661097,1.0
23138,39.337390128,1.0,6.157002041,1.0
23139,6.157002041,1.0,5.152570269,1.0
23140,14.594608557,1.0,4.879776541,1.0
23141,4.132035134,1.0,3.377005766,1.0
23142,3.377005766,1.0,6.448192852,1.0
23143,9.102690599,1.0,0.70448043,1.0
23144,9.102690599,1.0,6.518663768,0.0
23145,4.965605356,0.0,2.715374743,0.0
23146,514.88675289,0.0,722.044440703,0.0
23147,514.88675289,0.0,323.219537363,0.0
23148,514.88675289,0.0,286.642528194,0.0
23149,514.88675289,0.0,683.066143221,0.0
23150,514.88675289,0.0,268.404969498,0.0
23151,514.88675289,0.0,273.088928052,0.0
23152,514.88675289,0.0,498.63902062,0.0
23153,514.88675289,0.0,409.512088419,0.0
23154,273.088928052,0.0,722.044440703,0.0
23155,273.088928052,0.0,514.88675289,0.0
23156,273.088928052,0.0,286.642528194,0.0
23157,273.088928052,0.0,268.404969498,0.0
23158,273.088928052,0.0,1386.667162673,0.0
23159,273.088928052,0.0,498.63902062,0.0
23160,273.088928052,0.0,409.512088419,0.0
23161,498.63902062,0.0,722.044440703,0.0
23162,498.63902062,0.0,514.88675289,0.0
23163,498.63902062,0.0,323.219537363,0.0
23164,498.63902062,0.0,683.066143221,0.0
23165,498.63902062,0.0,268.404969498,0.0
23166,498.63902062,0.0,273.088928052,0.0
23167,498.63902062,0.0,1386.667162673,0.0
23168,498.63902062,0.0,457.843540119,0.0
23169,722.044440703,0.0,514.88675289,0.0
23170,722.044440703,0.0,323.219537363,0.0
23171,722.044440703,0.0,286.642528194,0.0
23172,722.044440703,0.0,683.066143221,0.0
23173,722.044440703,0.0,268.404969498,0.0
23174,722.044440703,0.0,273.088928052,0.0
23175,722.044440703,0.0,1386.667162673,0.0
23176,722.044440703,0.0,457.843540119,0.0
23177,722.044440703,0.0,498.63902062,0.0
23178,1386.667162673,0.0,514.88675289,0.0
23179,1386.667162673,0.0,683.066143221,0.0
23180,1386.667162673,0.0,268.404969498,0.0
23181,1386.667162673,0.0,457.843540119,0.0
23182,1386.667162673,0.0,498.63902062,0.0
23183,409.512088419,0.0,514.88675289,0.0
23184,409.512088419,0.0,323.219537363,0.0
23185,409.512088419,0.0,286.642528194,0.0
23186,409.512088419,0.0,683.066143221,0.0
23187,457.843540119,0.0,323.219537363,0.0
23188,457.843540119,0.0,683.066143221,0.0
23189,457.843540119,0.0,1386.667162673,0.0
23190,457.843540119,0.0,498.63902062,0.0
23191,0.6877712514,0.0,60.547022425,0.0
23192,0.58262609,0.0,1.692267602,1.0
23193,8.816941363,1.0,1.692267602,1.0
23194,8.816941363,1.0,0.7796278929,1.0
23195,4.701139146,1.0,112.099655851,1.0
23196,37.890329456,0.0,3165.066767314,0.0
23197,3134.193283595,0.0,3165.066767314,0.0
23198,10.815113086,0.0,3165.066767314,0.0
23199,0.768314507,0.0,0.9699137123,0.0
23200,0.5358451426,0.0,1.763836389,0.0
23201,1.108762177,1.0,2.948468315,1.0
23202,2.180251818,1.0,4.401884122,1.0
23203,2.66868618,0.0,9.806029991,0.0
23204,31.803689946,0.0,61.033765457,0.0
23205,31.803689946,0.0,10.51791993,0.0
23206,5.216691528,0.0,61.033765457,0.0
23207,5.216691528,0.0,28.141081071,0.0
23208,5.216691528,0.0,27.455093588,0.0
23209,5.419271457,0.0,61.033765457,0.0
23210,2.999128797,0.0,61.033765457,0.0
23211,24.116063919,0.0,61.033765457,0.0
23212,0.0622393014,1.0,12.715212237,1.0
23213,0.0622393014,1.0,21.17309223,1.0
23214,12.369059504,0.0,8.488299975,0.0
23215,15.587565804,0.0,7.811655997,0.0
23216,15.587565804,0.0,11.33629242,0.0
23217,15.587565804,0.0,11.652743488,0.0
23218,15.587565804,0.0,40.285760316,0.0
23219,15.587565804,0.0,29.635776156,0.0
23220,15.587565804,0.0,32.024145794,0.0
23221,15.587565804,0.0,9.332965559,0.0
23222,15.587565804,0.0,4.109453882,0.0
23223,15.587565804,0.0,9.52561857,0.0
23224,11.652743488,0.0,7.811655997,0.0
23225,11.652743488,0.0,3.233513664,0.0
23226,11.652743488,0.0,32.024145794,0.0
23227,11.652743488,0.0,12.4302957,0.0
23228,3.233513664,0.0,7.811655997,0.0
23229,3.233513664,0.0,11.33629242,0.0
23230,3.233513664,0.0,11.652743488,0.0
23231,3.233513664,0.0,30.267620784,0.0
23232,3.233513664,0.0,9.790565657,0.0
23233,3.233513664,0.0,32.024145794,0.0
23234,3.233513664,0.0,12.4302957,0.0
23235,3.233513664,0.0,6.092862443,0.0
23236,3.233513664,0.0,4.109453882,0.0
23237,3.233513664,0.0,10.266351127,0.0
23238,3.233513664,0.0,59.476776908,0.0
23239,3.233513664,0.0,6.450949175,0.0
23240,12.4302957,0.0,7.811655997,0.0
23241,12.4302957,0.0,11.33629242,0.0
23242,12.4302957,0.0,15.587565804,0.0
23243,12.4302957,0.0,11.652743488,0.0
23244,12.4302957,0.0,40.285760316,0.0
23245,12.4302957,0.0,9.790565657,0.0
23246,12.4302957,0.0,32.024145794,0.0
23247,9.332965559,0.0,7.811655997,0.0
23248,9.332965559,0.0,40.285760316,0.0
23249,9.332965559,0.0,10.266351127,0.0
23250,9.332965559,0.0,10.097082761,0.0
23251,9.332965559,0.0,59.476776908,0.0
23252,40.285760316,0.0,11.33629242,0.0
23253,40.285760316,0.0,11.976614185,0.0
23254,40.285760316,0.0,12.4302957,0.0
23255,40.285760316,0.0,59.476776908,0.0
23256,40.285760316,0.0,4035.268876807,0.0
23257,9.52561857,0.0,11.33629242,0.0
23258,9.52561857,0.0,15.587565804,0.0
23259,9.52561857,0.0,29.635776156,0.0
23260,9.52561857,0.0,32.024145794,0.0
23261,9.52561857,0.0,9.332965559,0.0
23262,9.52561857,0.0,6.450949175,0.0
23263,9.52561857,0.0,6.201315528,0.0
23264,9.52561857,0.0,203.882085645,0.0
23265,9.790565657,0.0,20.196953428,0.0
23266,9.790565657,0.0,2.411249279,0.0
23267,9.790565657,0.0,32.024145794,0.0
23268,9.790565657,0.0,6.092862443,0.0
23269,9.790565657,0.0,59.476776908,0.0
23270,9.790565657,0.0,6.450949175,0.0
23271,9.790565657,0.0,9.52561857,0.0
23272,62.849681791,0.0,20.196953428,0.0
23273,62.849681791,0.0,15.587565804,0.0
23274,62.849681791,0.0,59.476776908,0.0
23275,10.266351127,0.0,15.587565804,0.0
23276,10.266351127,0.0,3.233513664,0.0
23277,10.266351127,0.0,9.790565657,0.0
23278,10.266351127,0.0,9.52561857,0.0
23279,2.372317337,0.0,15.587565804,0.0
23280,11.33629242,0.0,3.233513664,0.0
23281,11.33629242,0.0,40.285760316,0.0
23282,11.33629242,0.0,32.024145794,0.0
23283,11.33629242,0.0,12.4302957,0.0
23284,11.33629242,0.0,9.332965559,0.0
23285,11.33629242,0.0,10.266351127,0.0
23286,11.33629242,0.0,4.928983171,0.0
23287,29.635776156,0.0,3.233513664,0.0
23288,29.635776156,0.0,8.216658628,0.0
23289,29.635776156,0.0,3.371927239,0.0
23290,29.635776156,0.0,59.476776908,0.0
23291,29.635776156,0.0,62.849681791,0.0
23292,29.635776156,0.0,9.52561857,0.0
23293,11.976614185,0.0,40.285760316,0.0
23294,30.267620784,0.0,29.635776156,0.0
23295,8.216658628,0.0,29.635776156,0.0
23296,8.216658628,0.0,3.371927239,0.0
23297,8.216658628,0.0,59.476776908,0.0
23298,2.411249279,0.0,9.790565657,0.0
23299,2.411249279,0.0,32.024145794,0.0
23300,2.411249279,0.0,6.092862443,0.0
23301,2.411249279,0.0,6.450949175,0.0
23302,6.092862443,0.0,9.790565657,0.0
23303,6.092862443,0.0,6.450949175,0.0
23304,6.092862443,0.0,9.52561857,0.0
23305,4.928983171,0.0,9.790565657,0.0
23306,4.928983171,0.0,9.52561857,0.0
23307,6.201315528,0.0,2.411249279,0.0
23308,6.201315528,0.0,32.024145794,0.0
23309,6.201315528,0.0,6.450949175,0.0
23310,8.366137565,0.0,9.332965559,0.0
23311,25.300091939,0.0,10.266351127,0.0
23312,25.300091939,0.0,35.650950169,0.0
23313,25.300091939,0.0,5.384905224,0.0
23314,25.300091939,0.0,60.671648751,0.0
23315,25.300091939,0.0,7.35481625,0.0
23316,60.671648751,0.0,10.097082761,0.0
23317,60.671648751,0.0,9.52561857,0.0
23318,60.671648751,0.0,35.650950169,0.0
23319,60.671648751,0.0,25.300091939,0.0
23320,60.671648751,0.0,5.384905224,0.0
23321,60.671648751,0.0,13.787394976,0.0
23322,60.671648751,0.0,7.35481625,0.0
23323,42.366921432,0.0,214.699618227,0.0
23324,42.366921432,0.0,9.06126233,0.0
23325,203.882085645,0.0,9.52561857,0.0
23326,0.122436619,0.0,6.026101551,1.0
23327,2.933391683,1.0,24.65499671,1.0
23328,2.933391683,1.0,6.208512798,1.0
23329,3.780783189,1.0,24.65499671,1.0
23330,4.405284393,1.0,24.65499671,1.0
23331,3.369193688,0.0,3.287873652,1.0
23332,309.194781773,0.0,313.710218356,0.0
23333,309.194781773,0.0,277.585920843,0.0
23334,277.585920843,0.0,313.710218356,0.0
23335,277.585920843,0.0,309.194781773,0.0
23336,198.213142267,0.0,1206.595111947,0.0
23337,5.017394453,0.0,0.6388509744,0.0
23338,5.017394453,0.0,17.826140434,0.0
23339,5.384905224,0.0,5.45868123,0.0
23340,5.384905224,0.0,35.650950169,0.0
23341,5.384905224,0.0,25.300091939,0.0
23342,5.384905224,0.0,60.671648751,0.0
23343,5.384905224,0.0,13.787394976,0.0
23344,10.748929206,0.0,10.749179794,0.0
23345,10.749179794,0.0,1.397456493,0.0
23346,5.962928218,1.0,4.627303628,1.0
23347,5.90562304,1.0,19.467428092,1.0
23348,142.577437499,0.0,16.807876026,0.0
23349,1.013024892,0.0,10.51791993,0.0
23350,11.166607992,0.0,5.257523475,1.0
23351,41.676782262,0.0,110.667774495,0.0
23352,8.762733745,0.0,110.667774495,0.0
23353,93.774140871,0.0,12.942360677,0.0
23354,10.278703297,0.0,8.149810633,0.0
23355,10.278703297,0.0,5.995095603,0.0
23356,4.043467304,0.0,32.512744515,0.0
23357,7.949097095,0.0,56.533506932,0.0
23358,2.51585858,0.0,56.533506932,0.0
23359,2.51585858,0.0,10.135838774,0.0
23360,1.918793022,1.0,10.056347203,1.0
23361,5.747071472,0.0,10.132620344,1.0
23362,4.410578543,0.0,2.63157566,0.0
23363,6.855343951,0.0,1.455553639,1.0
23364,4.79319344,1.0,6.471533214,1.0
23365,5.754331368,1.0,6.471533214,1.0
23366,2.045388125,1.0,3.952164526,1.0
23367,0.628537223,1.0,6.008748456,1.0
23368,2.413486533,1.0,9.565858774,1.0
23369,12.096053824,1.0,9.565858774,1.0
23370,12.096053824,1.0,15.293129274,1.0
23371,56.755315527,0.0,123.680292882,0.0
23372,2.119665992,1.0,205.461120806,1.0
23373,2.119665992,1.0,1.20479175,1.0
23374,1.292826324,1.0,0.7960980457,1.0
23375,9.127111945,1.0,2.301450275,1.0
23376,52.231991782,0.0,13.644794574,0.0
23377,2829.735120787,0.0,382.041637174,0.0
23378,0.6264059583,0.0,2.175217018,0.0
23379,2.75363561,1.0,8.816941363,1.0
23380,0.7796278929,1.0,8.816941363,1.0
23381,6.208678509,1.0,5.841554237,1.0
23382,1909.930462797,0.0,698.965974863,0.0
23383,3.470926565,0.0,0.5358451426,0.0
23384,1.733034983,1.0,2.463370501,1.0
23385,3.992486191,0.0,141.324446947,0.0
23386,24.224007493,1.0,4.235720324,1.0
23387,1.893540935,1.0,24.224007493,1.0
23388,698.965974863,0.0,1909.930462797,0.0
23389,6.430427326,1.0,3.520084103,1.0
23390,5.639968198,1.0,3.520084103,1.0
23391,5.639968198,1.0,4.609049164,1.0
23392,13.787394976,0.0,35.650950169,0.0
23393,13.787394976,0.0,5.384905224,0.0
23394,13.787394976,0.0,60.671648751,0.0
23395,7.35481625,0.0,35.650950169,0.0
23396,7.35481625,0.0,25.300091939,0.0
23397,7.35481625,0.0,60.671648751,0.0
23398,7.35481625,0.0,13.787394976,0.0
23399,5.464767661,1.0,20.254360745,1.0
23400,8.10564142,0.0,15.492904513,0.0
23401,8.10564142,0.0,26.955898855,0.0
23402,8.10564142,0.0,6.719248284,0.0
23403,26.955898855,0.0,15.492904513,0.0
23404,26.955898855,0.0,6.719248284,0.0
23405,15.492904513,0.0,6.719248284,0.0
23406,15.079839516,0.0,7.35481625,0.0
23407,12.451399735,0.0,5.445606096,1.0
23408,4.028661097,1.0,5.445606096,1.0
23409,645.521615761,0.0,1568.432632561,0.0
23410,5.841554237,1.0,1.556248334,1.0
23411,5.218558112,0.0,2.055126862,0.0
23412,2.055126862,0.0,8.110253395,0.0
23413,11.080285353,0.0,1059.529858947,0.0
23414,3.503528274,0.0,8.452622339,1.0
23415,6.854782535,1.0,8.452622339,1.0
23416,0.9400717231,0.0,4.262285822,1.0
23417,23.927254061,0.0,4.494548996,1.0
